Country,week,Alpha.count,Delta.count,Gamma.count,Lambda.count,Mu.count,Others.count,total.count,Alpha.prop,Delta.prop,Gamma.prop,Lambda.prop,Mu.prop,Others.prop
Argentina,2020-11-01,0,0,0,0,0,33,33,0,0,0,0,0,1
Argentina,2020-11-08,0,1,0,1,0,24,26,0,0.0384615384615385,0,0.0384615384615385,0,0.923076923076923
Argentina,2020-11-15,0,0,0,0,0,39,39,0,0,0,0,0,1
Argentina,2020-11-22,0,0,0,0,0,37,37,0,0,0,0,0,1
Argentina,2020-11-29,0,0,0,0,0,32,32,0,0,0,0,0,1
Argentina,2020-12-06,0,0,0,0,0,28,28,0,0,0,0,0,1
Argentina,2020-12-13,0,0,0,0,0,94,94,0,0,0,0,0,1
Argentina,2020-12-20,0,0,0,0,0,98,98,0,0,0,0,0,1
Argentina,2020-12-27,0,0,0,0,0,82,82,0,0,0,0,0,1
Argentina,2021-01-03,0,0,0,0,0,132,132,0,0,0,0,0,1
Argentina,2021-01-10,0,0,0,0,0,99,99,0,0,0,0,0,1
Argentina,2021-01-17,0,0,0,1,0,68,69,0,0,0,0.0144927536231884,0,0.985507246376812
Argentina,2021-01-24,0,0,0,0,0,56,56,0,0,0,0,0,1
Argentina,2021-01-31,2,0,0,1,0,61,64,0.03125,0,0,0.015625,0,0.953125
Argentina,2021-02-07,0,0,1,0,0,74,75,0,0,0.0133333333333333,0,0,0.986666666666667
Argentina,2021-02-14,0,0,0,2,0,76,78,0,0,0,0.0256410256410256,0,0.974358974358974
Argentina,2021-02-21,0,0,1,0,0,87,88,0,0,0.0113636363636364,0,0,0.988636363636364
Argentina,2021-02-28,4,1,4,2,0,142,153,0.0261437908496732,0.0065359477124183,0.0261437908496732,0.0130718954248366,0,0.928104575163399
Argentina,2021-03-07,6,0,1,4,0,155,166,0.036144578313253,0,0.00602409638554217,0.0240963855421687,0,0.933734939759036
Argentina,2021-03-14,11,0,10,5,0,166,192,0.0572916666666667,0,0.0520833333333333,0.0260416666666667,0,0.864583333333333
Argentina,2021-03-21,18,0,17,14,0,200,249,0.072289156626506,0,0.0682730923694779,0.0562248995983936,0,0.803212851405622
Argentina,2021-03-28,8,0,23,9,0,177,217,0.0368663594470046,0,0.105990783410138,0.0414746543778802,0,0.815668202764977
Argentina,2021-04-04,14,0,45,32,0,233,324,0.0432098765432099,0,0.138888888888889,0.0987654320987654,0,0.719135802469136
Argentina,2021-04-11,24,0,47,16,0,250,337,0.0712166172106825,0,0.13946587537092,0.0474777448071217,0,0.741839762611276
Argentina,2021-04-18,27,0,78,40,0,212,357,0.0756302521008403,0,0.218487394957983,0.112044817927171,0,0.593837535014006
Argentina,2021-04-25,17,0,53,19,1,123,213,0.07981220657277,0,0.248826291079812,0.0892018779342723,0.00469483568075117,0.577464788732394
Argentina,2021-05-02,16,0,79,31,0,105,231,0.0692640692640693,0,0.341991341991342,0.134199134199134,0,0.454545454545455
Argentina,2021-05-09,21,0,100,25,0,159,305,0.0688524590163934,0,0.327868852459016,0.0819672131147541,0,0.521311475409836
Argentina,2021-05-16,20,0,94,25,0,199,338,0.0591715976331361,0,0.27810650887574,0.0739644970414201,0,0.588757396449704
Argentina,2021-05-23,16,0,88,51,0,135,290,0.0551724137931034,0,0.303448275862069,0.175862068965517,0,0.46551724137931
Argentina,2021-05-30,20,1,116,47,0,171,355,0.0563380281690141,0.0028169014084507,0.326760563380282,0.132394366197183,0,0.48169014084507
Argentina,2021-06-06,17,0,140,43,0,179,379,0.0448548812664908,0,0.369393139841689,0.113456464379947,0,0.472295514511873
Argentina,2021-06-13,18,0,137,43,0,96,294,0.0612244897959184,0,0.465986394557823,0.146258503401361,0,0.326530612244898
Argentina,2021-06-20,18,2,128,41,0,102,291,0.0618556701030928,0.00687285223367698,0.439862542955326,0.140893470790378,0,0.350515463917526
Argentina,2021-06-27,8,9,121,30,0,112,280,0.0285714285714286,0.0321428571428571,0.432142857142857,0.107142857142857,0,0.4
Argentina,2021-07-04,6,8,133,28,2,141,318,0.0188679245283019,0.0251572327044025,0.418238993710692,0.0880503144654088,0.00628930817610063,0.443396226415094
Argentina,2021-07-11,5,24,126,42,0,128,325,0.0153846153846154,0.0738461538461539,0.387692307692308,0.129230769230769,0,0.393846153846154
Argentina,2021-07-18,10,21,66,40,1,92,230,0.0434782608695652,0.091304347826087,0.28695652173913,0.173913043478261,0.00434782608695652,0.4
Argentina,2021-07-25,6,34,106,40,1,146,333,0.018018018018018,0.102102102102102,0.318318318318318,0.12012012012012,0.003003003003003,0.438438438438438
Argentina,2021-08-01,7,48,173,53,2,156,439,0.0159453302961276,0.109339407744875,0.394077448747153,0.120728929384966,0.00455580865603645,0.355353075170843
Argentina,2021-08-08,4,42,119,44,0,126,335,0.0119402985074627,0.125373134328358,0.355223880597015,0.13134328358209,0,0.376119402985075
Argentina,2021-08-15,5,41,124,57,3,115,345,0.0144927536231884,0.118840579710145,0.359420289855072,0.165217391304348,0.00869565217391304,0.333333333333333
Argentina,2021-08-22,2,42,118,39,3,116,320,0.00625,0.13125,0.36875,0.121875,0.009375,0.3625
Argentina,2021-08-29,1,46,129,54,2,112,344,0.00290697674418605,0.133720930232558,0.375,0.156976744186047,0.00581395348837209,0.325581395348837
Argentina,2021-09-05,1,55,82,38,1,126,303,0.0033003300330033,0.181518151815182,0.270627062706271,0.125412541254125,0.0033003300330033,0.415841584158416
Argentina,2021-09-12,3,72,46,25,2,52,200,0.015,0.36,0.23,0.125,0.01,0.26
Argentina,2021-09-19,2,58,48,17,3,51,179,0.0111731843575419,0.324022346368715,0.268156424581006,0.0949720670391061,0.0167597765363128,0.284916201117318
Argentina,2021-09-26,0,62,33,19,1,43,158,0,0.392405063291139,0.208860759493671,0.120253164556962,0.00632911392405063,0.272151898734177
Argentina,2021-10-03,0,50,47,26,0,53,176,0,0.284090909090909,0.267045454545455,0.147727272727273,0,0.301136363636364
Argentina,2021-10-10,2,121,67,48,2,100,340,0.00588235294117647,0.355882352941176,0.197058823529412,0.141176470588235,0.00588235294117647,0.294117647058824
Argentina,2021-10-17,8,198,43,30,0,64,343,0.0233236151603499,0.577259475218659,0.12536443148688,0.0874635568513119,0,0.186588921282799
Argentina,2021-10-24,2,286,49,28,6,61,432,0.00462962962962963,0.662037037037037,0.113425925925926,0.0648148148148148,0.0138888888888889,0.141203703703704
Argentina,2021-10-31,3,274,33,29,2,29,370,0.00810810810810811,0.740540540540541,0.0891891891891892,0.0783783783783784,0.00540540540540541,0.0783783783783784
Australia,2020-11-01,0,0,0,0,0,20,20,0,0,0,0,0,1
Australia,2020-11-08,0,0,0,0,0,33,33,0,0,0,0,0,1
Australia,2020-11-15,0,0,0,0,0,35,35,0,0,0,0,0,1
Australia,2020-11-22,0,0,0,0,0,23,23,0,0,0,0,0,1
Australia,2020-11-29,1,0,0,0,0,29,30,0.0333333333333333,0,0,0,0,0.966666666666667
Australia,2020-12-06,5,0,0,0,0,26,31,0.161290322580645,0,0,0,0,0.838709677419355
Australia,2020-12-13,1,0,0,0,0,99,100,0.01,0,0,0,0,0.99
Australia,2020-12-20,10,0,0,0,0,66,76,0.131578947368421,0,0,0,0,0.868421052631579
Australia,2020-12-27,8,0,0,0,0,134,142,0.0563380281690141,0,0,0,0,0.943661971830986
Australia,2021-01-03,17,0,0,0,0,48,65,0.261538461538462,0,0,0,0,0.738461538461539
Australia,2021-01-10,18,0,0,0,0,45,63,0.285714285714286,0,0,0,0,0.714285714285714
Australia,2021-01-17,21,0,0,0,0,26,47,0.446808510638298,0,0,0,0,0.553191489361702
Australia,2021-01-24,11,0,0,0,0,14,25,0.44,0,0,0,0,0.56
Australia,2021-01-31,9,0,0,0,0,20,29,0.310344827586207,0,0,0,0,0.689655172413793
Australia,2021-02-07,42,0,0,0,0,11,53,0.792452830188679,0,0,0,0,0.207547169811321
Australia,2021-02-14,17,0,0,0,0,12,29,0.586206896551724,0,0,0,0,0.413793103448276
Australia,2021-02-21,12,0,0,0,0,14,26,0.461538461538462,0,0,0,0,0.538461538461538
Australia,2021-02-28,16,0,1,0,0,23,40,0.4,0,0.025,0,0,0.575
Australia,2021-03-07,38,0,1,0,0,28,67,0.567164179104478,0,0.0149253731343284,0,0,0.417910447761194
Australia,2021-03-14,22,1,0,0,0,32,55,0.4,0.0181818181818182,0,0,0,0.581818181818182
Australia,2021-03-21,31,0,2,0,0,27,60,0.516666666666667,0,0.0333333333333333,0,0,0.45
Australia,2021-03-28,38,1,0,1,0,24,64,0.59375,0.015625,0,0.015625,0,0.375
Australia,2021-04-04,20,2,1,0,0,19,42,0.476190476190476,0.0476190476190476,0.0238095238095238,0,0,0.452380952380952
Australia,2021-04-11,52,26,1,0,0,28,107,0.485981308411215,0.242990654205607,0.00934579439252336,0,0,0.261682242990654
Australia,2021-04-18,34,43,1,0,0,37,115,0.295652173913043,0.373913043478261,0.00869565217391304,0,0,0.321739130434783
Australia,2021-04-25,28,47,1,0,0,21,97,0.288659793814433,0.484536082474227,0.0103092783505155,0,0,0.216494845360825
Australia,2021-05-02,25,39,0,0,0,10,74,0.337837837837838,0.527027027027027,0,0,0,0.135135135135135
Australia,2021-05-09,22,8,0,0,0,17,47,0.468085106382979,0.170212765957447,0,0,0,0.361702127659574
Australia,2021-05-16,4,6,0,0,0,9,19,0.210526315789474,0.315789473684211,0,0,0,0.473684210526316
Australia,2021-05-23,6,12,0,0,0,62,80,0.075,0.15,0,0,0,0.775
Australia,2021-05-30,13,24,0,0,0,37,74,0.175675675675676,0.324324324324324,0,0,0,0.5
Australia,2021-06-06,7,29,0,0,0,32,68,0.102941176470588,0.426470588235294,0,0,0,0.470588235294118
Australia,2021-06-13,8,42,0,0,0,19,69,0.115942028985507,0.608695652173913,0,0,0,0.27536231884058
Australia,2021-06-20,13,154,0,0,0,7,174,0.0747126436781609,0.885057471264368,0,0,0,0.0402298850574713
Australia,2021-06-27,16,250,0,0,0,6,272,0.0588235294117647,0.919117647058823,0,0,0,0.0220588235294118
Australia,2021-07-04,10,381,0,0,0,5,396,0.0252525252525253,0.962121212121212,0,0,0,0.0126262626262626
Australia,2021-07-11,4,774,0,0,0,11,789,0.00506970849176172,0.980988593155893,0,0,0,0.0139416983523447
Australia,2021-07-18,2,890,0,0,0,8,900,0.00222222222222222,0.988888888888889,0,0,0,0.00888888888888889
Australia,2021-07-25,2,1287,0,0,0,6,1295,0.00154440154440154,0.993822393822394,0,0,0,0.00463320463320463
Australia,2021-08-01,1,1402,0,0,0,1,1404,0.000712250712250712,0.998575498575499,0,0,0,0.000712250712250712
Australia,2021-08-08,2,1438,0,0,0,5,1445,0.0013840830449827,0.995155709342561,0,0,0,0.00346020761245675
Australia,2021-08-15,1,1675,0,0,0,12,1688,0.000592417061611374,0.992298578199052,0,0,0,0.00710900473933649
Australia,2021-08-22,1,1595,0,0,0,17,1613,0.000619962802231866,0.988840669559826,0,0,0,0.0105393676379417
Australia,2021-08-29,0,1799,0,0,0,33,1832,0,0.981986899563319,0,0,0,0.0180131004366812
Australia,2021-09-05,0,2879,0,0,0,60,2939,0,0.979584892820687,0,0,0,0.0204151071793127
Australia,2021-09-12,0,1413,0,0,0,31,1444,0,0.978531855955679,0,0,0,0.0214681440443213
Australia,2021-09-19,0,892,0,0,0,3,895,0,0.996648044692737,0,0,0,0.00335195530726257
Australia,2021-09-26,0,1292,0,0,0,15,1307,0,0.988523335883703,0,0,0,0.0114766641162969
Australia,2021-10-03,0,1216,0,0,0,10,1226,0,0.99184339314845,0,0,0,0.00815660685154975
Australia,2021-10-10,0,1376,0,0,0,8,1384,0,0.994219653179191,0,0,0,0.00578034682080925
Australia,2021-10-17,0,1115,0,0,0,11,1126,0,0.990230905861456,0,0,0,0.00976909413854352
Australia,2021-10-24,0,857,0,0,0,9,866,0,0.989607390300231,0,0,0,0.0103926096997691
Australia,2021-10-31,0,885,0,0,0,5,890,0,0.99438202247191,0,0,0,0.00561797752808989
Bolivia,2020-11-01,0,0,0,0,0,0,0,0,0,0,0,0,1
Bolivia,2020-11-08,0,0,0,0,0,2,2,0,0,0,0,0,1
Bolivia,2020-11-15,0,0,0,0,0,5,5,0,0,0,0,0,1
Bolivia,2020-11-22,0,0,0,0,0,2,2,0,0,0,0,0,1
Bolivia,2020-11-29,0,0,0,0,0,0,0,0,0,0,0,0,1
Bolivia,2020-12-06,0,0,0,0,0,3,3,0,0,0,0,0,1
Bolivia,2020-12-13,0,0,0,0,0,3,3,0,0,0,0,0,1
Bolivia,2020-12-20,0,0,0,0,0,4,4,0,0,0,0,0,1
Bolivia,2020-12-27,0,0,0,0,0,5,5,0,0,0,0,0,1
Bolivia,2021-01-03,0,0,0,0,0,4,4,0,0,0,0,0,1
Bolivia,2021-01-10,0,0,0,0,0,5,5,0,0,0,0,0,1
Bolivia,2021-01-17,0,0,0,0,0,2,2,0,0,0,0,0,1
Bolivia,2021-01-24,0,0,0,0,0,6,6,0,0,0,0,0,1
Bolivia,2021-01-31,0,0,0,1,1,4,6,0,0,0,0.166666666666667,0.166666666666667,0.666666666666667
Bolivia,2021-02-07,0,0,1,0,0,3,4,0,0,0.25,0,0,0.75
Bolivia,2021-02-14,0,0,2,0,0,4,6,0,0,0.333333333333333,0,0,0.666666666666667
Bolivia,2021-02-21,0,0,0,0,0,0,0,0,0,0.555555555555556,0,0,0.444444444444444
Bolivia,2021-02-28,0,0,0,0,0,0,0,0,0,0.555555555555556,0,0,0.444444444444444
Bolivia,2021-03-07,0,0,0,0,0,0,0,0,0,0.555555555555556,0,0,0.444444444444444
Bolivia,2021-03-14,0,0,1,0,0,0,1,0,0,1,0,0,0
Bolivia,2021-03-21,0,0,7,0,0,2,9,0,0,0.777777777777778,0,0,0.222222222222222
Bolivia,2021-03-28,0,0,0,0,0,1,1,0,0,0,0,0,1
Bolivia,2021-04-04,0,0,0,0,0,0,0,0,0,0.5,0,0,0.5
Bolivia,2021-04-11,0,0,0,0,0,1,1,0,0,0,0,0,1
Bolivia,2021-04-18,0,0,0,0,0,0,0,0,0,0.4375,0,0,0.5625
Bolivia,2021-04-25,0,0,1,0,0,0,1,0,0,1,0,0,0
Bolivia,2021-05-02,0,0,7,0,0,1,8,0,0,0.875,0,0,0.125
Bolivia,2021-05-09,0,0,2,0,0,1,3,0,0,0.666666666666667,0,0,0.333333333333333
Bolivia,2021-05-16,0,0,3,0,0,0,3,0,0,1,0,0,0
Bolivia,2021-05-23,0,0,3,0,0,0,3,0,0,1,0,0,0
Bolivia,2021-05-30,0,0,12,1,1,1,15,0,0,0.8,0.0666666666666667,0.0666666666666667,0.0666666666666667
Bolivia,2021-06-06,0,0,4,0,1,0,5,0,0,0.8,0,0.2,0
Bolivia,2021-06-13,0,1,6,0,0,0,7,0,0.142857142857143,0.857142857142857,0,0,0
Bolivia,2021-06-20,0,0,4,1,0,0,5,0,0,0.8,0.2,0,0
Bolivia,2021-06-27,0,0,5,0,0,0,5,0,0,1,0,0,0
Bolivia,2021-07-04,0,0,4,0,0,0,4,0,0,1,0,0,0
Bolivia,2021-07-11,0,0,1,0,1,0,2,0,0,0.5,0,0.5,0
Bolivia,2021-07-18,0,0,0,0,1,0,1,0,0,0,0,1,0
Bolivia,2021-07-25,0,2,2,0,0,0,4,0,0.5,0.5,0,0,0
Bolivia,2021-08-01,0,0,2,0,1,0,3,0,0,0.666666666666667,0,0.333333333333333,0
Bolivia,2021-08-08,0,1,2,0,2,0,5,0,0.2,0.4,0,0.4,0
Bolivia,2021-08-15,0,0,2,0,1,0,3,0,0,0.666666666666667,0,0.333333333333333,0
Bolivia,2021-08-22,0,0,0,0,0,0,0,0,0.5,0.333333333333333,0,0.166666666666667,0
Bolivia,2021-08-29,0,0,2,0,0,0,2,0,0,1,0,0,0
Bolivia,2021-09-05,0,1,0,0,0,0,1,0,1,0,0,0,0
Bolivia,2021-09-12,0,1,1,0,0,0,2,0,0.5,0.5,0,0,0
Bolivia,2021-09-19,0,0,0,0,1,0,1,0,0,0,0,1,0
Bolivia,2021-09-26,0,3,0,0,0,0,3,0,1,0,0,0,0
Bolivia,2021-10-03,0,2,0,0,0,0,2,0,1,0,0,0,0
Bolivia,2021-10-10,0,3,0,0,0,0,3,0,1,0,0,0,0
Bolivia,2021-10-17,0,3,0,0,0,0,3,0,1,0,0,0,0
Bolivia,2021-10-24,0,8,0,0,0,0,8,0,1,0,0,0,0
Bolivia,2021-10-31,0,8,0,0,0,0,8,0,1,0,0,0,0
Colombia,2020-11-01,0,0,0,0,0,3,3,0,0,0,0,0,1
Colombia,2020-11-08,0,0,0,0,0,6,6,0,0,0,0,0,1
Colombia,2020-11-15,0,0,0,0,0,5,5,0,0,0,0,0,1
Colombia,2020-11-22,0,0,0,0,0,7,7,0,0,0,0,0,1
Colombia,2020-11-29,0,0,0,0,0,11,11,0,0,0,0,0,1
Colombia,2020-12-06,0,1,0,0,0,7,8,0,0.125,0,0,0,0.875
Colombia,2020-12-13,0,0,0,0,1,21,22,0,0,0,0,0.0454545454545455,0.954545454545455
Colombia,2020-12-20,0,0,0,0,0,24,24,0,0,0,0,0,1
Colombia,2020-12-27,0,1,0,0,0,62,63,0,0.0158730158730159,0,0,0,0.984126984126984
Colombia,2021-01-03,0,0,3,0,1,38,42,0,0,0.0714285714285714,0,0.0238095238095238,0.904761904761905
Colombia,2021-01-10,0,0,2,0,2,47,51,0,0,0.0392156862745098,0,0.0392156862745098,0.92156862745098
Colombia,2021-01-17,0,0,9,0,0,34,43,0,0,0.209302325581395,0,0,0.790697674418605
Colombia,2021-01-24,0,0,3,0,0,15,18,0,0,0.166666666666667,0,0,0.833333333333333
Colombia,2021-01-31,0,0,4,0,0,6,10,0,0,0.4,0,0,0.6
Colombia,2021-02-07,0,1,3,0,0,8,12,0,0.0833333333333333,0.25,0,0,0.666666666666667
Colombia,2021-02-14,2,1,4,0,0,7,14,0.142857142857143,0.0714285714285714,0.285714285714286,0,0,0.5
Colombia,2021-02-21,1,0,0,0,6,13,20,0.05,0,0,0,0.3,0.65
Colombia,2021-02-28,1,0,4,0,9,34,48,0.0208333333333333,0,0.0833333333333333,0,0.1875,0.708333333333333
Colombia,2021-03-07,1,0,10,0,14,21,46,0.0217391304347826,0,0.217391304347826,0,0.304347826086957,0.456521739130435
Colombia,2021-03-14,2,0,9,0,7,18,36,0.0555555555555556,0,0.25,0,0.194444444444444,0.5
Colombia,2021-03-21,8,0,9,0,17,27,61,0.131147540983607,0,0.147540983606557,0,0.278688524590164,0.442622950819672
Colombia,2021-03-28,8,0,18,4,35,27,92,0.0869565217391304,0,0.195652173913043,0.0434782608695652,0.380434782608696,0.293478260869565
Colombia,2021-04-04,35,0,113,10,189,126,473,0.0739957716701903,0,0.238900634249471,0.0211416490486258,0.399577167019027,0.266384778012685
Colombia,2021-04-11,27,0,106,6,100,70,309,0.087378640776699,0,0.343042071197411,0.0194174757281553,0.323624595469256,0.226537216828479
Colombia,2021-04-18,10,0,55,14,93,46,218,0.0458715596330275,0,0.252293577981651,0.0642201834862385,0.426605504587156,0.211009174311927
Colombia,2021-04-25,7,0,58,9,89,69,232,0.0301724137931034,0,0.25,0.0387931034482759,0.383620689655172,0.297413793103448
Colombia,2021-05-02,7,0,48,9,102,37,203,0.0344827586206897,0,0.236453201970443,0.0443349753694581,0.502463054187192,0.182266009852217
Colombia,2021-05-09,1,1,44,10,86,36,178,0.00561797752808989,0.00561797752808989,0.247191011235955,0.0561797752808989,0.48314606741573,0.202247191011236
Colombia,2021-05-16,3,1,32,4,75,18,133,0.0225563909774436,0.0075187969924812,0.240601503759398,0.0300751879699248,0.56390977443609,0.135338345864662
Colombia,2021-05-23,2,0,21,6,41,3,73,0.0273972602739726,0,0.287671232876712,0.0821917808219178,0.561643835616438,0.0410958904109589
Colombia,2021-05-30,0,1,16,3,85,12,117,0,0.00854700854700855,0.136752136752137,0.0256410256410256,0.726495726495726,0.102564102564103
Colombia,2021-06-06,0,1,17,6,122,21,167,0,0.00598802395209581,0.101796407185629,0.0359281437125748,0.730538922155689,0.125748502994012
Colombia,2021-06-13,0,0,15,2,90,10,117,0,0,0.128205128205128,0.0170940170940171,0.769230769230769,0.0854700854700855
Colombia,2021-06-20,0,4,19,6,90,8,127,0,0.031496062992126,0.149606299212598,0.047244094488189,0.708661417322835,0.062992125984252
Colombia,2021-06-27,0,3,22,7,189,7,228,0,0.0131578947368421,0.0964912280701754,0.0307017543859649,0.828947368421053,0.0307017543859649
Colombia,2021-07-04,1,7,17,3,222,11,261,0.00383141762452107,0.0268199233716475,0.0651340996168582,0.0114942528735632,0.850574712643678,0.0421455938697318
Colombia,2021-07-11,0,33,35,9,380,45,502,0,0.0657370517928287,0.0697211155378486,0.0179282868525896,0.756972111553785,0.0896414342629482
Colombia,2021-07-18,0,28,27,5,378,38,476,0,0.0588235294117647,0.0567226890756303,0.0105042016806723,0.794117647058823,0.0798319327731092
Colombia,2021-07-25,1,30,18,7,306,45,407,0.00245700245700246,0.0737100737100737,0.0442260442260442,0.0171990171990172,0.751842751842752,0.110565110565111
Colombia,2021-08-01,1,88,30,8,462,29,618,0.00161812297734628,0.142394822006472,0.0485436893203883,0.0129449838187702,0.747572815533981,0.0469255663430421
Colombia,2021-08-08,1,87,23,5,305,14,435,0.00229885057471264,0.2,0.0528735632183908,0.0114942528735632,0.701149425287356,0.032183908045977
Colombia,2021-08-15,1,144,10,4,253,15,427,0.00234192037470726,0.337236533957845,0.0234192037470726,0.00936768149882904,0.592505854800937,0.0351288056206089
Colombia,2021-08-22,1,165,10,1,232,19,428,0.00233644859813084,0.385514018691589,0.0233644859813084,0.00233644859813084,0.542056074766355,0.044392523364486
Colombia,2021-08-29,0,98,1,2,107,15,223,0,0.439461883408072,0.00448430493273543,0.00896860986547085,0.479820627802691,0.0672645739910314
Colombia,2021-09-05,0,122,4,0,62,12,200,0,0.61,0.02,0,0.31,0.06
Colombia,2021-09-12,0,178,5,1,104,8,296,0,0.601351351351351,0.0168918918918919,0.00337837837837838,0.351351351351351,0.027027027027027
Colombia,2021-09-19,0,285,5,0,123,10,423,0,0.673758865248227,0.0118203309692671,0,0.290780141843972,0.0236406619385343
Colombia,2021-09-26,0,356,1,0,97,21,475,0,0.749473684210526,0.00210526315789474,0,0.204210526315789,0.0442105263157895
Colombia,2021-10-03,1,381,2,0,60,20,464,0.0021551724137931,0.821120689655172,0.00431034482758621,0,0.129310344827586,0.0431034482758621
Colombia,2021-10-10,0,336,2,0,40,18,396,0,0.848484848484849,0.00505050505050505,0,0.101010101010101,0.0454545454545455
Colombia,2021-10-17,0,291,0,0,28,24,343,0,0.848396501457726,0,0,0.0816326530612245,0.0699708454810496
Colombia,2021-10-24,0,295,2,0,26,11,334,0,0.883233532934132,0.00598802395209581,0,0.0778443113772455,0.0329341317365269
Colombia,2021-10-31,0,385,0,0,20,13,418,0,0.921052631578947,0,0,0.0478468899521531,0.0311004784688995
Dominican Republic,2020-11-01,0,0,0,0,0,0,0,0,0,0,0,0,1
Dominican Republic,2020-11-08,0,0,0,0,0,1,1,0,0,0,0,0,1
Dominican Republic,2020-11-15,0,0,0,0,0,9,9,0,0,0,0,0,1
Dominican Republic,2020-11-22,0,0,0,0,0,11,11,0,0,0,0,0,1
Dominican Republic,2020-11-29,0,0,0,0,0,2,2,0,0,0,0,0,1
Dominican Republic,2020-12-06,0,0,0,0,0,0,0,0.5,0,0,0,0,0.5
Dominican Republic,2020-12-13,0,0,0,0,0,0,0,0.5,0,0,0,0,0.5
Dominican Republic,2020-12-20,0,0,0,0,0,1,1,0,0,0,0,0,1
Dominican Republic,2020-12-27,1,0,0,0,0,0,1,1,0,0,0,0,0
Dominican Republic,2021-01-03,0,0,0,0,0,0,0,0.5,0,0,0,0,0.5
Dominican Republic,2021-01-10,0,11,0,0,0,31,42,0,0.261904761904762,0,0,0,0.738095238095238
Dominican Republic,2021-01-17,0,0,0,0,0,2,2,0,0,0,0,0,1
Dominican Republic,2021-01-24,0,0,0,0,0,28,28,0,0,0,0,0,1
Dominican Republic,2021-01-31,0,0,0,0,0,6,6,0,0,0,0,0,1
Dominican Republic,2021-02-07,1,9,0,0,0,3,13,0.0769230769230769,0.692307692307692,0,0,0,0.230769230769231
Dominican Republic,2021-02-14,0,0,0,0,0,6,6,0,0,0,0,0,1
Dominican Republic,2021-02-21,0,0,0,0,0,2,2,0,0,0,0,0,1
Dominican Republic,2021-02-28,0,0,0,0,0,11,11,0,0,0,0,0,1
Dominican Republic,2021-03-07,2,10,2,0,0,21,35,0.0571428571428571,0.285714285714286,0.0571428571428571,0,0,0.6
Dominican Republic,2021-03-14,2,0,0,0,0,31,33,0.0606060606060606,0,0,0,0,0.939393939393939
Dominican Republic,2021-03-21,1,0,0,0,0,7,8,0.125,0,0,0,0,0.875
Dominican Republic,2021-03-28,2,0,1,0,0,2,5,0.4,0,0.2,0,0,0.4
Dominican Republic,2021-04-04,1,0,3,0,0,1,5,0.2,0,0.6,0,0,0.2
Dominican Republic,2021-04-11,1,4,3,0,0,8,16,0.0625,0.25,0.1875,0,0,0.5
Dominican Republic,2021-04-18,0,0,0,0,0,1,1,0,0,0,0,0,1
Dominican Republic,2021-04-25,0,0,0,0,0,0,0,0,0.03125,0.1171875,0.015625,0.203125,0.6328125
Dominican Republic,2021-05-02,4,0,2,0,4,17,27,0.148148148148148,0,0.0740740740740741,0,0.148148148148148,0.62962962962963
Dominican Republic,2021-05-09,0,4,15,2,26,17,64,0,0.0625,0.234375,0.03125,0.40625,0.265625
Dominican Republic,2021-05-16,5,0,25,3,38,28,99,0.0505050505050505,0,0.252525252525253,0.0303030303030303,0.383838383838384,0.282828282828283
Dominican Republic,2021-05-23,0,0,0,0,2,0,2,0,0,0,0,1,0
Dominican Republic,2021-05-30,0,0,2,0,5,1,8,0,0,0.25,0,0.625,0.125
Dominican Republic,2021-06-06,0,0,1,0,3,7,11,0,0,0.0909090909090909,0,0.272727272727273,0.636363636363636
Dominican Republic,2021-06-13,0,0,0,0,3,1,4,0,0,0,0,0.75,0.25
Dominican Republic,2021-06-20,0,1,0,0,4,5,10,0,0.1,0,0,0.4,0.5
Dominican Republic,2021-06-27,0,0,0,0,7,2,9,0,0,0,0,0.777777777777778,0.222222222222222
Dominican Republic,2021-07-04,0,1,0,0,1,0,2,0,0.5,0,0,0.5,0
Dominican Republic,2021-07-11,0,0,0,0,0,2,2,0,0,0,0,0,1
Dominican Republic,2021-07-18,0,0,0,0,7,1,8,0,0,0,0,0.875,0.125
Dominican Republic,2021-07-25,0,1,2,1,11,5,20,0,0.05,0.1,0.05,0.55,0.25
Dominican Republic,2021-08-01,0,2,0,0,4,3,9,0,0.222222222222222,0,0,0.444444444444444,0.333333333333333
Dominican Republic,2021-08-08,0,2,0,0,0,0,2,0,1,0,0,0,0
Dominican Republic,2021-08-15,0,1,0,0,0,1,2,0,0.5,0,0,0,0.5
Dominican Republic,2021-08-22,0,2,0,0,0,0,2,0,1,0,0,0,0
Dominican Republic,2021-08-29,0,1,0,0,0,0,1,0,1,0,0,0,0
Dominican Republic,2021-09-05,0,2,0,0,0,1,3,0,0.666666666666667,0,0,0,0.333333333333333
Dominican Republic,2021-09-12,0,1,0,0,0,0,1,0,1,0,0,0,0
Dominican Republic,2021-09-19,0,1,0,0,0,0,1,0,1,0,0,0,0
Dominican Republic,2021-09-26,0,0,0,0,0,0,0,0,0.976878612716763,0.00578034682080925,0,0.00867052023121387,0.00867052023121387
Dominican Republic,2021-10-03,0,23,0,0,0,0,23,0,1,0,0,0,0
Dominican Republic,2021-10-10,0,165,2,0,3,3,173,0,0.953757225433526,0.0115606936416185,0,0.0173410404624277,0.0173410404624277
Dominican Republic,2021-10-17,0,72,0,0,0,0,72,0,1,0,0,0,0
Dominican Republic,2021-10-24,0,22,0,0,0,0,22,0,1,0,0,0,0
Dominican Republic,2021-10-31,0,5,0,0,0,0,5,0,1,0,0,0,0
Ecuador,2020-11-01,0,0,0,0,0,0,0,0,0,0,0,0,1
Ecuador,2020-11-08,0,0,0,0,0,3,3,0,0,0,0,0,1
Ecuador,2020-11-15,0,0,0,0,0,0,0,0,0,0,0,0,1
Ecuador,2020-11-22,0,0,0,0,0,1,1,0,0,0,0,0,1
Ecuador,2020-11-29,0,0,0,0,0,5,5,0,0,0,0,0,1
Ecuador,2020-12-06,0,0,0,0,0,10,10,0,0,0,0,0,1
Ecuador,2020-12-13,0,0,0,0,0,2,2,0,0,0,0,0,1
Ecuador,2020-12-20,0,0,0,0,0,1,1,0,0,0,0,0,1
Ecuador,2020-12-27,0,0,0,0,0,9,9,0,0,0,0,0,1
Ecuador,2021-01-03,4,0,0,0,0,12,16,0.25,0,0,0,0,0.75
Ecuador,2021-01-10,0,0,0,0,0,13,13,0,0,0,0,0,1
Ecuador,2021-01-17,2,0,0,0,0,5,7,0.285714285714286,0,0,0,0,0.714285714285714
Ecuador,2021-01-24,0,0,0,0,0,2,2,0,0,0,0,0,1
Ecuador,2021-01-31,0,0,0,0,0,0,0,0.0833333333333333,0,0,0,0,0.916666666666667
Ecuador,2021-02-07,0,0,0,0,0,0,0,0.0833333333333333,0,0,0,0,0.916666666666667
Ecuador,2021-02-14,0,0,0,0,0,2,2,0,0,0,0,0,1
Ecuador,2021-02-21,0,0,0,0,0,0,0,0.0625,0,0,0,0,0.9375
Ecuador,2021-02-28,1,0,0,0,0,5,6,0.166666666666667,0,0,0,0,0.833333333333333
Ecuador,2021-03-07,1,0,0,0,0,7,8,0.125,0,0,0,0,0.875
Ecuador,2021-03-14,2,0,0,0,0,7,9,0.222222222222222,0,0,0,0,0.777777777777778
Ecuador,2021-03-21,1,0,0,1,0,0,2,0.5,0,0,0.5,0,0
Ecuador,2021-03-28,1,0,5,0,0,12,18,0.0555555555555556,0,0.277777777777778,0,0,0.666666666666667
Ecuador,2021-04-04,3,0,4,1,0,15,23,0.130434782608696,0,0.173913043478261,0.0434782608695652,0,0.652173913043478
Ecuador,2021-04-11,6,0,2,8,0,19,35,0.171428571428571,0,0.0571428571428571,0.228571428571429,0,0.542857142857143
Ecuador,2021-04-18,2,0,2,1,0,29,34,0.0588235294117647,0,0.0588235294117647,0.0294117647058824,0,0.852941176470588
Ecuador,2021-04-25,10,0,0,3,0,18,31,0.32258064516129,0,0,0.0967741935483871,0,0.580645161290323
Ecuador,2021-05-02,9,0,3,0,1,26,39,0.230769230769231,0,0.0769230769230769,0,0.0256410256410256,0.666666666666667
Ecuador,2021-05-09,23,0,2,10,2,63,100,0.23,0,0.02,0.1,0.02,0.63
Ecuador,2021-05-16,8,0,4,7,0,19,38,0.210526315789474,0,0.105263157894737,0.184210526315789,0,0.5
Ecuador,2021-05-23,10,0,2,6,0,47,65,0.153846153846154,0,0.0307692307692308,0.0923076923076923,0,0.723076923076923
Ecuador,2021-05-30,8,0,3,14,0,40,65,0.123076923076923,0,0.0461538461538462,0.215384615384615,0,0.615384615384615
Ecuador,2021-06-06,15,0,16,9,7,54,101,0.148514851485149,0,0.158415841584158,0.0891089108910891,0.0693069306930693,0.534653465346535
Ecuador,2021-06-13,12,0,8,7,9,39,75,0.16,0,0.106666666666667,0.0933333333333333,0.12,0.52
Ecuador,2021-06-20,5,6,9,20,11,19,70,0.0714285714285714,0.0857142857142857,0.128571428571429,0.285714285714286,0.157142857142857,0.271428571428571
Ecuador,2021-06-27,8,5,22,29,30,64,158,0.0506329113924051,0.0316455696202532,0.139240506329114,0.183544303797468,0.189873417721519,0.40506329113924
Ecuador,2021-07-04,9,13,54,22,41,64,203,0.0443349753694581,0.0640394088669951,0.266009852216749,0.108374384236453,0.201970443349754,0.315270935960591
Ecuador,2021-07-11,19,36,44,59,52,87,297,0.063973063973064,0.121212121212121,0.148148148148148,0.198653198653199,0.175084175084175,0.292929292929293
Ecuador,2021-07-18,35,49,39,33,58,54,268,0.130597014925373,0.182835820895522,0.145522388059701,0.123134328358209,0.216417910447761,0.201492537313433
Ecuador,2021-07-25,3,57,18,12,33,41,164,0.0182926829268293,0.347560975609756,0.109756097560976,0.0731707317073171,0.201219512195122,0.25
Ecuador,2021-08-01,3,10,9,5,15,34,76,0.0394736842105263,0.131578947368421,0.118421052631579,0.0657894736842105,0.197368421052632,0.447368421052632
Ecuador,2021-08-08,1,6,2,1,9,11,30,0.0333333333333333,0.2,0.0666666666666667,0.0333333333333333,0.3,0.366666666666667
Ecuador,2021-08-15,6,89,16,15,66,44,236,0.0254237288135593,0.377118644067797,0.0677966101694915,0.0635593220338983,0.279661016949153,0.186440677966102
Ecuador,2021-08-22,4,106,6,14,30,15,175,0.0228571428571429,0.605714285714286,0.0342857142857143,0.08,0.171428571428571,0.0857142857142857
Ecuador,2021-08-29,2,84,3,5,29,14,137,0.0145985401459854,0.613138686131387,0.0218978102189781,0.0364963503649635,0.211678832116788,0.102189781021898
Ecuador,2021-09-05,2,34,2,3,14,7,62,0.032258064516129,0.548387096774194,0.032258064516129,0.0483870967741935,0.225806451612903,0.112903225806452
Ecuador,2021-09-12,1,78,3,2,10,2,96,0.0104166666666667,0.8125,0.03125,0.0208333333333333,0.104166666666667,0.0208333333333333
Ecuador,2021-09-19,0,91,2,3,7,4,107,0,0.850467289719626,0.0186915887850467,0.0280373831775701,0.0654205607476635,0.0373831775700935
Ecuador,2021-09-26,0,96,4,1,3,1,105,0,0.914285714285714,0.0380952380952381,0.00952380952380952,0.0285714285714286,0.00952380952380952
Ecuador,2021-10-03,0,51,0,1,3,5,60,0,0.85,0,0.0166666666666667,0.05,0.0833333333333333
Ecuador,2021-10-10,0,33,0,0,1,2,36,0,0.916666666666667,0,0,0.0277777777777778,0.0555555555555556
Ecuador,2021-10-17,0,13,0,0,1,0,14,0,0.928571428571429,0,0,0.0714285714285714,0
Ecuador,2021-10-24,0,6,0,0,0,1,7,0,0.857142857142857,0,0,0,0.142857142857143
Ecuador,2021-10-31,0,7,0,0,0,1,8,0,0.875,0,0,0,0.125
France,2020-11-01,0,0,0,0,0,425,425,0,0,0,0,0,1
France,2020-11-08,0,0,0,0,0,326,326,0,0,0,0,0,1
France,2020-11-15,3,0,0,0,0,305,308,0.00974025974025974,0,0,0,0,0.99025974025974
France,2020-11-22,0,0,0,0,0,173,173,0,0,0,0,0,1
France,2020-11-29,1,0,0,0,0,184,185,0.00540540540540541,0,0,0,0,0.994594594594595
France,2020-12-06,0,0,0,0,0,147,147,0,0,0,0,0,1
France,2020-12-13,1,0,0,0,0,237,238,0.00420168067226891,0,0,0,0,0.995798319327731
France,2020-12-20,28,0,0,0,0,215,243,0.11522633744856,0,0,0,0,0.88477366255144
France,2020-12-27,44,0,0,0,0,220,264,0.166666666666667,0,0,0,0,0.833333333333333
France,2021-01-03,204,0,0,0,0,443,647,0.315301391035549,0,0,0,0,0.684698608964451
France,2021-01-10,244,2,0,0,0,517,763,0.319790301441678,0.00262123197903014,0,0,0,0.677588466579292
France,2021-01-17,309,2,1,0,0,636,948,0.325949367088608,0.00210970464135021,0.00105485232067511,0,0,0.670886075949367
France,2021-01-24,963,0,6,0,0,996,1965,0.490076335877863,0,0.00305343511450382,0,0,0.506870229007634
France,2021-01-31,1033,0,2,0,0,568,1603,0.644416718652526,0,0.00124766063630692,0,0,0.354335620711167
France,2021-02-07,538,0,1,0,0,460,999,0.538538538538539,0,0.001001001001001,0,0,0.46046046046046
France,2021-02-14,788,0,4,0,0,827,1619,0.486720197652872,0,0.00247066090179123,0,0,0.510809141445337
France,2021-02-21,801,1,7,0,0,527,1336,0.599550898203593,0.000748502994011976,0.00523952095808383,0,0,0.394461077844311
France,2021-02-28,1924,0,11,0,0,1609,3544,0.542889390519187,0,0.0031038374717833,0,0,0.454006772009029
France,2021-03-07,1341,0,13,0,0,964,2318,0.578515962036238,0,0.00560828300258844,0,0,0.415875754961173
France,2021-03-14,3542,0,29,0,0,1214,4785,0.740229885057471,0,0.00606060606060606,0,0,0.253709508881923
France,2021-03-21,1994,0,16,0,0,559,2569,0.776177500973141,0,0.00622810432074737,0,0,0.217594394706111
France,2021-03-28,2819,1,17,0,0,738,3575,0.788531468531468,0.00027972027972028,0.00475524475524476,0,0,0.206433566433566
France,2021-04-04,1226,1,50,1,0,356,1634,0.75030599755202,0.000611995104039168,0.0305997552019584,0.000611995104039168,0,0.217870257037944
France,2021-04-11,2551,3,53,1,0,636,3244,0.786374845869297,0.00092478421701603,0.0163378545006165,0.00030826140567201,0,0.196054254007398
France,2021-04-18,1292,15,33,0,0,376,1716,0.752913752913753,0.00874125874125874,0.0192307692307692,0,0,0.219114219114219
France,2021-04-25,2171,30,28,0,1,467,2697,0.804968483500185,0.0111234705228031,0.0103819058212829,0,0.000370782350760104,0.173155357804968
France,2021-05-02,765,33,9,2,0,266,1075,0.711627906976744,0.0306976744186047,0.00837209302325581,0.00186046511627907,0,0.247441860465116
France,2021-05-09,1725,17,17,1,0,323,2083,0.828132501200192,0.00816130580892943,0.00816130580892943,0.000480076812289966,0,0.155064810369659
France,2021-05-16,710,48,22,2,0,216,998,0.711422845691383,0.0480961923847695,0.0220440881763527,0.00200400801603206,0,0.216432865731463
France,2021-05-23,1621,41,15,3,1,241,1922,0.843392299687825,0.0213319458896982,0.00780437044745057,0.00156087408949011,0.000520291363163372,0.125390218522373
France,2021-05-30,376,81,9,4,1,164,635,0.592125984251968,0.12755905511811,0.0141732283464567,0.0062992125984252,0.0015748031496063,0.258267716535433
France,2021-06-06,971,183,21,2,0,210,1387,0.700072098053353,0.131939437635184,0.0151405912040375,0.00144196106705119,0,0.151405912040375
France,2021-06-13,152,158,15,2,1,83,411,0.369829683698297,0.384428223844282,0.0364963503649635,0.0048661800486618,0.0024330900243309,0.201946472019465
France,2021-06-20,399,590,107,6,1,138,1241,0.321514907332796,0.475423045930701,0.0862207896857373,0.0048348106365834,0.0008058017727639,0.111200644641418
France,2021-06-27,287,903,41,10,5,111,1357,0.211495946941783,0.665438467207074,0.0302137067059691,0.00736919675755343,0.00368459837877671,0.081798084008843
France,2021-07-04,340,1900,30,6,3,126,2405,0.141372141372141,0.79002079002079,0.0124740124740125,0.00249480249480249,0.00124740124740125,0.0523908523908524
France,2021-07-11,296,4426,51,9,1,89,4872,0.0607553366174056,0.908456486042693,0.0104679802955665,0.00184729064039409,0.000205254515599343,0.0182676518883415
France,2021-07-18,239,7429,28,9,0,85,7790,0.0306803594351733,0.953658536585366,0.00359435173299101,0.00115532734274711,0,0.0109114249037227
France,2021-07-25,95,5122,20,4,6,75,5322,0.0178504321683578,0.962420142803457,0.00375798571965427,0.000751597143930853,0.00112739571589628,0.0140924464487035
France,2021-08-01,70,3722,7,1,1,73,3874,0.0180691791430046,0.960764068146619,0.00180691791430046,0.000258131130614352,0.000258131130614352,0.0188435725348477
France,2021-08-08,26,4058,1,0,0,52,4137,0.00628474740149867,0.9809040367416,0.000241721053903795,0,0,0.0125694948029973
France,2021-08-15,14,4237,2,0,1,46,4300,0.00325581395348837,0.985348837209302,0.000465116279069767,0,0.000232558139534884,0.0106976744186047
France,2021-08-22,12,4234,1,1,0,57,4305,0.00278745644599303,0.983507549361208,0.000232288037166086,0.000232288037166086,0,0.0132404181184669
France,2021-08-29,5,3432,5,0,3,40,3485,0.00143472022955524,0.984791965566714,0.00143472022955524,0,0.000860832137733142,0.0114777618364419
France,2021-09-05,2,2438,2,0,0,25,2467,0.000810701256586948,0.988244831779489,0.000810701256586948,0,0,0.0101337657073368
France,2021-09-12,2,1937,0,0,0,28,1967,0.00101677681748856,0.984748347737672,0,0,0,0.0142348754448399
France,2021-09-19,3,1743,0,0,0,50,1796,0.00167037861915367,0.970489977728285,0,0,0,0.0278396436525612
France,2021-09-26,1,1525,1,0,0,19,1546,0.000646830530401035,0.986416558861578,0.000646830530401035,0,0,0.0122897800776197
France,2021-10-03,0,1605,0,0,0,22,1627,0,0.986478180700676,0,0,0,0.0135218192993239
France,2021-10-10,0,1844,0,1,0,24,1869,0,0.986623863028357,0,0.000535045478865704,0,0.0128410914927769
France,2021-10-17,1,3076,0,0,0,22,3099,0.000322684737011939,0.992578251048725,0,0,0,0.00709906421426267
France,2021-10-24,0,6969,0,0,0,58,7027,0,0.99174612210047,0,0,0,0.00825387789953038
France,2021-10-31,1,5959,0,0,0,51,6011,0.00016636167027117,0.991349193145899,0,0,0,0.00848444518382965
French Polynesia,2020-11-01,0,0,0,0,0,0,0,0,0,0,0,0,1
French Polynesia,2020-11-08,0,0,0,0,0,0,0,0,0,0,0,0,1
French Polynesia,2020-11-15,0,0,0,0,0,0,0,0,0,0,0,0,1
French Polynesia,2020-11-22,0,0,0,0,0,0,0,0,0,0,0,0,1
French Polynesia,2020-11-29,0,0,0,0,0,0,0,0,0,0,0,0,1
French Polynesia,2020-12-06,0,0,0,0,0,2,2,0,0,0,0,0,1
French Polynesia,2020-12-13,0,0,0,0,0,3,3,0,0,0,0,0,1
French Polynesia,2020-12-20,0,0,0,0,0,2,2,0,0,0,0,0,1
French Polynesia,2020-12-27,0,0,0,0,0,2,2,0,0,0,0,0,1
French Polynesia,2021-01-03,0,0,0,0,0,2,2,0,0,0,0,0,1
French Polynesia,2021-01-10,0,0,0,0,0,4,4,0,0,0,0,0,1
French Polynesia,2021-01-17,0,0,0,0,0,0,0,0,0,0,0,0,1
French Polynesia,2021-01-24,0,0,0,0,0,1,1,0,0,0,0,0,1
French Polynesia,2021-01-31,0,0,0,0,0,1,1,0,0,0,0,0,1
French Polynesia,2021-02-07,0,0,0,0,0,5,5,0,0,0,0,0,1
French Polynesia,2021-02-14,0,0,0,0,0,0,0,0,0,0,0,0,1
French Polynesia,2021-02-21,0,0,0,0,0,1,1,0,0,0,0,0,1
French Polynesia,2021-02-28,0,0,0,0,0,1,1,0,0,0,0,0,1
French Polynesia,2021-03-07,0,0,0,0,0,1,1,0,0,0,0,0,1
French Polynesia,2021-03-14,0,0,0,0,0,0,0,0,0,0,0,0,1
French Polynesia,2021-03-21,0,0,0,0,0,1,1,0,0,0,0,0,1
French Polynesia,2021-03-28,0,0,0,0,0,1,1,0,0,0,0,0,1
French Polynesia,2021-04-04,0,0,0,0,0,4,4,0,0,0,0,0,1
French Polynesia,2021-04-11,0,0,0,0,0,1,1,0,0,0,0,0,1
French Polynesia,2021-04-18,0,0,0,0,0,0,0,0,0,0,0,0,1
French Polynesia,2021-04-25,0,0,0,0,0,1,1,0,0,0,0,0,1
French Polynesia,2021-05-02,0,0,0,0,0,0,0,0,0,0,0,0,1
French Polynesia,2021-05-09,0,0,0,0,0,0,0,0,0,0,0,0,1
French Polynesia,2021-05-16,0,0,0,0,0,1,1,0,0,0,0,0,1
French Polynesia,2021-05-23,0,0,0,0,0,0,0,0,0,0,0,0,1
French Polynesia,2021-05-30,0,0,0,0,0,0,0,0,0,0,0,0,1
French Polynesia,2021-06-06,0,0,0,0,0,2,2,0,0,0,0,0,1
French Polynesia,2021-06-13,0,0,0,0,0,1,1,0,0,0,0,0,1
French Polynesia,2021-06-20,0,0,0,0,0,4,4,0,0,0,0,0,1
French Polynesia,2021-06-27,0,0,0,0,0,0,0,0,0,0,0,0,1
French Polynesia,2021-07-04,0,0,0,0,0,5,5,0,0,0,0,0,1
French Polynesia,2021-07-11,0,0,0,0,0,7,7,0,0,0,0,0,1
French Polynesia,2021-07-18,0,0,0,0,0,1,1,0,0,0,0,0,1
French Polynesia,2021-07-25,0,1,0,0,0,0,1,0,1,0,0,0,0
French Polynesia,2021-08-01,0,1,0,0,0,0,1,0,1,0,0,0,0
French Polynesia,2021-08-08,0,3,0,0,0,0,3,0,1,0,0,0,0
French Polynesia,2021-08-15,0,3,0,0,0,0,3,0,1,0,0,0,0
French Polynesia,2021-08-22,0,0,0,0,0,0,0,0,1,0,0,0,0
French Polynesia,2021-08-29,0,4,0,0,0,0,4,0,1,0,0,0,0
French Polynesia,2021-09-05,0,3,0,0,0,0,3,0,1,0,0,0,0
French Polynesia,2021-09-12,0,4,0,0,0,1,5,0,0.8,0,0,0,0.2
French Polynesia,2021-09-19,0,0,0,0,0,0,0,0,0.685714285714286,0,0,0,0.314285714285714
French Polynesia,2021-09-26,0,2,0,0,0,0,2,0,1,0,0,0,0
French Polynesia,2021-10-03,0,4,0,0,0,3,7,0,0.571428571428571,0,0,0,0.428571428571429
French Polynesia,2021-10-10,0,2,0,0,0,1,3,0,0.666666666666667,0,0,0,0.333333333333333
French Polynesia,2021-10-17,0,2,0,0,0,0,2,0,1,0,0,0,0
French Polynesia,2021-10-24,0,1,0,0,0,0,1,0,1,0,0,0,0
French Polynesia,2021-10-31,0,0,0,0,0,0,0,0,1,0,0,0,0
Haiti,2020-11-01,0,0,0,0,0,0,0,0,0,0,0,0,1
Haiti,2020-11-08,0,0,0,0,0,1,1,0,0,0,0,0,1
Haiti,2020-11-15,0,0,0,0,0,2,2,0,0,0,0,0,1
Haiti,2020-11-22,0,0,0,0,0,1,1,0,0,0,0,0,1
Haiti,2020-11-29,0,0,0,0,0,1,1,0,0,0,0,0,1
Haiti,2020-12-06,0,0,0,0,0,1,1,0,0,0,0,0,1
Haiti,2020-12-13,0,0,0,0,0,1,1,0,0,0,0,0,1
Haiti,2020-12-20,0,0,0,0,0,5,5,0,0,0,0,0,1
Haiti,2020-12-27,0,0,0,0,0,2,2,0,0,0,0,0,1
Haiti,2021-01-03,0,0,0,0,0,0,0,0,0,0,0,0,1
Haiti,2021-01-10,0,0,0,0,0,1,1,0,0,0,0,0,1
Haiti,2021-01-17,0,0,0,0,0,0,0,0,0,0,0,0.5,0.5
Haiti,2021-01-24,0,0,0,0,0,0,0,0,0,0,0,0.5,0.5
Haiti,2021-01-31,0,0,0,0,0,1,1,0,0,0,0,0,1
Haiti,2021-02-07,0,0,0,0,0,0,0,0,0,0.5,0,0,0.5
Haiti,2021-02-14,0,0,0,0,0,0,0,0,0,0.5,0,0,0.5
Haiti,2021-02-21,0,0,0,0,0,0,0,0,0,0.5,0,0,0.5
Haiti,2021-02-28,0,0,0,0,0,0,0,0,0,0.5,0,0,0.5
Haiti,2021-03-07,0,0,0,0,0,0,0,0,0,0.5,0,0,0.5
Haiti,2021-03-14,0,0,0,0,0,0,0,0,0,0.5,0,0,0.5
Haiti,2021-03-21,0,0,0,0,0,0,0,0,0,0.5,0,0,0.5
Haiti,2021-03-28,0,0,0,0,0,0,0,0,0,0.5,0,0,0.5
Haiti,2021-04-04,0,0,0,0,0,0,0,0,0,0.5,0,0,0.5
Haiti,2021-04-11,0,0,0,0,0,0,0,0,0,0.5,0,0,0.5
Haiti,2021-04-18,0,0,0,0,0,0,0,0,0,0.5,0,0,0.5
Haiti,2021-04-25,0,0,0,0,0,0,0,0,0,0.5,0,0,0.5
Haiti,2021-05-02,0,0,0,0,1,0,1,0,0,0,0,1,0
Haiti,2021-05-09,0,0,9,0,0,0,9,0,0,1,0,0,0
Haiti,2021-05-16,1,0,37,0,0,1,39,0.0256410256410256,0,0.948717948717949,0,0,0.0256410256410256
Haiti,2021-05-23,0,0,0,0,0,0,0,0.0128205128205128,0,0.641025641025641,0,0.333333333333333,0.0128205128205128
Haiti,2021-05-30,0,0,0,0,0,0,0,0.0128205128205128,0,0.641025641025641,0,0.333333333333333,0.0128205128205128
Haiti,2021-06-06,0,0,0,0,0,0,0,0.0128205128205128,0,0.641025641025641,0,0.333333333333333,0.0128205128205128
Haiti,2021-06-13,0,0,0,0,0,0,0,0.0128205128205128,0,0.641025641025641,0,0.333333333333333,0.0128205128205128
Haiti,2021-06-20,0,0,0,0,0,0,0,0.0128205128205128,0,0.641025641025641,0,0.333333333333333,0.0128205128205128
Haiti,2021-06-27,0,0,2,0,0,0,2,0,0,1,0,0,0
Haiti,2021-07-04,0,0,0,0,0,0,0,0,0,0.75,0,0.25,0
Haiti,2021-07-11,0,0,1,0,2,0,3,0,0,0.333333333333333,0,0.666666666666667,0
Haiti,2021-07-18,0,0,1,0,1,0,2,0,0,0.5,0,0.5,0
Haiti,2021-07-25,0,1,0,0,2,0,3,0,0.333333333333333,0,0,0.666666666666667,0
Haiti,2021-08-01,0,0,5,0,0,0,5,0,0,1,0,0,0
Haiti,2021-08-08,0,0,0,0,0,0,0,0,0,1,0,0,0
Haiti,2021-08-15,0,0,0,0,0,0,0,0,0,1,0,0,0
Haiti,2021-08-22,0,0,0,0,0,0,0,0,0,1,0,0,0
Haiti,2021-08-29,0,0,0,0,0,0,0,0,0,1,0,0,0
Haiti,2021-09-05,0,0,0,0,0,0,0,0,0,1,0,0,0
Haiti,2021-09-12,0,0,0,0,0,0,0,0,0,1,0,0,0
Haiti,2021-09-19,0,0,0,0,0,0,0,0,0,1,0,0,0
Haiti,2021-09-26,0,0,0,0,0,0,0,0,0,1,0,0,0
Haiti,2021-10-03,0,0,0,0,0,0,0,0,0,1,0,0,0
Haiti,2021-10-10,0,0,0,0,0,0,0,0,0,1,0,0,0
Haiti,2021-10-17,0,0,0,0,0,0,0,0,0,1,0,0,0
Haiti,2021-10-24,0,0,0,0,0,0,0,0,0,1,0,0,0
Haiti,2021-10-31,0,0,0,0,0,0,0,0,0,1,0,0,0
India,2020-11-01,0,7,0,0,0,199,206,0,0.0339805825242718,0,0,0,0.966019417475728
India,2020-11-08,0,5,0,0,0,151,156,0,0.032051282051282,0,0,0,0.967948717948718
India,2020-11-15,0,2,0,0,0,136,138,0,0.0144927536231884,0,0,0,0.985507246376812
India,2020-11-22,3,4,0,0,0,447,454,0.0066079295154185,0.00881057268722467,0,0,0,0.984581497797357
India,2020-11-29,1,8,0,0,0,599,608,0.00164473684210526,0.0131578947368421,0,0,0,0.985197368421053
India,2020-12-06,2,6,0,0,0,659,667,0.00299850074962519,0.00899550224887556,0,0,0,0.988005997001499
India,2020-12-13,7,0,0,0,0,884,891,0.00785634118967452,0,0,0,0,0.992143658810326
India,2020-12-20,45,0,0,0,0,782,827,0.0544135429262394,0,0,0,0,0.945586457073761
India,2020-12-27,19,3,0,0,0,484,506,0.0375494071146245,0.00592885375494071,0,0,0,0.956521739130435
India,2021-01-03,7,40,0,0,0,519,566,0.0123674911660777,0.0706713780918728,0,0,0,0.916961130742049
India,2021-01-10,14,32,0,0,0,508,554,0.0252707581227437,0.0577617328519856,0,0,0,0.916967509025271
India,2021-01-17,30,5,0,0,0,622,657,0.045662100456621,0.0076103500761035,0,0,0,0.946727549467275
India,2021-01-24,11,11,0,0,0,402,424,0.0259433962264151,0.0259433962264151,0,0,0,0.94811320754717
India,2021-01-31,44,38,0,0,0,833,915,0.0480874316939891,0.0415300546448087,0,0,0,0.910382513661202
India,2021-02-07,70,106,0,0,0,492,668,0.104790419161677,0.158682634730539,0,0,0,0.736526946107784
India,2021-02-14,86,13,0,0,0,897,996,0.0863453815261044,0.0130522088353414,0,0,0,0.900602409638554
India,2021-02-21,134,15,0,0,0,941,1090,0.122935779816514,0.0137614678899083,0,0,0,0.863302752293578
India,2021-02-28,193,75,0,0,0,1082,1350,0.142962962962963,0.0555555555555556,0,0,0,0.801481481481481
India,2021-03-07,528,101,0,0,0,1163,1792,0.294642857142857,0.0563616071428571,0,0,0,0.648995535714286
India,2021-03-14,484,156,0,0,0,1308,1948,0.248459958932238,0.080082135523614,0,0,0,0.671457905544148
India,2021-03-21,532,291,2,0,0,1449,2274,0.233948988566403,0.127968337730871,0.000879507475813544,0,0,0.637203166226913
India,2021-03-28,483,701,0,0,0,1257,2441,0.197869725522327,0.287177386317083,0,0,0,0.51495288816059
India,2021-04-04,440,1664,1,0,0,1614,3719,0.118311374025276,0.447432105404679,0.000268889486421081,0,0,0.433987631083625
India,2021-04-11,380,2191,0,0,0,1135,3706,0.102536427415003,0.591203453858608,0,0,0,0.30626011872639
India,2021-04-18,253,2409,0,0,0,845,3507,0.0721414314228686,0.686911890504705,0,0,0,0.240946678072427
India,2021-04-25,223,3165,0,0,0,963,4351,0.0512525856125029,0.727418984141577,0,0,0,0.22132843024592
India,2021-05-02,52,2954,0,0,0,537,3543,0.0146768275472763,0.833756703358736,0,0,0,0.151566469093988
India,2021-05-09,27,2768,0,0,0,398,3193,0.00845599749451926,0.866896335734419,0,0,0,0.124647666771062
India,2021-05-16,18,2851,0,0,0,528,3397,0.00529879305269355,0.839269944068296,0,0,0,0.155431262879011
India,2021-05-23,5,1944,0,0,0,366,2315,0.00215982721382289,0.839740820734341,0,0,0,0.158099352051836
India,2021-05-30,9,2063,0,0,0,309,2381,0.00377992440151197,0.866442671146577,0,0,0,0.129777404451911
India,2021-06-06,4,1749,0,0,0,179,1932,0.0020703933747412,0.90527950310559,0,0,0,0.0926501035196687
India,2021-06-13,1,1765,0,0,0,199,1965,0.000508905852417303,0.898218829516539,0,0,0,0.101272264631043
India,2021-06-20,4,1668,0,0,0,211,1883,0.00212426978226235,0.885820499203399,0,0,0,0.112055231014339
India,2021-06-27,3,1681,0,0,0,223,1907,0.00157315154693235,0.881489250131096,0,0,0,0.116937598321972
India,2021-07-04,1,1590,0,0,0,194,1785,0.000560224089635854,0.890756302521008,0,0,0,0.108683473389356
India,2021-07-11,0,1447,0,0,0,132,1579,0,0.916402786573781,0,0,0,0.0835972134262191
India,2021-07-18,0,1681,0,0,0,103,1784,0,0.942264573991031,0,0,0,0.0577354260089686
India,2021-07-25,0,1176,0,0,0,42,1218,0,0.96551724137931,0,0,0,0.0344827586206897
India,2021-08-01,1,1689,0,0,0,100,1790,0.000558659217877095,0.943575418994413,0,0,0,0.0558659217877095
India,2021-08-08,1,1272,1,0,0,91,1365,0.000732600732600733,0.931868131868132,0.000732600732600733,0,0,0.0666666666666667
India,2021-08-15,0,1353,0,0,0,71,1424,0,0.950140449438202,0,0,0,0.0498595505617977
India,2021-08-22,0,2003,0,0,0,98,2101,0,0.953355544978582,0,0,0,0.0466444550214184
India,2021-08-29,0,1959,0,0,0,59,2018,0,0.970763131813677,0,0,0,0.0292368681863231
India,2021-09-05,1,1698,0,0,0,79,1778,0.000562429696287964,0.955005624296963,0,0,0,0.0444319460067492
India,2021-09-12,0,1496,0,0,0,47,1543,0,0.969539857420609,0,0,0,0.0304601425793908
India,2021-09-19,0,1500,0,0,0,70,1570,0,0.955414012738854,0,0,0,0.0445859872611465
India,2021-09-26,0,1413,0,0,0,85,1498,0,0.943257676902537,0,0,0,0.0567423230974633
India,2021-10-03,2,1943,0,0,0,143,2088,0.000957854406130268,0.930555555555556,0,0,0,0.0684865900383142
India,2021-10-10,0,1747,0,0,0,53,1800,0,0.970555555555556,0,0,0,0.0294444444444444
India,2021-10-17,0,1533,0,0,0,50,1583,0,0.968414403032217,0,0,0,0.0315855969677827
India,2021-10-24,0,1542,0,0,0,79,1621,0,0.951264651449722,0,0,0,0.0487353485502776
India,2021-10-31,0,1341,0,0,0,95,1436,0,0.933844011142061,0,0,0,0.0661559888579387
Mexico,2020-11-01,0,0,0,0,0,48,48,0,0,0,0,0,1
Mexico,2020-11-08,0,0,0,0,0,74,74,0,0,0,0,0,1
Mexico,2020-11-15,0,0,0,0,0,97,97,0,0,0,0,0,1
Mexico,2020-11-22,0,0,0,0,0,128,128,0,0,0,0,0,1
Mexico,2020-11-29,0,0,0,0,0,107,107,0,0,0,0,0,1
Mexico,2020-12-06,0,0,0,0,0,135,135,0,0,0,0,0,1
Mexico,2020-12-13,0,0,0,0,0,170,170,0,0,0,0,0,1
Mexico,2020-12-20,0,0,0,0,0,213,213,0,0,0,0,0,1
Mexico,2020-12-27,0,0,0,0,0,67,67,0,0,0,0,0,1
Mexico,2021-01-03,0,0,0,0,0,130,130,0,0,0,0,0,1
Mexico,2021-01-10,1,0,0,0,0,121,122,0.00819672131147541,0,0,0,0,0.991803278688525
Mexico,2021-01-17,4,2,0,0,0,238,244,0.0163934426229508,0.00819672131147541,0,0,0,0.975409836065574
Mexico,2021-01-24,1,1,1,0,0,140,143,0.00699300699300699,0.00699300699300699,0.00699300699300699,0,0,0.979020979020979
Mexico,2021-01-31,1,1,1,0,0,221,224,0.00446428571428571,0.00446428571428571,0.00446428571428571,0,0,0.986607142857143
Mexico,2021-02-07,3,0,0,0,0,576,579,0.00518134715025907,0,0,0,0,0.994818652849741
Mexico,2021-02-14,7,0,0,0,0,525,532,0.0131578947368421,0,0,0,0,0.986842105263158
Mexico,2021-02-21,4,1,1,0,0,455,461,0.00867678958785249,0.00216919739696312,0.00216919739696312,0,0,0.986984815618221
Mexico,2021-02-28,13,0,0,0,0,785,798,0.0162907268170426,0,0,0,0,0.983709273182957
Mexico,2021-03-07,13,0,2,0,0,592,607,0.0214168039538715,0,0.00329489291598023,0,0,0.975288303130148
Mexico,2021-03-14,13,0,1,0,0,574,588,0.022108843537415,0,0.00170068027210884,0,0,0.976190476190476
Mexico,2021-03-21,19,1,5,0,0,547,572,0.0332167832167832,0.00174825174825175,0.00874125874125874,0,0,0.956293706293706
Mexico,2021-03-28,14,0,12,0,0,413,439,0.0318906605922551,0,0.0273348519362187,0,0,0.940774487471526
Mexico,2021-04-04,40,0,8,1,0,599,648,0.0617283950617284,0,0.0123456790123457,0.00154320987654321,0,0.924382716049383
Mexico,2021-04-11,48,0,23,4,0,558,633,0.0758293838862559,0,0.0363349131121643,0.00631911532385466,0,0.881516587677725
Mexico,2021-04-18,66,1,33,10,3,501,614,0.107491856677524,0.00162866449511401,0.0537459283387622,0.0162866449511401,0.00488599348534202,0.815960912052117
Mexico,2021-04-25,90,0,49,15,3,584,741,0.121457489878543,0,0.0661268556005398,0.0202429149797571,0.00404858299595142,0.788124156545209
Mexico,2021-05-02,148,11,94,7,9,637,906,0.163355408388521,0.0121412803532009,0.103752759381898,0.00772626931567329,0.00993377483443709,0.703090507726269
Mexico,2021-05-09,128,17,88,7,15,478,733,0.17462482946794,0.0231923601637108,0.120054570259209,0.00954979536152797,0.0204638472032742,0.652114597544338
Mexico,2021-05-16,185,18,226,10,24,490,953,0.194123819517314,0.018887722980063,0.237145855194124,0.0104931794333683,0.0251836306400839,0.514165792235047
Mexico,2021-05-23,152,40,181,4,9,349,735,0.206802721088435,0.054421768707483,0.246258503401361,0.0054421768707483,0.0122448979591837,0.474829931972789
Mexico,2021-05-30,238,121,426,14,29,362,1190,0.2,0.101680672268908,0.357983193277311,0.0117647058823529,0.0243697478991597,0.304201680672269
Mexico,2021-06-06,192,105,417,19,22,277,1032,0.186046511627907,0.101744186046512,0.40406976744186,0.0184108527131783,0.0213178294573643,0.268410852713178
Mexico,2021-06-13,126,188,251,21,21,219,826,0.152542372881356,0.227602905569007,0.303874092009685,0.0254237288135593,0.0254237288135593,0.265133171912833
Mexico,2021-06-20,117,414,274,27,38,204,1074,0.108938547486034,0.385474860335196,0.25512104283054,0.0251396648044693,0.0353817504655493,0.189944134078212
Mexico,2021-06-27,58,669,169,22,51,144,1113,0.0521114106019766,0.601078167115903,0.151841868823001,0.0197663971248877,0.045822102425876,0.129380053908356
Mexico,2021-07-04,40,687,122,14,65,80,1008,0.0396825396825397,0.681547619047619,0.121031746031746,0.0138888888888889,0.064484126984127,0.0793650793650794
Mexico,2021-07-11,21,694,86,8,42,45,896,0.0234375,0.774553571428571,0.0959821428571429,0.00892857142857143,0.046875,0.0502232142857143
Mexico,2021-07-18,21,1242,87,11,37,65,1463,0.0143540669856459,0.848940533151059,0.0594668489405332,0.0075187969924812,0.0252904989747095,0.0444292549555707
Mexico,2021-07-25,16,1135,67,7,20,281,1526,0.0104849279161206,0.743774574049803,0.0439056356487549,0.00458715596330275,0.0131061598951507,0.184141546526868
Mexico,2021-08-01,5,1348,39,7,19,117,1535,0.00325732899022801,0.878175895765472,0.0254071661237785,0.00456026058631922,0.0123778501628664,0.0762214983713355
Mexico,2021-08-08,2,1033,17,4,8,121,1185,0.00168776371308017,0.871729957805907,0.0143459915611814,0.00337552742616034,0.00675105485232068,0.10210970464135
Mexico,2021-08-15,2,1264,21,3,8,124,1422,0.00140646976090014,0.888888888888889,0.0147679324894515,0.00210970464135021,0.00562587904360056,0.0872011251758087
Mexico,2021-08-22,1,892,7,0,3,12,915,0.00109289617486339,0.974863387978142,0.00765027322404372,0,0.00327868852459016,0.0131147540983607
Mexico,2021-08-29,1,1192,8,0,2,4,1207,0.000828500414250207,0.987572493786247,0.00662800331400166,0,0.00165700082850041,0.00331400165700083
Mexico,2021-09-05,0,1075,4,0,1,3,1083,0,0.992613111726685,0.00369344413665743,0,0.000923361034164358,0.00277008310249307
Mexico,2021-09-12,0,1000,2,0,1,0,1003,0,0.997008973080758,0.00199401794616152,0,0.000997008973080758,0
Mexico,2021-09-19,0,1282,2,0,1,11,1296,0,0.989197530864197,0.00154320987654321,0,0.000771604938271605,0.00848765432098765
Mexico,2021-09-26,0,1220,1,0,0,8,1229,0,0.992676973148902,0.00081366965012205,0,0,0.0065093572009764
Mexico,2021-10-03,0,1057,0,0,0,7,1064,0,0.993421052631579,0,0,0,0.00657894736842105
Mexico,2021-10-10,1,853,0,0,0,6,860,0.00116279069767442,0.991860465116279,0,0,0,0.00697674418604651
Mexico,2021-10-17,0,936,0,0,0,1,937,0,0.998932764140875,0,0,0,0.00106723585912487
Mexico,2021-10-24,0,864,0,0,0,2,866,0,0.997690531177829,0,0,0,0.0023094688221709
Mexico,2021-10-31,0,832,0,0,0,3,835,0,0.996407185628743,0,0,0,0.00359281437125748
Netherlands,2020-11-01,0,0,0,0,0,199,199,0,0,0,0,0,1
Netherlands,2020-11-08,1,0,0,0,0,220,221,0.00452488687782805,0,0,0,0,0.995475113122172
Netherlands,2020-11-15,0,0,0,0,0,243,243,0,0,0,0,0,1
Netherlands,2020-11-22,0,0,0,0,0,252,252,0,0,0,0,0,1
Netherlands,2020-11-29,2,0,0,0,0,263,265,0.00754716981132075,0,0,0,0,0.992452830188679
Netherlands,2020-12-06,3,0,0,0,0,364,367,0.00817438692098093,0,0,0,0,0.991825613079019
Netherlands,2020-12-13,21,0,0,0,0,396,417,0.0503597122302158,0,0,0,0,0.949640287769784
Netherlands,2020-12-20,46,0,0,0,0,487,533,0.0863039399624766,0,0,0,0,0.913696060037523
Netherlands,2020-12-27,97,0,0,0,0,525,622,0.155948553054662,0,0,0,0,0.844051446945338
Netherlands,2021-01-03,106,6,0,0,0,648,760,0.139473684210526,0.00789473684210526,0,0,0,0.852631578947368
Netherlands,2021-01-10,180,14,0,0,0,695,889,0.202474690663667,0.015748031496063,0,0,0,0.78177727784027
Netherlands,2021-01-17,200,2,0,0,0,668,870,0.229885057471264,0.00229885057471264,0,0,0,0.767816091954023
Netherlands,2021-01-24,323,0,3,0,0,807,1133,0.285083848190644,0,0.00264783759929391,0,0,0.712268314210062
Netherlands,2021-01-31,410,0,1,0,0,799,1210,0.338842975206612,0,0.000826446280991736,0,0,0.660330578512397
Netherlands,2021-02-07,403,15,3,0,0,723,1144,0.352272727272727,0.0131118881118881,0.00262237762237762,0,0,0.631993006993007
Netherlands,2021-02-14,815,0,6,0,0,446,1267,0.643251775848461,0,0.00473559589581689,0,0,0.352012628255722
Netherlands,2021-02-21,1049,0,11,0,0,345,1405,0.746619217081851,0,0.00782918149466192,0,0,0.245551601423488
Netherlands,2021-02-28,1614,0,27,0,0,307,1948,0.828542094455852,0,0.0138603696098563,0,0,0.157597535934292
Netherlands,2021-03-07,1946,19,18,0,0,301,2284,0.852014010507881,0.00831873905429072,0.00788091068301226,0,0,0.131786339754816
Netherlands,2021-03-14,1553,0,45,0,0,171,1769,0.877897117015263,0,0.0254381006218202,0,0,0.0966647823629169
Netherlands,2021-03-21,1796,0,55,0,0,129,1980,0.907070707070707,0,0.0277777777777778,0,0,0.0651515151515152
Netherlands,2021-03-28,1810,0,31,0,0,112,1953,0.926779313876088,0,0.0158730158730159,0,0,0.0573476702508961
Netherlands,2021-04-04,1664,1,38,0,1,61,1765,0.942776203966006,0.00056657223796034,0.0215297450424929,0,0.00056657223796034,0.0345609065155807
Netherlands,2021-04-11,1730,24,28,0,7,50,1839,0.940728656878738,0.0130505709624796,0.0152256661228929,0,0.00380641653072322,0.0271886895051659
Netherlands,2021-04-18,1679,12,37,0,4,43,1775,0.945915492957746,0.00676056338028169,0.0208450704225352,0,0.00225352112676056,0.0242253521126761
Netherlands,2021-04-25,2057,21,41,0,10,36,2165,0.950115473441109,0.00969976905311778,0.0189376443418014,0,0.0046189376443418,0.0166281755196305
Netherlands,2021-05-02,1671,11,46,0,3,22,1753,0.953223046206503,0.0062749572162008,0.0262407301768397,0,0.00171135196805476,0.0125499144324016
Netherlands,2021-05-09,1663,28,37,0,5,17,1750,0.950285714285714,0.016,0.0211428571428571,0,0.00285714285714286,0.00971428571428571
Netherlands,2021-05-16,1511,20,41,0,7,9,1588,0.951511335012594,0.0125944584382872,0.0258186397984887,0,0.0044080604534005,0.00566750629722922
Netherlands,2021-05-23,1281,58,27,1,1,12,1380,0.928260869565217,0.0420289855072464,0.0195652173913043,0.00072463768115942,0.00072463768115942,0.00869565217391304
Netherlands,2021-05-30,1142,80,30,0,7,21,1280,0.8921875,0.0625,0.0234375,0,0.00546875,0.01640625
Netherlands,2021-06-06,1151,171,16,0,5,25,1368,0.841374269005848,0.125,0.0116959064327485,0,0.00365497076023392,0.0182748538011696
Netherlands,2021-06-13,782,366,16,0,7,35,1206,0.648424543946932,0.303482587064677,0.0132669983416252,0,0.00580431177446103,0.0290215588723051
Netherlands,2021-06-20,436,338,4,1,7,16,802,0.543640897755611,0.4214463840399,0.00498753117206983,0.00124688279301746,0.00872817955112219,0.0199501246882793
Netherlands,2021-06-27,279,677,4,1,10,21,992,0.28125,0.682459677419355,0.00403225806451613,0.00100806451612903,0.0100806451612903,0.0211693548387097
Netherlands,2021-07-04,321,1986,3,8,0,13,2331,0.137709137709138,0.851994851994852,0.00128700128700129,0.00343200343200343,0,0.00557700557700558
Netherlands,2021-07-11,166,2668,3,1,0,2,2840,0.0584507042253521,0.93943661971831,0.00105633802816901,0.000352112676056338,0,0.000704225352112676
Netherlands,2021-07-18,59,2089,4,0,0,0,2152,0.0274163568773234,0.970724907063197,0.00185873605947955,0,0,0
Netherlands,2021-07-25,26,1726,3,0,3,1,1759,0.0147811256395679,0.981239340534395,0.00170551449687322,0,0.00170551449687322,0.000568504832291074
Netherlands,2021-08-01,7,1460,0,0,0,1,1468,0.00476839237057221,0.994550408719346,0,0,0,0.000681198910081744
Netherlands,2021-08-08,9,1409,0,0,0,0,1418,0.00634696755994358,0.993653032440056,0,0,0,0
Netherlands,2021-08-15,4,1672,2,0,0,0,1678,0.00238379022646007,0.99642431466031,0.00119189511323004,0,0,0
Netherlands,2021-08-22,3,2069,2,0,0,0,2074,0.00144648023143684,0.997589199614272,0.000964320154291225,0,0,0
Netherlands,2021-08-29,5,1514,0,0,0,5,1524,0.00328083989501312,0.993438320209974,0,0,0,0.00328083989501312
Netherlands,2021-09-05,2,1431,0,0,0,0,1433,0.00139567341242149,0.998604326587578,0,0,0,0
Netherlands,2021-09-12,1,1366,0,0,0,0,1367,0.000731528895391368,0.999268471104609,0,0,0,0
Netherlands,2021-09-19,0,1307,0,0,0,3,1310,0,0.997709923664122,0,0,0,0.00229007633587786
Netherlands,2021-09-26,1,1071,0,0,0,0,1072,0.000932835820895522,0.999067164179104,0,0,0,0
Netherlands,2021-10-03,0,1218,0,0,0,0,1218,0,1,0,0,0,0
Netherlands,2021-10-10,2,1526,0,0,0,3,1531,0.00130633572828217,0.996734160679295,0,0,0,0.00195950359242325
Netherlands,2021-10-17,0,1437,0,0,0,2,1439,0,0.998610145934677,0,0,0,0.00138985406532314
Netherlands,2021-10-24,0,1818,0,0,0,2,1820,0,0.998901098901099,0,0,0,0.0010989010989011
Netherlands,2021-10-31,0,1853,0,0,0,0,1853,0,1,0,0,0,0
New Zealand,2020-11-01,0,0,0,0,0,12,12,0,0,0,0,0,1
New Zealand,2020-11-08,0,0,0,0,0,11,11,0,0,0,0,0,1
New Zealand,2020-11-15,0,0,0,0,0,13,13,0,0,0,0,0,1
New Zealand,2020-11-22,0,0,0,0,0,13,13,0,0,0,0,0,1
New Zealand,2020-11-29,0,0,0,0,0,13,13,0,0,0,0,0,1
New Zealand,2020-12-06,0,0,0,0,0,9,9,0,0,0,0,0,1
New Zealand,2020-12-13,3,0,0,0,0,7,10,0.3,0,0,0,0,0.7
New Zealand,2020-12-20,2,0,0,0,0,6,8,0.25,0,0,0,0,0.75
New Zealand,2020-12-27,12,0,0,0,0,11,23,0.521739130434783,0,0,0,0,0.478260869565217
New Zealand,2021-01-03,6,0,0,0,0,12,18,0.333333333333333,0,0,0,0,0.666666666666667
New Zealand,2021-01-10,4,0,0,0,0,12,16,0.25,0,0,0,0,0.75
New Zealand,2021-01-17,7,0,0,0,0,6,13,0.538461538461538,0,0,0,0,0.461538461538462
New Zealand,2021-01-24,5,0,0,0,0,5,10,0.5,0,0,0,0,0.5
New Zealand,2021-01-31,6,0,0,0,0,2,8,0.75,0,0,0,0,0.25
New Zealand,2021-02-07,3,0,0,0,0,4,7,0.428571428571429,0,0,0,0,0.571428571428571
New Zealand,2021-02-14,5,0,0,0,0,2,7,0.714285714285714,0,0,0,0,0.285714285714286
New Zealand,2021-02-21,11,0,0,0,0,4,15,0.733333333333333,0,0,0,0,0.266666666666667
New Zealand,2021-02-28,11,0,2,0,0,3,16,0.6875,0,0.125,0,0,0.1875
New Zealand,2021-03-07,8,0,1,0,0,6,15,0.533333333333333,0,0.0666666666666667,0,0,0.4
New Zealand,2021-03-14,7,1,1,0,0,5,14,0.5,0.0714285714285714,0.0714285714285714,0,0,0.357142857142857
New Zealand,2021-03-21,8,0,0,0,0,2,10,0.8,0,0,0,0,0.2
New Zealand,2021-03-28,11,2,0,0,0,2,15,0.733333333333333,0.133333333333333,0,0,0,0.133333333333333
New Zealand,2021-04-04,13,5,1,0,0,4,23,0.565217391304348,0.217391304347826,0.0434782608695652,0,0,0.173913043478261
New Zealand,2021-04-11,5,1,0,0,0,0,6,0.833333333333333,0.166666666666667,0,0,0,0
New Zealand,2021-04-18,7,1,0,0,0,1,9,0.777777777777778,0.111111111111111,0,0,0,0.111111111111111
New Zealand,2021-04-25,8,0,0,0,0,2,10,0.8,0,0,0,0,0.2
New Zealand,2021-05-02,3,2,0,0,0,1,6,0.5,0.333333333333333,0,0,0,0.166666666666667
New Zealand,2021-05-09,0,0,1,0,0,1,2,0,0,0.5,0,0,0.5
New Zealand,2021-05-16,0,2,0,0,0,2,4,0,0.5,0,0,0,0.5
New Zealand,2021-05-23,1,2,0,0,0,1,4,0.25,0.5,0,0,0,0.25
New Zealand,2021-05-30,2,1,1,0,0,0,4,0.5,0.25,0.25,0,0,0
New Zealand,2021-06-06,1,8,0,0,0,1,10,0.1,0.8,0,0,0,0.1
New Zealand,2021-06-13,1,5,0,0,0,1,7,0.142857142857143,0.714285714285714,0,0,0,0.142857142857143
New Zealand,2021-06-20,0,4,0,0,0,2,6,0,0.666666666666667,0,0,0,0.333333333333333
New Zealand,2021-06-27,2,6,0,0,0,2,10,0.2,0.6,0,0,0,0.2
New Zealand,2021-07-04,0,4,0,0,0,0,4,0,1,0,0,0,0
New Zealand,2021-07-11,0,28,0,0,0,0,28,0,1,0,0,0,0
New Zealand,2021-07-18,0,22,0,0,0,0,22,0,1,0,0,0,0
New Zealand,2021-07-25,0,12,0,0,0,0,12,0,1,0,0,0,0
New Zealand,2021-08-01,0,16,0,0,0,0,16,0,1,0,0,0,0
New Zealand,2021-08-08,0,13,0,0,0,0,13,0,1,0,0,0,0
New Zealand,2021-08-15,0,131,0,0,0,0,131,0,1,0,0,0,0
New Zealand,2021-08-22,0,388,0,0,0,0,388,0,1,0,0,0,0
New Zealand,2021-08-29,0,243,0,0,0,0,243,0,1,0,0,0,0
New Zealand,2021-09-05,0,131,0,0,0,0,131,0,1,0,0,0,0
New Zealand,2021-09-12,0,105,0,0,0,0,105,0,1,0,0,0,0
New Zealand,2021-09-19,0,109,0,0,0,0,109,0,1,0,0,0,0
New Zealand,2021-09-26,0,156,0,0,0,0,156,0,1,0,0,0,0
New Zealand,2021-10-03,0,226,0,0,0,0,226,0,1,0,0,0,0
New Zealand,2021-10-10,0,338,0,0,0,0,338,0,1,0,0,0,0
New Zealand,2021-10-17,0,409,0,0,0,0,409,0,1,0,0,0,0
New Zealand,2021-10-24,0,209,0,0,0,0,209,0,1,0,0,0,0
New Zealand,2021-10-31,0,223,0,0,0,0,223,0,1,0,0,0,0
Panama,2020-11-01,0,0,0,0,0,0,0,0,0,0,0,0,1
Panama,2020-11-08,0,0,0,0,0,0,0,0,0,0,0,0,1
Panama,2020-11-15,0,0,0,0,0,4,4,0,0,0,0,0,1
Panama,2020-11-22,0,0,0,0,0,4,4,0,0,0,0,0,1
Panama,2020-11-29,0,0,0,0,0,13,13,0,0,0,0,0,1
Panama,2020-12-06,0,0,0,0,0,0,0,0,0,0,0,0,1
Panama,2020-12-13,0,0,0,0,0,0,0,0,0,0,0,0,1
Panama,2020-12-20,0,0,0,0,0,44,44,0,0,0,0,0,1
Panama,2020-12-27,0,0,0,0,0,19,19,0,0,0,0,0,1
Panama,2021-01-03,0,0,0,0,0,33,33,0,0,0,0,0,1
Panama,2021-01-10,0,0,0,0,0,24,24,0,0,0,0,0,1
Panama,2021-01-17,0,0,0,0,0,20,20,0,0,0,0,0,1
Panama,2021-01-24,0,0,0,0,0,28,28,0,0,0,0,0,1
Panama,2021-01-31,0,0,0,0,0,38,38,0,0,0,0,0,1
Panama,2021-02-07,0,0,0,0,0,23,23,0,0,0,0,0,1
Panama,2021-02-14,0,0,0,0,0,22,22,0,0,0,0,0,1
Panama,2021-02-21,0,0,0,0,0,1,1,0,0,0,0,0,1
Panama,2021-02-28,0,0,0,0,0,53,53,0,0,0,0,0,1
Panama,2021-03-07,0,0,1,0,0,34,35,0,0,0.0285714285714286,0,0,0.971428571428571
Panama,2021-03-14,0,0,6,0,0,37,43,0,0,0.13953488372093,0,0,0.86046511627907
Panama,2021-03-21,1,0,2,1,1,29,34,0.0294117647058824,0,0.0588235294117647,0.0294117647058824,0.0294117647058824,0.852941176470588
Panama,2021-03-28,3,0,6,2,2,42,55,0.0545454545454545,0,0.109090909090909,0.0363636363636364,0.0363636363636364,0.763636363636364
Panama,2021-04-04,3,0,8,0,4,25,40,0.075,0,0.2,0,0.1,0.625
Panama,2021-04-11,6,0,1,1,3,18,29,0.206896551724138,0,0.0344827586206897,0.0344827586206897,0.103448275862069,0.620689655172414
Panama,2021-04-18,5,0,4,1,3,28,41,0.121951219512195,0,0.0975609756097561,0.024390243902439,0.0731707317073171,0.682926829268293
Panama,2021-04-25,8,1,1,1,3,24,38,0.210526315789474,0.0263157894736842,0.0263157894736842,0.0263157894736842,0.0789473684210526,0.631578947368421
Panama,2021-05-02,0,0,0,0,0,0,0,0.210526315789474,0.0263157894736842,0.0263157894736842,0.0263157894736842,0.0789473684210526,0.631578947368421
Panama,2021-05-09,0,0,0,0,0,0,0,0.210526315789474,0.0263157894736842,0.0263157894736842,0.0263157894736842,0.0789473684210526,0.631578947368421
Panama,2021-05-16,0,0,0,0,0,0,0,0.210526315789474,0.0263157894736842,0.0263157894736842,0.0263157894736842,0.0789473684210526,0.631578947368421
Panama,2021-05-23,0,0,0,0,0,0,0,0.210526315789474,0.0263157894736842,0.0263157894736842,0.0263157894736842,0.0789473684210526,0.631578947368421
Panama,2021-05-30,0,0,0,0,0,0,0,0.210526315789474,0.0263157894736842,0.0263157894736842,0.0263157894736842,0.0789473684210526,0.631578947368421
Panama,2021-06-06,0,0,0,0,0,0,0,0.210526315789474,0.0263157894736842,0.0263157894736842,0.0263157894736842,0.0789473684210526,0.631578947368421
Panama,2021-06-13,0,0,0,0,0,0,0,0.210526315789474,0.0263157894736842,0.0263157894736842,0.0263157894736842,0.0789473684210526,0.631578947368421
Panama,2021-06-20,0,0,0,0,0,0,0,0.210526315789474,0.0263157894736842,0.0263157894736842,0.0263157894736842,0.0789473684210526,0.631578947368421
Panama,2021-06-27,0,0,0,0,0,0,0,0.210526315789474,0.0263157894736842,0.0263157894736842,0.0263157894736842,0.0789473684210526,0.631578947368421
Panama,2021-07-04,0,0,0,0,0,0,0,0.210526315789474,0.0263157894736842,0.0263157894736842,0.0263157894736842,0.0789473684210526,0.631578947368421
Panama,2021-07-11,0,0,0,0,0,0,0,0.210526315789474,0.0263157894736842,0.0263157894736842,0.0263157894736842,0.0789473684210526,0.631578947368421
Panama,2021-07-18,0,0,0,0,0,0,0,0.210526315789474,0.0263157894736842,0.0263157894736842,0.0263157894736842,0.0789473684210526,0.631578947368421
Panama,2021-07-25,0,0,0,0,0,0,0,0.210526315789474,0.0263157894736842,0.0263157894736842,0.0263157894736842,0.0789473684210526,0.631578947368421
Panama,2021-08-01,0,0,0,0,0,0,0,0.210526315789474,0.0263157894736842,0.0263157894736842,0.0263157894736842,0.0789473684210526,0.631578947368421
Panama,2021-08-08,0,0,0,0,0,0,0,0.210526315789474,0.0263157894736842,0.0263157894736842,0.0263157894736842,0.0789473684210526,0.631578947368421
Panama,2021-08-15,0,0,0,0,0,0,0,0.210526315789474,0.0263157894736842,0.0263157894736842,0.0263157894736842,0.0789473684210526,0.631578947368421
Panama,2021-08-22,0,0,0,0,0,0,0,0.210526315789474,0.0263157894736842,0.0263157894736842,0.0263157894736842,0.0789473684210526,0.631578947368421
Panama,2021-08-29,0,0,0,0,0,0,0,0.210526315789474,0.0263157894736842,0.0263157894736842,0.0263157894736842,0.0789473684210526,0.631578947368421
Panama,2021-09-05,0,0,0,0,0,0,0,0.210526315789474,0.0263157894736842,0.0263157894736842,0.0263157894736842,0.0789473684210526,0.631578947368421
Panama,2021-09-12,0,0,0,0,0,0,0,0.210526315789474,0.0263157894736842,0.0263157894736842,0.0263157894736842,0.0789473684210526,0.631578947368421
Panama,2021-09-19,0,0,0,0,0,0,0,0.210526315789474,0.0263157894736842,0.0263157894736842,0.0263157894736842,0.0789473684210526,0.631578947368421
Panama,2021-09-26,0,0,0,0,0,0,0,0.210526315789474,0.0263157894736842,0.0263157894736842,0.0263157894736842,0.0789473684210526,0.631578947368421
Panama,2021-10-03,0,0,0,0,0,0,0,0.210526315789474,0.0263157894736842,0.0263157894736842,0.0263157894736842,0.0789473684210526,0.631578947368421
Panama,2021-10-10,0,0,0,0,0,0,0,0.210526315789474,0.0263157894736842,0.0263157894736842,0.0263157894736842,0.0789473684210526,0.631578947368421
Panama,2021-10-17,0,0,0,0,0,0,0,0.210526315789474,0.0263157894736842,0.0263157894736842,0.0263157894736842,0.0789473684210526,0.631578947368421
Panama,2021-10-24,0,0,0,0,0,0,0,0.210526315789474,0.0263157894736842,0.0263157894736842,0.0263157894736842,0.0789473684210526,0.631578947368421
Panama,2021-10-31,0,0,0,0,0,0,0,0.210526315789474,0.0263157894736842,0.0263157894736842,0.0263157894736842,0.0789473684210526,0.631578947368421
Paraguay,2020-11-01,0,0,0,0,0,1,1,0,0,0,0,0,1
Paraguay,2020-11-08,0,0,0,0,0,1,1,0,0,0,0,0,1
Paraguay,2020-11-15,0,0,0,0,0,0,0,0,0,0,0,0,1
Paraguay,2020-11-22,0,0,0,0,0,0,0,0,0,0,0,0,1
Paraguay,2020-11-29,0,0,0,0,0,2,2,0,0,0,0,0,1
Paraguay,2020-12-06,0,0,0,0,0,10,10,0,0,0,0,0,1
Paraguay,2020-12-13,0,0,0,0,0,2,2,0,0,0,0,0,1
Paraguay,2020-12-20,0,0,0,0,0,2,2,0,0,0,0,0,1
Paraguay,2020-12-27,0,0,0,0,0,1,1,0,0,0,0,0,1
Paraguay,2021-01-03,0,0,0,0,0,15,15,0,0,0,0,0,1
Paraguay,2021-01-10,0,0,0,0,0,8,8,0,0,0,0,0,1
Paraguay,2021-01-17,0,0,0,0,0,3,3,0,0,0,0,0,1
Paraguay,2021-01-24,0,0,0,0,0,7,7,0,0,0,0,0,1
Paraguay,2021-01-31,0,0,3,0,0,56,59,0,0,0.0508474576271186,0,0,0.949152542372881
Paraguay,2021-02-07,0,0,2,0,0,3,5,0,0,0.4,0,0,0.6
Paraguay,2021-02-14,0,0,2,0,0,24,26,0,0,0.0769230769230769,0,0,0.923076923076923
Paraguay,2021-02-21,0,0,18,0,0,68,86,0,0,0.209302325581395,0,0,0.790697674418605
Paraguay,2021-02-28,2,0,5,0,0,4,11,0.181818181818182,0,0.454545454545455,0,0,0.363636363636364
Paraguay,2021-03-07,0,0,5,0,0,5,10,0,0,0.5,0,0,0.5
Paraguay,2021-03-14,1,0,18,0,0,26,45,0.0222222222222222,0,0.4,0,0,0.577777777777778
Paraguay,2021-03-21,0,0,5,0,0,5,10,0,0,0.5,0,0,0.5
Paraguay,2021-03-28,0,0,6,0,0,1,7,0,0,0.857142857142857,0,0,0.142857142857143
Paraguay,2021-04-04,2,1,3,0,0,4,10,0.2,0.1,0.3,0,0,0.4
Paraguay,2021-04-11,0,0,17,0,0,3,20,0,0,0.85,0,0,0.15
Paraguay,2021-04-18,0,0,8,0,0,0,8,0,0,1,0,0,0
Paraguay,2021-04-25,0,0,8,0,0,2,10,0,0,0.8,0,0,0.2
Paraguay,2021-05-02,1,0,19,0,0,0,20,0.05,0,0.95,0,0,0
Paraguay,2021-05-09,0,0,9,0,0,0,9,0,0,1,0,0,0
Paraguay,2021-05-16,0,0,8,0,0,0,8,0,0,1,0,0,0
Paraguay,2021-05-23,0,0,5,0,0,0,5,0,0,1,0,0,0
Paraguay,2021-05-30,0,0,25,0,0,0,25,0,0,1,0,0,0
Paraguay,2021-06-06,0,0,17,0,0,0,17,0,0,1,0,0,0
Paraguay,2021-06-13,0,0,13,0,0,0,13,0,0,1,0,0,0
Paraguay,2021-06-20,0,0,4,0,0,0,4,0,0,1,0,0,0
Paraguay,2021-06-27,0,0,13,0,0,3,16,0,0,0.8125,0,0,0.1875
Paraguay,2021-07-04,0,11,29,0,0,4,44,0,0.25,0.659090909090909,0,0,0.0909090909090909
Paraguay,2021-07-11,0,4,3,0,0,5,12,0,0.333333333333333,0.25,0,0,0.416666666666667
Paraguay,2021-07-18,1,2,10,0,0,1,14,0.0714285714285714,0.142857142857143,0.714285714285714,0,0,0.0714285714285714
Paraguay,2021-07-25,0,9,1,0,0,4,14,0,0.642857142857143,0.0714285714285714,0,0,0.285714285714286
Paraguay,2021-08-01,0,23,16,0,0,7,46,0,0.5,0.347826086956522,0,0,0.152173913043478
Paraguay,2021-08-08,0,28,13,0,0,3,44,0,0.636363636363636,0.295454545454545,0,0,0.0681818181818182
Paraguay,2021-08-15,0,28,5,0,0,1,34,0,0.823529411764706,0.147058823529412,0,0,0.0294117647058824
Paraguay,2021-08-22,0,32,3,0,0,2,37,0,0.864864864864865,0.0810810810810811,0,0,0.0540540540540541
Paraguay,2021-08-29,0,41,3,0,0,2,46,0,0.891304347826087,0.0652173913043478,0,0,0.0434782608695652
Paraguay,2021-09-05,0,9,1,0,0,3,13,0,0.692307692307692,0.0769230769230769,0,0,0.230769230769231
Paraguay,2021-09-12,0,5,2,0,0,5,12,0,0.416666666666667,0.166666666666667,0,0,0.416666666666667
Paraguay,2021-09-19,0,10,3,0,0,13,26,0,0.384615384615385,0.115384615384615,0,0,0.5
Paraguay,2021-09-26,0,11,0,0,0,1,12,0,0.916666666666667,0,0,0,0.0833333333333333
Paraguay,2021-10-03,0,2,1,0,0,0,3,0,0.666666666666667,0.333333333333333,0,0,0
Paraguay,2021-10-10,0,7,0,0,0,0,7,0,1,0,0,0,0
Paraguay,2021-10-17,0,13,0,0,0,3,16,0,0.8125,0,0,0,0.1875
Paraguay,2021-10-24,0,19,0,0,0,2,21,0,0.904761904761905,0,0,0,0.0952380952380952
Paraguay,2021-10-31,0,33,0,0,0,2,35,0,0.942857142857143,0,0,0,0.0571428571428571
Peru,2020-11-01,0,0,0,0,0,2,2,0,0,0,0,0,1
Peru,2020-11-08,0,0,0,0,0,7,7,0,0,0,0,0,1
Peru,2020-11-15,0,0,0,0,0,31,31,0,0,0,0,0,1
Peru,2020-11-22,0,0,0,0,0,15,15,0,0,0,0,0,1
Peru,2020-11-29,0,0,0,0,0,42,42,0,0,0,0,0,1
Peru,2020-12-06,0,0,0,0,0,85,85,0,0,0,0,0,1
Peru,2020-12-13,0,0,1,1,0,64,66,0,0,0.0151515151515152,0.0151515151515152,0,0.96969696969697
Peru,2020-12-20,0,0,2,2,0,36,40,0,0,0.05,0.05,0,0.9
Peru,2020-12-27,1,0,9,1,0,58,69,0.0144927536231884,0,0.130434782608696,0.0144927536231884,0,0.840579710144927
Peru,2021-01-03,0,0,6,2,0,52,60,0,0,0.1,0.0333333333333333,0,0.866666666666667
Peru,2021-01-10,2,0,4,12,0,59,77,0.025974025974026,0,0.051948051948052,0.155844155844156,0,0.766233766233766
Peru,2021-01-17,0,0,4,32,0,62,98,0,0,0.0408163265306122,0.326530612244898,0,0.63265306122449
Peru,2021-01-24,0,0,1,28,0,29,58,0,0,0.0172413793103448,0.482758620689655,0,0.5
Peru,2021-01-31,0,0,10,14,0,56,80,0,0,0.125,0.175,0,0.7
Peru,2021-02-07,0,0,3,22,0,50,75,0,0,0.04,0.293333333333333,0,0.666666666666667
Peru,2021-02-14,0,0,10,29,0,21,60,0,0,0.166666666666667,0.483333333333333,0,0.35
Peru,2021-02-21,0,0,4,39,0,19,62,0,0,0.0645161290322581,0.629032258064516,0,0.306451612903226
Peru,2021-02-28,1,0,13,69,0,33,116,0.00862068965517241,0,0.112068965517241,0.594827586206897,0,0.28448275862069
Peru,2021-03-07,2,0,11,117,0,23,153,0.0130718954248366,0,0.0718954248366013,0.764705882352941,0,0.150326797385621
Peru,2021-03-14,0,0,18,86,0,10,114,0,0,0.157894736842105,0.754385964912281,0,0.087719298245614
Peru,2021-03-21,2,0,15,52,0,7,76,0.0263157894736842,0,0.197368421052632,0.684210526315789,0,0.0921052631578947
Peru,2021-03-28,5,0,12,88,0,19,124,0.0403225806451613,0,0.0967741935483871,0.709677419354839,0,0.153225806451613
Peru,2021-04-04,8,0,50,248,0,15,321,0.0249221183800623,0,0.155763239875389,0.772585669781931,0,0.0467289719626168
Peru,2021-04-11,1,0,38,168,0,14,221,0.00452488687782805,0,0.171945701357466,0.760180995475113,0,0.0633484162895928
Peru,2021-04-18,0,0,26,98,0,5,129,0,0,0.201550387596899,0.75968992248062,0,0.0387596899224806
Peru,2021-04-25,0,0,16,161,0,8,185,0,0,0.0864864864864865,0.87027027027027,0,0.0432432432432432
Peru,2021-05-02,0,0,40,123,0,2,165,0,0,0.242424242424242,0.745454545454545,0,0.0121212121212121
Peru,2021-05-09,2,3,22,144,1,10,182,0.010989010989011,0.0164835164835165,0.120879120879121,0.791208791208791,0.00549450549450549,0.0549450549450549
Peru,2021-05-16,0,0,54,136,2,3,195,0,0,0.276923076923077,0.697435897435897,0.0102564102564103,0.0153846153846154
Peru,2021-05-23,0,0,12,77,0,4,93,0,0,0.129032258064516,0.827956989247312,0,0.043010752688172
Peru,2021-05-30,0,0,66,334,2,6,408,0,0,0.161764705882353,0.818627450980392,0.00490196078431373,0.0147058823529412
Peru,2021-06-06,0,3,91,296,3,5,398,0,0.00753768844221105,0.228643216080402,0.743718592964824,0.00753768844221105,0.0125628140703518
Peru,2021-06-13,0,2,66,220,1,10,299,0,0.00668896321070234,0.220735785953177,0.735785953177257,0.00334448160535117,0.0334448160535117
Peru,2021-06-20,0,8,37,129,6,9,189,0,0.0423280423280423,0.195767195767196,0.682539682539683,0.0317460317460317,0.0476190476190476
Peru,2021-06-27,0,2,42,115,2,10,171,0,0.0116959064327485,0.245614035087719,0.672514619883041,0.0116959064327485,0.0584795321637427
Peru,2021-07-04,0,8,106,182,6,2,304,0,0.0263157894736842,0.348684210526316,0.598684210526316,0.0197368421052632,0.00657894736842105
Peru,2021-07-11,0,25,105,192,7,1,330,0,0.0757575757575758,0.318181818181818,0.581818181818182,0.0212121212121212,0.00303030303030303
Peru,2021-07-18,0,27,102,139,14,1,283,0,0.0954063604240283,0.360424028268551,0.491166077738516,0.049469964664311,0.00353356890459364
Peru,2021-07-25,0,27,59,74,9,1,170,0,0.158823529411765,0.347058823529412,0.435294117647059,0.0529411764705882,0.00588235294117647
Peru,2021-08-01,0,88,123,123,24,3,361,0,0.243767313019391,0.340720221606648,0.340720221606648,0.0664819944598338,0.00831024930747922
Peru,2021-08-08,0,79,153,143,30,2,407,0,0.194103194103194,0.375921375921376,0.351351351351351,0.0737100737100737,0.00491400491400491
Peru,2021-08-15,0,73,115,81,15,1,285,0,0.256140350877193,0.403508771929825,0.284210526315789,0.0526315789473684,0.00350877192982456
Peru,2021-08-22,0,144,96,86,21,1,348,0,0.413793103448276,0.275862068965517,0.247126436781609,0.0603448275862069,0.0028735632183908
Peru,2021-08-29,0,118,79,60,15,2,274,0,0.430656934306569,0.288321167883212,0.218978102189781,0.0547445255474453,0.0072992700729927
Peru,2021-09-05,0,204,106,70,13,0,393,0,0.519083969465649,0.269720101781171,0.178117048346056,0.0330788804071247,0
Peru,2021-09-12,0,298,104,52,24,0,478,0,0.623430962343096,0.217573221757322,0.108786610878661,0.0502092050209205,0
Peru,2021-09-19,0,312,92,44,14,0,462,0,0.675324675324675,0.199134199134199,0.0952380952380952,0.0303030303030303,0
Peru,2021-09-26,0,305,51,32,23,1,412,0,0.740291262135922,0.12378640776699,0.0776699029126214,0.0558252427184466,0.00242718446601942
Peru,2021-10-03,0,352,41,18,12,0,423,0,0.832151300236407,0.0969267139479905,0.0425531914893617,0.0283687943262411,0
Peru,2021-10-10,0,378,18,6,5,0,407,0,0.928746928746929,0.0442260442260442,0.0147420147420147,0.0122850122850123,0
Peru,2021-10-17,0,373,16,8,5,0,402,0,0.927860696517413,0.0398009950248756,0.0199004975124378,0.0124378109452736,0
Peru,2021-10-24,0,306,15,1,6,0,328,0,0.932926829268293,0.0457317073170732,0.00304878048780488,0.0182926829268293,0
Peru,2021-10-31,0,386,13,6,4,0,409,0,0.943765281173594,0.0317848410757946,0.0146699266503667,0.0097799511002445,0
Spain,2020-11-01,0,1,0,0,0,203,204,0,0.00490196078431373,0,0,0,0.995098039215686
Spain,2020-11-08,8,0,0,0,0,193,201,0.0398009950248756,0,0,0,0,0.960199004975124
Spain,2020-11-15,0,1,0,0,0,196,197,0,0.0050761421319797,0,0,0,0.99492385786802
Spain,2020-11-22,1,0,0,0,0,168,169,0.00591715976331361,0,0,0,0,0.994082840236686
Spain,2020-11-29,0,0,0,0,0,296,296,0,0,0,0,0,1
Spain,2020-12-06,1,0,0,0,0,433,434,0.00230414746543779,0,0,0,0,0.997695852534562
Spain,2020-12-13,2,0,0,0,0,527,529,0.00378071833648393,0,0,0,0,0.996219281663516
Spain,2020-12-20,41,0,0,0,0,361,402,0.101990049751244,0,0,0,0,0.898009950248756
Spain,2020-12-27,104,0,0,0,0,593,697,0.149210903873745,0,0,0,0,0.850789096126255
Spain,2021-01-03,236,0,0,0,0,372,608,0.388157894736842,0,0,0,0,0.611842105263158
Spain,2021-01-10,388,0,0,0,0,650,1038,0.373795761078998,0,0,0,0,0.626204238921002
Spain,2021-01-17,429,0,0,0,0,1132,1561,0.274823830877643,0,0,0,0,0.725176169122357
Spain,2021-01-24,414,1,1,0,0,1105,1521,0.272189349112426,0.000657462195923734,0.000657462195923734,0,0,0.726495726495726
Spain,2021-01-31,536,0,4,0,0,982,1522,0.352168199737188,0,0.0026281208935611,0,0,0.645203679369251
Spain,2021-02-07,545,1,1,0,0,731,1278,0.426447574334898,0.000782472613458529,0.000782472613458529,0,0,0.571987480438185
Spain,2021-02-14,677,0,0,0,0,767,1444,0.468836565096953,0,0,0,0,0.531163434903047
Spain,2021-02-21,780,0,2,0,0,521,1303,0.598618572524942,0,0.00153491941673062,0,0,0.399846508058327
Spain,2021-02-28,899,0,4,0,1,438,1342,0.669895678092399,0,0.0029806259314456,0,0.000745156482861401,0.326378539493294
Spain,2021-03-07,994,0,11,0,2,348,1355,0.733579335793358,0,0.00811808118081181,0,0.0014760147601476,0.256826568265683
Spain,2021-03-14,870,0,18,1,1,210,1100,0.790909090909091,0,0.0163636363636364,0.000909090909090909,0.000909090909090909,0.190909090909091
Spain,2021-03-21,1194,0,33,4,5,178,1414,0.844413012729844,0,0.0233380480905233,0.00282885431400283,0.00353606789250354,0.125884016973126
Spain,2021-03-28,1071,1,51,1,5,182,1311,0.816933638443936,0.0007627765064836,0.0389016018306636,0.0007627765064836,0.003813882532418,0.138825324180015
Spain,2021-04-04,1182,0,86,6,4,162,1440,0.820833333333333,0,0.0597222222222222,0.00416666666666667,0.00277777777777778,0.1125
Spain,2021-04-11,1362,0,86,7,4,150,1609,0.846488502175264,0,0.0534493474207582,0.00435052827843381,0.00248601615910503,0.0932256059664388
Spain,2021-04-18,976,4,97,2,16,110,1205,0.809958506224066,0.0033195020746888,0.0804979253112033,0.0016597510373444,0.0132780082987552,0.0912863070539419
Spain,2021-04-25,1301,17,92,4,26,176,1616,0.805074257425743,0.010519801980198,0.0569306930693069,0.00247524752475248,0.0160891089108911,0.108910891089109
Spain,2021-05-02,1512,40,63,7,19,134,1775,0.851830985915493,0.0225352112676056,0.0354929577464789,0.00394366197183099,0.0107042253521127,0.0754929577464789
Spain,2021-05-09,1267,35,75,5,36,99,1517,0.83520105471325,0.023071852340145,0.049439683586025,0.003295978905735,0.023731048121292,0.0652603823335531
Spain,2021-05-16,1083,64,62,2,28,117,1356,0.798672566371681,0.0471976401179941,0.0457227138643068,0.00147492625368732,0.0206489675516224,0.086283185840708
Spain,2021-05-23,942,146,63,11,52,98,1312,0.717987804878049,0.111280487804878,0.0480182926829268,0.00838414634146342,0.0396341463414634,0.0746951219512195
Spain,2021-05-30,1242,186,62,17,98,140,1745,0.711747851002865,0.106590257879656,0.0355300859598854,0.00974212034383954,0.0561604584527221,0.0802292263610315
Spain,2021-06-06,1001,261,52,9,51,122,1496,0.669117647058823,0.174465240641711,0.0347593582887701,0.00601604278074866,0.0340909090909091,0.0815508021390374
Spain,2021-06-13,754,411,68,14,58,114,1419,0.531360112755462,0.289640591966173,0.0479210711768851,0.0098661028893587,0.0408738548273432,0.080338266384778
Spain,2021-06-20,565,659,59,15,39,163,1500,0.376666666666667,0.439333333333333,0.0393333333333333,0.01,0.026,0.108666666666667
Spain,2021-06-27,625,1774,54,34,42,464,2993,0.208820581356499,0.592716338122285,0.0180420982292015,0.0113598396257935,0.0140327430671567,0.155028399599064
Spain,2021-07-04,603,1920,26,21,38,411,3019,0.199735011593243,0.635972176217291,0.00861212321960914,0.00695594567737661,0.0125869493209672,0.136137793971514
Spain,2021-07-11,233,1927,18,22,42,138,2380,0.0978991596638655,0.809663865546218,0.00756302521008403,0.0092436974789916,0.0176470588235294,0.0579831932773109
Spain,2021-07-18,223,2410,13,11,27,230,2914,0.0765271105010295,0.827041866849691,0.00446122168840082,0.00377487989018531,0.0092656142759094,0.0789293067947838
Spain,2021-07-25,104,2335,11,10,18,101,2579,0.0403257076386196,0.905389685924777,0.00426521907716169,0.00387747188832881,0.00697944939899186,0.039162466072121
Spain,2021-08-01,54,2745,11,5,19,76,2910,0.0185567010309278,0.943298969072165,0.00378006872852234,0.00171821305841924,0.00652920962199313,0.0261168384879725
Spain,2021-08-08,30,1954,8,7,7,50,2056,0.014591439688716,0.950389105058366,0.00389105058365759,0.00340466926070039,0.00340466926070039,0.0243190661478599
Spain,2021-08-15,10,1771,4,4,2,36,1827,0.00547345374931582,0.969348659003831,0.00218938149972633,0.00218938149972633,0.00109469074986316,0.0197044334975369
Spain,2021-08-22,4,1698,6,1,2,31,1742,0.00229621125143513,0.974741676234214,0.0034443168771527,0.000574052812858783,0.00114810562571757,0.0177956371986223
Spain,2021-08-29,3,1493,2,0,1,21,1520,0.00197368421052632,0.982236842105263,0.00131578947368421,0,0.000657894736842105,0.0138157894736842
Spain,2021-09-05,1,1307,2,0,2,8,1320,0.000757575757575758,0.990151515151515,0.00151515151515152,0,0.00151515151515152,0.00606060606060606
Spain,2021-09-12,3,1047,3,0,3,8,1064,0.00281954887218045,0.984022556390977,0.00281954887218045,0,0.00281954887218045,0.0075187969924812
Spain,2021-09-19,0,941,1,0,1,1,944,0,0.996822033898305,0.00105932203389831,0,0.00105932203389831,0.00105932203389831
Spain,2021-09-26,1,993,2,0,4,5,1005,0.00099502487562189,0.988059701492537,0.00199004975124378,0,0.00398009950248756,0.00497512437810945
Spain,2021-10-03,1,735,0,0,1,1,738,0.0013550135501355,0.995934959349594,0,0,0.0013550135501355,0.0013550135501355
Spain,2021-10-10,0,759,0,0,1,6,766,0,0.990861618798956,0,0,0.00130548302872063,0.00783289817232376
Spain,2021-10-17,0,1104,0,0,0,3,1107,0,0.997289972899729,0,0,0,0.002710027100271
Spain,2021-10-24,0,999,1,0,0,13,1013,0,0.986179664363277,0.000987166831194472,0,0,0.0128331688055281
Spain,2021-10-31,0,1248,0,0,1,12,1261,0,0.989690721649485,0,0,0.000793021411578113,0.00951625693893735
United Kingdom,2020-11-01,215,1,0,0,0,10080,10296,0.0208818958818959,9.71250971250971e-05,0,0,0,0.979020979020979
United Kingdom,2020-11-08,685,1,0,0,0,11052,11738,0.0583574714602147,8.51933889930141e-05,0,0,0,0.941557335150792
United Kingdom,2020-11-15,559,1,0,0,0,6303,6863,0.0814512603817572,0.000145708873670407,0,0,0,0.918403030744572
United Kingdom,2020-11-22,680,0,0,0,0,4726,5406,0.125786163522013,0,0,0,0,0.874213836477987
United Kingdom,2020-11-29,592,0,0,0,0,3101,3693,0.160303276468995,0,0,0,0,0.839696723531005
United Kingdom,2020-12-06,2653,0,0,0,0,6218,8871,0.299064367038665,0,0,0,0,0.700935632961335
United Kingdom,2020-12-13,5646,0,0,0,0,6548,12194,0.463014597342956,0,0,0,0,0.536985402657044
United Kingdom,2020-12-20,3978,2,0,0,0,3852,7832,0.507916241062308,0.000255362614913177,0,0,0,0.491828396322778
United Kingdom,2020-12-27,7152,3,0,0,0,3158,10313,0.693493648792786,0.000290894986909726,0,0,0,0.306215456220304
United Kingdom,2021-01-03,9648,2,0,0,0,3170,12820,0.752574102964119,0.00015600624024961,0,0,0,0.247269890795632
United Kingdom,2021-01-10,12565,2,0,0,0,3089,15656,0.802567705671947,0.000127746550843127,0,0,0,0.19730454777721
United Kingdom,2021-01-17,13251,4,0,0,0,2210,15465,0.856838021338506,0.000258648561267378,0,0,0,0.142903330100226
United Kingdom,2021-01-24,19175,5,0,0,0,1744,20924,0.916411775951061,0.000238960045880329,0,0,0,0.0833492640030587
United Kingdom,2021-01-31,11443,3,2,0,0,884,12332,0.927911125527084,0.00024326954265326,0.000162179695102173,0,0,0.0716834252351606
United Kingdom,2021-02-07,14405,1,1,0,0,735,15142,0.951327433628319,6.60414740457007e-05,6.60414740457007e-05,0,0,0.04854048342359
United Kingdom,2021-02-14,16270,4,3,0,0,614,16891,0.963234858800545,0.000236812503700195,0.000177609377775147,0,0,0.03635071931798
United Kingdom,2021-02-21,16551,2,2,1,0,473,17029,0.971930236655118,0.000117446708555993,0.000117446708555993,5.87233542779964e-05,0,0.0277761465734923
United Kingdom,2021-02-28,14353,0,5,1,0,391,14750,0.973084745762712,0,0.000338983050847458,6.77966101694915e-05,0,0.0265084745762712
United Kingdom,2021-03-07,16989,5,10,0,0,374,17378,0.977615375762458,0.000287720105880999,0.000575440211761998,0,0,0.0215214639198987
United Kingdom,2021-03-14,16423,3,9,0,0,303,16738,0.981180547257737,0.000179232883259649,0.000537698649778946,0,0,0.0181025212092245
United Kingdom,2021-03-21,17482,4,4,0,0,278,17768,0.983903647005853,0.000225123818099955,0.000225123818099955,0,0,0.0156461053579469
United Kingdom,2021-03-28,12945,22,9,1,0,229,13206,0.98023625624716,0.00166590943510526,0.000681508405270332,7.5723156141148e-05,0,0.0173406027563229
United Kingdom,2021-04-04,8374,68,14,0,0,223,8679,0.964857702500288,0.00783500403272266,0.00161308906556055,0,0,0.0256942044014287
United Kingdom,2021-04-11,7524,172,20,0,0,257,7973,0.943684936661232,0.0215728082277687,0.00250846607299636,0,0,0.0322337890380033
United Kingdom,2021-04-18,6938,415,19,0,0,239,7611,0.911575351464985,0.0545263434502693,0.00249638680856655,0,0,0.0314019182761792
United Kingdom,2021-04-25,6273,779,24,0,0,227,7303,0.858962070382035,0.106668492400383,0.00328632069012734,0,0,0.0310831165274545
United Kingdom,2021-05-02,5375,1627,16,2,0,187,7207,0.74580269182739,0.225752740391286,0.00222006382683502,0.000277507978354378,0,0.0259469959761343
United Kingdom,2021-05-09,4374,2946,14,0,0,140,7474,0.585228793149585,0.394166443671394,0.00187316028900187,0,0,0.0187316028900187
United Kingdom,2021-05-16,3478,5614,6,0,0,106,9204,0.377879182963929,0.609952194697957,0.000651890482398957,0,0,0.0115167318557149
United Kingdom,2021-05-23,3181,10458,14,0,2,79,13734,0.23161497014708,0.761467889908257,0.00101936799184506,0,0.000145623998835008,0.00575214795398282
United Kingdom,2021-05-30,2700,18627,8,0,0,67,21402,0.126156433978133,0.870339220633586,0.00037379684141669,0,0,0.00313054854686478
United Kingdom,2021-06-06,1441,16163,8,1,1,62,17676,0.0815229689975108,0.914403711246888,0.000452591083955646,5.65738854944558e-05,5.65738854944558e-05,0.00350758090065626
United Kingdom,2021-06-13,674,16623,1,1,3,75,17377,0.0387869022270818,0.956609311158428,5.75473326811302e-05,5.75473326811302e-05,0.000172641998043391,0.00431604995108477
United Kingdom,2021-06-20,538,24565,2,0,5,29,25139,0.0214010103822746,0.97716695174828,7.95576594136601e-05,0,0.00019889414853415,0.00115358606149807
United Kingdom,2021-06-27,388,30787,1,0,6,50,31232,0.0124231557377049,0.985751793032787,3.20184426229508e-05,0,0.000192110655737705,0.00160092213114754
United Kingdom,2021-07-04,222,29030,2,1,10,21,29286,0.00758041384962098,0.991258621867104,6.82920166632521e-05,3.4146008331626e-05,0.00034146008331626,0.000717066174964147
United Kingdom,2021-07-11,80,24430,3,0,9,24,24546,0.0032591868328852,0.995274179092316,0.000122219506233195,0,0.000366658518699584,0.000977756049865558
United Kingdom,2021-07-18,67,32203,9,0,8,14,32301,0.00207423918764125,0.996966038203152,0.000278629144608526,0,0.000247670350763134,0.000433423113835485
United Kingdom,2021-07-25,148,34745,4,0,6,13,34916,0.00423874441516783,0.995102531790583,0.000114560659869401,0,0.000171840989804101,0.000372322144575553
United Kingdom,2021-08-01,18,32147,3,0,5,10,32183,0.000559301494577883,0.998881397010844,9.32169157629805e-05,0,0.000155361526271634,0.000310723052543268
United Kingdom,2021-08-08,10,28949,0,0,7,7,28973,0.000345148931764056,0.999171642563766,0,0,0.000241604252234839,0.000241604252234839
United Kingdom,2021-08-15,9,36603,1,0,2,6,36621,0.000245760629147211,0.999508478741706,2.73067365719123e-05,0,5.46134731438246e-05,0.000163840419431474
United Kingdom,2021-08-22,15,40247,0,0,0,12,40274,0.000372448726225356,0.999329592292794,0,0,0,0.000297958980980285
United Kingdom,2021-08-29,8,41119,1,0,0,11,41139,0.000194462675320256,0.999513843311699,2.4307834415032e-05,0,0,0.000267386178565352
United Kingdom,2021-09-05,7,39045,0,0,0,1,39053,0.000179243592041585,0.999795150180524,0,0,0,2.56062274345121e-05
United Kingdom,2021-09-12,9,39888,1,0,0,2,39900,0.000225563909774436,0.999699248120301,2.5062656641604e-05,0,0,5.0125313283208e-05
United Kingdom,2021-09-19,9,39023,0,0,0,33,39065,0.000230385255343658,0.998924868808396,0,0,0,0.000844745936260079
United Kingdom,2021-09-26,1,38339,0,0,0,32,38372,2.6060669237986e-05,0.999139997915147,0,0,0,0.000833941415615553
United Kingdom,2021-10-03,6,40723,1,0,0,7,40737,0.000147286250828485,0.9996563320814,2.45477084714142e-05,0,0,0.000171833959299899
United Kingdom,2021-10-10,3,38713,1,0,0,18,38735,7.74493352265393e-05,0.999432038208339,2.58164450755131e-05,0,0,0.000464696011359236
United Kingdom,2021-10-17,2,42003,0,0,1,5,42011,4.76065792292495e-05,0.999809573683083,0,0,2.38032896146247e-05,0.000119016448073124
United Kingdom,2021-10-24,6,42999,3,0,0,2,43010,0.000139502441292723,0.999744245524297,6.97512206463613e-05,0,0,4.65008137642409e-05
United Kingdom,2021-10-31,0,46995,0,0,0,4,46999,0,0.999914891806209,0,0,0,8.51081937913573e-05
Uruguay,2020-11-01,0,0,0,0,0,0,0,0,0,0,0,0,1
Uruguay,2020-11-08,0,0,0,0,0,0,0,0,0,0,0,0,1
Uruguay,2020-11-15,0,0,0,0,0,2,2,0,0,0,0,0,1
Uruguay,2020-11-22,0,0,0,0,0,3,3,0,0,0,0,0,1
Uruguay,2020-11-29,0,0,0,0,0,5,5,0,0,0,0,0,1
Uruguay,2020-12-06,0,0,0,0,0,7,7,0,0,0,0,0,1
Uruguay,2020-12-13,0,0,0,0,0,5,5,0,0,0,0,0,1
Uruguay,2020-12-20,0,0,0,0,0,5,5,0,0,0,0,0,1
Uruguay,2020-12-27,0,0,0,0,0,5,5,0,0,0,0,0,1
Uruguay,2021-01-03,0,0,0,0,0,16,16,0,0,0,0,0,1
Uruguay,2021-01-10,0,0,0,0,0,27,27,0,0,0,0,0,1
Uruguay,2021-01-17,0,0,0,0,0,23,23,0,0,0,0,0,1
Uruguay,2021-01-24,0,0,0,0,0,14,14,0,0,0,0,0,1
Uruguay,2021-01-31,0,0,0,0,0,47,47,0,0,0,0,0,1
Uruguay,2021-02-07,0,0,0,0,0,22,22,0,0,0,0,0,1
Uruguay,2021-02-14,0,0,0,0,0,31,31,0,0,0,0,0,1
Uruguay,2021-02-21,0,0,7,0,0,45,52,0,0,0.134615384615385,0,0,0.865384615384615
Uruguay,2021-02-28,0,0,14,0,0,35,49,0,0,0.285714285714286,0,0,0.714285714285714
Uruguay,2021-03-07,0,0,12,0,0,3,15,0,0,0.8,0,0,0.2
Uruguay,2021-03-14,0,0,28,0,0,3,31,0,0,0.903225806451613,0,0,0.0967741935483871
Uruguay,2021-03-21,0,0,23,0,0,10,33,0,0,0.696969696969697,0,0,0.303030303030303
Uruguay,2021-03-28,0,0,16,0,0,27,43,0,0,0.372093023255814,0,0,0.627906976744186
Uruguay,2021-04-04,0,0,57,0,0,42,99,0,0,0.575757575757576,0,0,0.424242424242424
Uruguay,2021-04-11,0,0,17,1,0,12,30,0,0,0.566666666666667,0.0333333333333333,0,0.4
Uruguay,2021-04-18,0,0,0,0,0,29,29,0,0,0,0,0,1
Uruguay,2021-04-25,0,0,0,0,0,2,2,0,0,0,0,0,1
Uruguay,2021-05-02,0,0,0,0,0,0,0,0,0,0,0,0,1
Uruguay,2021-05-09,0,0,0,0,0,0,0,0,0,0,0,0,1
Uruguay,2021-05-16,0,0,0,0,0,0,0,0,0,0,0,0,1
Uruguay,2021-05-23,0,0,0,0,0,0,0,0,0,0,0,0,1
Uruguay,2021-05-30,0,0,0,0,0,1,1,0,0,0,0,0,1
Uruguay,2021-06-06,0,0,0,0,0,0,0,0,0,0,0,0,1
Uruguay,2021-06-13,0,0,0,0,0,0,0,0,0,0,0,0,1
Uruguay,2021-06-20,0,0,0,0,0,0,0,0,0,0,0,0,1
Uruguay,2021-06-27,0,0,0,0,0,0,0,0,0,0,0,0,1
Uruguay,2021-07-04,0,0,0,0,0,0,0,0,0,0,0,0,1
Uruguay,2021-07-11,0,0,0,0,0,0,0,0,0,0,0,0,1
Uruguay,2021-07-18,0,0,0,0,0,0,0,0,0,0,0,0,1
Uruguay,2021-07-25,0,0,0,0,0,0,0,0,0,0,0,0,1
Uruguay,2021-08-01,0,0,0,0,0,0,0,0,0,0,0,0,1
Uruguay,2021-08-08,0,0,0,0,0,0,0,0,0,0,0,0,1
Uruguay,2021-08-15,0,0,0,0,0,0,0,0,0,0,0,0,1
Uruguay,2021-08-22,0,0,0,0,0,0,0,0,0,0,0,0,1
Uruguay,2021-08-29,0,0,0,0,0,0,0,0,0,0,0,0,1
Uruguay,2021-09-05,0,0,0,0,0,0,0,0,0,0,0,0,1
Uruguay,2021-09-12,0,0,0,0,0,0,0,0,0,0,0,0,1
Uruguay,2021-09-19,0,0,0,0,0,0,0,0,0,0,0,0,1
Uruguay,2021-09-26,0,0,0,0,0,0,0,0,0,0,0,0,1
Uruguay,2021-10-03,0,0,0,0,0,0,0,0,0,0,0,0,1
Uruguay,2021-10-10,0,0,0,0,0,0,0,0,0,0,0,0,1
Uruguay,2021-10-17,0,0,0,0,0,0,0,0,0,0,0,0,1
Uruguay,2021-10-24,0,0,0,0,0,0,0,0,0,0,0,0,1
Uruguay,2021-10-31,0,0,0,0,0,0,0,0,0,0,0,0,1
Venezuela,2020-11-01,0,0,0,0,0,0,0,0,0,0,0,0,1
Venezuela,2020-11-08,0,0,0,0,0,0,0,0,0,0,0,0,1
Venezuela,2020-11-15,0,0,0,0,0,0,0,0,0,0,0,0,1
Venezuela,2020-11-22,0,0,0,0,0,0,0,0,0,0,0,0,1
Venezuela,2020-11-29,0,0,0,0,0,4,4,0,0,0,0,0,1
Venezuela,2020-12-06,0,0,0,0,0,2,2,0,0,0,0,0,1
Venezuela,2020-12-13,0,0,0,0,0,49,49,0,0,0,0,0,1
Venezuela,2020-12-20,0,0,0,0,0,1,1,0,0,0,0,0,1
Venezuela,2020-12-27,0,0,1,0,0,9,10,0,0,0.1,0,0,0.9
Venezuela,2021-01-03,0,0,0,0,0,6,6,0,0,0,0,0,1
Venezuela,2021-01-10,0,0,0,0,0,1,1,0,0,0,0,0,1
Venezuela,2021-01-17,0,1,3,0,1,15,20,0,0.05,0.15,0,0.05,0.75
Venezuela,2021-01-24,0,0,0,0,0,2,2,0,0,0,0,0,1
Venezuela,2021-01-31,0,0,0,0,0,25,25,0,0,0,0,0,1
Venezuela,2021-02-07,0,0,1,0,0,0,1,0,0,1,0,0,0
Venezuela,2021-02-14,0,0,0,0,0,0,0,0,0,0.5,0,0,0.5
Venezuela,2021-02-21,0,0,0,0,0,2,2,0,0,0,0,0,1
Venezuela,2021-02-28,0,0,0,0,0,2,2,0,0,0,0,0,1
Venezuela,2021-03-07,0,0,2,0,0,0,2,0,0,1,0,0,0
Venezuela,2021-03-14,1,0,1,0,0,1,3,0.333333333333333,0,0.333333333333333,0,0,0.333333333333333
Venezuela,2021-03-21,0,0,0,0,0,0,0,0.166666666666667,0,0.416666666666667,0,0,0.416666666666667
Venezuela,2021-03-28,0,0,0,0,0,0,0,0.166666666666667,0,0.416666666666667,0,0,0.416666666666667
Venezuela,2021-04-04,0,0,1,1,0,0,2,0,0,0.5,0.5,0,0
Venezuela,2021-04-11,0,0,1,0,0,1,2,0,0,0.5,0,0,0.5
Venezuela,2021-04-18,0,0,3,0,0,1,4,0,0,0.75,0,0,0.25
Venezuela,2021-04-25,0,0,2,0,0,0,2,0,0,1,0,0,0
Venezuela,2021-05-02,2,0,2,1,3,1,9,0.222222222222222,0,0.222222222222222,0.111111111111111,0.333333333333333,0.111111111111111
Venezuela,2021-05-09,0,0,3,1,0,0,4,0,0,0.75,0.25,0,0
Venezuela,2021-05-16,1,0,5,1,5,1,13,0.0769230769230769,0,0.384615384615385,0.0769230769230769,0.384615384615385,0.0769230769230769
Venezuela,2021-05-23,0,0,6,0,0,0,6,0,0,1,0,0,0
Venezuela,2021-05-30,0,0,0,0,0,0,0,0,0,1,0,0,0
Venezuela,2021-06-06,2,0,1,0,0,0,3,0.666666666666667,0,0.333333333333333,0,0,0
Venezuela,2021-06-13,0,0,4,0,0,0,4,0,0,1,0,0,0
Venezuela,2021-06-20,1,0,0,0,1,0,2,0.5,0,0,0,0.5,0
Venezuela,2021-06-27,4,0,4,3,4,1,16,0.25,0,0.25,0.1875,0.25,0.0625
Venezuela,2021-07-04,0,2,4,0,1,0,7,0,0.285714285714286,0.571428571428571,0,0.142857142857143,0
Venezuela,2021-07-11,0,1,3,0,3,1,8,0,0.125,0.375,0,0.375,0.125
Venezuela,2021-07-18,0,0,1,0,0,0,1,0,0,1,0,0,0
Venezuela,2021-07-25,0,0,3,1,3,0,7,0,0,0.428571428571429,0.142857142857143,0.428571428571429,0
Venezuela,2021-08-01,0,0,1,0,1,0,2,0,0,0.5,0,0.5,0
Venezuela,2021-08-08,0,5,1,0,1,0,7,0,0.714285714285714,0.142857142857143,0,0.142857142857143,0
Venezuela,2021-08-15,0,1,0,0,5,0,6,0,0.166666666666667,0,0,0.833333333333333,0
Venezuela,2021-08-22,0,1,0,0,2,0,3,0,0.333333333333333,0,0,0.666666666666667,0
Venezuela,2021-08-29,0,1,0,0,0,0,1,0,1,0,0,0,0
Venezuela,2021-09-05,0,1,1,0,2,1,5,0,0.2,0.2,0,0.4,0.2
Venezuela,2021-09-12,0,3,0,0,0,0,3,0,1,0,0,0,0
Venezuela,2021-09-19,0,3,0,0,0,0,3,0,1,0,0,0,0
Venezuela,2021-09-26,0,1,0,0,2,0,3,0,0.333333333333333,0,0,0.666666666666667,0
Venezuela,2021-10-03,0,2,0,0,1,0,3,0,0.666666666666667,0,0,0.333333333333333,0
Venezuela,2021-10-10,0,1,0,0,1,0,2,0,0.5,0,0,0.5,0
Venezuela,2021-10-17,0,8,0,0,2,0,10,0,0.8,0,0,0.2,0
Venezuela,2021-10-24,0,1,0,0,1,1,3,0,0.333333333333333,0,0,0.333333333333333,0.333333333333333
Venezuela,2021-10-31,0,1,0,0,0,0,1,0,1,0,0,0,0
