head_node	tail_node	length	geo_distance	head_lat_3395	head_long_3395	tail_lat_3395	tail_long_3395	head_lat_4326	head_long_4326	tail_lat_4326	tail_long_4326	head_comuna	head_comuna_amb	tail_comuna	tail_comuna_amb	head_date	head_dec_date	tail_date	tail_dec_date
18	19	0.029368000000000005	12.897470570153692	-5637309.914035976	-7998190.434438968	-5620854.248295084	-8006168.805153105	-45.29251249640185	-71.8489671255508	-45.18807684705467	-71.92063804909962	Coihaique	False	Coihaique	False	2021-05-07	2021.346099	2021-05-18	2021.375467
18	20	0.007450000000000012	32.12567035868217	-5637309.914035976	-7998190.434438968	-5605405.407307903	-7965664.618507306	-45.29251249640185	-71.8489671255508	-45.08985512190982	-71.5567827497521	Coihaique	False	Coihaique	False	2021-05-07	2021.346099	2021-05-10	2021.353549
17	18	0.00878699999999999	31.838643630454975	-5680101.651695633	-8013004.328120201	-5637309.914035976	-7998190.434438968	-45.563185109671956	-71.98204259666254	-45.29251249640185	-71.8489671255508	Coihaique	False	Coihaique	False	2021-05-04	2021.337312	2021-05-07	2021.346099
17	21	0.008018000000000025	17.357930107021144	-5680101.651695633	-8013004.328120201	-5699417.652307991	-8028555.008038187	-45.563185109671956	-71.98204259666254	-45.68493757844765	-72.1217367311503	Coihaique	False	Coihaique	False	2021-05-04	2021.337312	2021-05-07	2021.34533
16	17	0.019069999999999976	7.914009344597196	-5689171.234594083	-8006267.067886103	-5680101.651695633	-8013004.328120201	-45.62038558218025	-71.92152075824872	-45.563185109671956	-71.98204259666254	Coihaique	False	Coihaique	False	2021-04-27	2021.318242	2021-05-04	2021.337312
16	22	0.002430999999999961	1391.0715499008054	-5689171.234594083	-8006267.067886103	-3886936.449935441	-7969631.201598461	-45.62038558218025	-71.92152075824872	-33.1127350537633	-71.59241517191724	Coihaique	False	Casa Blanca	False	2021-04-27	2021.318242	2021-04-28	2021.320673
15	16	0.004603000000000024	4.17366173944083	-5694143.602021107	-8002977.36442405	-5689171.234594083	-8006267.067886103	-45.65172063905874	-71.8919688492469	-45.62038558218025	-71.92152075824872	Coihaique	False	Coihaique	False	2021-04-25	2021.313639	2021-04-27	2021.318242
23	24	0.0023180000000000422	21.719924111680196	-5700070.474872925	-7993067.344871995	-5731122.017213421	-7991727.665680936	-45.68904779514933	-71.80294562895155	-45.88419940788321	-71.7909110860201	Coihaique	False	Coihaique	False	2021-04-26	2021.315615	2021-04-27	2021.317933
23	25	0.0023180000000000422	7.194434000673243	-5700070.474872925	-7993067.344871995	-5690152.939038556	-7990387.097841357	-45.68904779514933	-71.80294562895155	-45.62657352244115	-71.77886856022317	Coihaique	False	Coihaique	False	2021-04-26	2021.315615	2021-04-27	2021.317933
15	23	0.0019759999999999778	8.066932233542799	-5694143.602021107	-8002977.36442405	-5700070.474872925	-7993067.344871995	-45.65172063905874	-71.8919688492469	-45.68904779514933	-71.80294562895155	Coihaique	False	Coihaique	False	2021-04-25	2021.313639	2021-04-26	2021.315615
14	15	0.0019959999999999978	1.480210670102471	-5693614.394892171	-8005029.661723558	-5694143.602021107	-8002977.36442405	-45.64838649981343	-71.91040494956395	-45.65172063905874	-71.8919688492469	Coihaique	False	Coihaique	False	2021-04-24	2021.311643	2021-04-25	2021.313639
14	26	0.19259200000000004	47.67059925959441	-5693614.394892171	-8005029.661723558	-5752429.065461481	-8039811.641011525	-45.64838649981343	-71.91040494956395	-46.01771139678007	-72.22285678562703	Coihaique	False	Rio Ibanez	False	2021-04-24	2021.311643	2021-07-04	2021.504235
13	14	0.008465999999999974	3.592992836859394	-5688580.982929337	-8006008.838703733	-5693614.394892171	-8005029.661723558	-45.61666474038342	-71.91920104603544	-45.64838649981343	-71.91040494956395	Coihaique	False	Coihaique	False	2021-04-21	2021.303177	2021-04-24	2021.311643
29	30	0.020415000000000016	70.31490094281278	-5712955.8396008145	-7997028.167660688	-5612941.99505325	-7995936.750564659	-45.77011274307859	-71.83852630543927	-45.1377930469999	-71.82872193885215	Coihaique	False	Coihaique	False	2021-06-21	2021.47012	2021-06-29	2021.4905350000001
29	31	0.0039759999999999796	18.211157177556114	-5712955.8396008145	-7997028.167660688	-5738875.504333797	-7994042.867589604	-45.77011274307859	-71.83852630543927	-45.932820960002694	-71.81170889862389	Coihaique	False	Coihaique	False	2021-06-21	2021.47012	2021-06-23	2021.4740960000001
28	29	0.11413800000000002	10.952938632035716	-5711389.901981222	-8012667.921077527	-5712955.8396008145	-7997028.167660688	-45.7602673718652	-71.97902060078134	-45.77011274307859	-71.83852630543927	Coihaique	False	Coihaique	False	2021-05-10	2021.355982	2021-06-21	2021.47012
28	32	0.003045999999999993	30.58869893674795	-5711389.901981222	-8012667.921077527	-5742969.808985884	-8043159.098084181	-45.7602673718652	-71.97902060078134	-45.95847875130584	-72.25292750414005	Coihaique	False	Coihaique	False	2021-05-10	2021.355982	2021-05-12	2021.359028
27	28	0.015722000000000014	14.302130864611133	-5693452.805616066	-8002845.121107572	-5711389.901981222	-8012667.921077527	-45.64736840654352	-71.89078088732275	-45.7602673718652	-71.97902060078134	Coihaique	False	Coihaique	False	2021-05-05	2021.34026	2021-05-10	2021.355982
27	33	0.016029000000000015	5.800539676372936	-5693452.805616066	-8002845.121107572	-5688124.8898804495	-7996490.03716438	-45.64736840654352	-71.89078088732275	-45.61378944048564	-71.83369219694242	Coihaique	False	Coihaique	False	2021-05-05	2021.34026	2021-05-11	2021.356289
13	27	0.03708299999999998	4.066845401063058	-5688580.982929337	-8006008.838703733	-5693452.805616066	-8002845.121107572	-45.61666474038342	-71.91920104603544	-45.64736840654352	-71.89078088732275	Coihaique	False	Coihaique	False	2021-04-21	2021.303177	2021-05-05	2021.34026
12	13	0.00396300000000005	5.594800271214058	-5681171.999215108	-8008977.815394222	-5688580.982929337	-8006008.838703733	-45.569938681807834	-71.94587181742804	-45.61666474038342	-71.91920104603544	Coihaique	False	Coihaique	False	2021-04-20	2021.2992140000001	2021-04-21	2021.303177
34	35	0.030814000000000008	8.159895007996644	-5632908.661288963	-7999637.263374881	-5639527.839186956	-7990113.405591351	-45.26459893863974	-71.86196421101717	-45.30657374921037	-71.77640994090991	Coihaique	False	Coihaique	False	2021-06-11	2021.443283	2021-06-23	2021.474097
34	36	0.030814000000000008	25.503028007344465	-5632908.661288963	-7999637.263374881	-5598139.550854137	-8009320.890259769	-45.26459893863974	-71.86196421101717	-45.04360085568983	-71.94895371138122	Coihaique	False	Coihaique	False	2021-06-11	2021.443283	2021-06-23	2021.474097
12	34	0.14406900000000006	34.578099530895756	-5681171.999215108	-8008977.815394222	-5632908.661288963	-7999637.263374881	-45.569938681807834	-71.94587181742804	-45.26459893863974	-71.86196421101717	Coihaique	False	Coihaique	False	2021-04-20	2021.2992140000001	2021-06-11	2021.443283
11	12	0.0039759999999999796	3.3363855070255695	-5680058.109437046	-8013616.125517011	-5681171.999215108	-8008977.815394222	-45.56291035376651	-71.98753846618592	-45.569938681807834	-71.94587181742804	Coihaique	False	Coihaique	False	2021-04-18	2021.295238	2021-04-20	2021.2992140000001
40	41	0.012050999999999978	10.306131865620397	-5670297.9914127905	-8035501.994879224	-5680469.678285146	-8046122.706294074	-45.50128892369363	-72.18414257572911	-45.56550733937625	-72.27955004965094	Coihaique	False	Coihaique	False	2021-05-05	2021.3414970000001	2021-05-10	2021.353548
40	42	0.031229000000000007	12.004489227073622	-5670297.9914127905	-8035501.994879224	-5655255.9211276	-8027393.772243267	-45.50128892369363	-72.18414257572911	-45.406186299518474	-72.11130517251988	Coihaique	False	Coihaique	False	2021-05-05	2021.3414970000001	2021-05-17	2021.372726
39	40	0.00015700000000001824	0.20106604553355154	-5670465.19161506	-8035268.885966309	-5670297.9914127905	-8035501.994879224	-45.50234513017068	-72.18204852273576	-45.50128892369363	-72.18414257572911	Coihaique	False	Coihaique	False	2021-05-05	2021.34134	2021-05-05	2021.3414970000001
39	43	0.15193400000000007	60.37596520309354	-5670465.19161506	-8035268.885966309	-5641057.936398657	-8116153.331751866	-45.50234513017068	-72.18204852273576	-45.316272248495586	-72.90864586170278	Coihaique	False	Aisen	False	2021-05-05	2021.34134	2021-06-30	2021.493274
38	39	0.009951999999999961	4.306185681260524	-5673585.638048646	-8029973.18125854	-5670465.19161506	-8035268.885966309	-45.52205338292626	-72.13447639794403	-45.50234513017068	-72.18204852273576	Coihaique	False	Coihaique	False	2021-05-01	2021.331388	2021-05-05	2021.34134
38	44	0.00846199999999997	992.4431500229707	-5673585.638048646	-8029973.18125854	-4360385.9571654275	-8119183.853620242	-45.52205338292626	-72.13447639794403	-36.61713505731911	-72.93586950283499	Coihaique	False	Tome	False	2021-05-01	2021.331388	2021-05-05	2021.33985
37	38	0.023926000000000003	7.042218592865315	-5679066.413633812	-8021542.432051976	-5673585.638048646	-8029973.18125854	-45.556652290159995	-72.05874168925568	-45.52205338292626	-72.13447639794403	Coihaique	False	Coihaique	False	2021-04-23	2021.307462	2021-05-01	2021.331388
37	45	0.01321	1.3575590045672468	-5679066.413633812	-8021542.432051976	-5680972.014187939	-8021878.371677686	-45.556652290159995	-72.05874168925568	-45.568676898295784	-72.06175948625885	Coihaique	False	Coihaique	False	2021-04-23	2021.307462	2021-04-28	2021.320672
11	37	0.012224000000000013	5.5870142637409295	-5680058.109437046	-8013616.125517011	-5679066.413633812	-8021542.432051976	-45.56291035376651	-71.98753846618592	-45.556652290159995	-72.05874168925568	Coihaique	False	Coihaique	False	2021-04-18	2021.295238	2021-04-23	2021.307462
10	11	0.09107300000000002	1369.3218093017067	-3909556.423334988	-7878618.816530217	-5680058.109437046	-8013616.125517011	-33.283570314841285	-70.7748370064075	-45.56291035376651	-71.98753846618592	Colina	False	Coihaique	False	2021-03-16	2021.2041649999999	2021-04-18	2021.295238
10	46	0.0014390000000000236	4.566289508907085	-3909556.423334988	-7878618.816530217	-3904129.8289631642	-7878214.493215167	-33.283570314841285	-70.7748370064075	-33.24261714236274	-70.77120490827114	Colina	False	Colina	False	2021-03-16	2021.2041649999999	2021-03-17	2021.205604
9	10	0.00010799999999999699	1.1796626729731399	-3910958.290085791	-7878729.434587978	-3909556.423334988	-7878618.816530217	-33.294146707677086	-70.77583070532737	-33.283570314841285	-70.7748370064075	Colina	False	Colina	False	2021-03-16	2021.2040570000001	2021-03-16	2021.2041649999999
48	49	0.0016390000000000016	654.7902384416998	-3940649.0876892745	-7866913.565144236	-4734287.827487931	-8037350.8569821585	-33.51784487681455	-70.66968694416262	-39.27640787038557	-72.20075118658207	Puente Alto	False	Villarrica	False	2021-08-09	2021.603965	2021-08-10	2021.605604
48	50	0.004379000000000022	2.9949471513955697	-3940649.0876892745	-7866913.565144236	-3942743.547196356	-7863996.729862248	-33.51784487681455	-70.66968694416262	-33.533603110971974	-70.64348456701192	Puente Alto	False	Pirque	False	2021-08-09	2021.603965	2021-08-11	2021.608344
47	48	0.13261100000000003	18.90371932182809	-3924222.6444676174	-7882475.2878785655	-3940649.0876892745	-7866913.565144236	-33.39415564063645	-70.8094802779574	-33.51784487681455	-70.66968694416262	Santiago	False	Puente Alto	False	2021-06-22	2021.471354	2021-08-09	2021.603965
51	52	0.08559800000000001	1048.1022957410962	-3922918.258856783	-7890483.661725583	-2747530.105997308	-7687273.665820449	-33.38432613673433	-70.88142072423459	-24.094830114714984	-69.05595427216011	Santiago	False	Antofagasta	False	2021-07-05	2021.5090480000001	2021-08-06	2021.594646
51	53	0.00340600000000002	2.0370530408534377	-3922918.258856783	-7890483.661725583	-3923035.837393207	-7892923.137614808	-33.38432613673433	-70.88142072423459	-33.38521222339486	-70.90333490899991	Santiago	False	Santiago	False	2021-07-05	2021.5090480000001	2021-07-07	2021.512454
47	51	0.037694000000000005	6.767958508649782	-3924222.6444676174	-7882475.2878785655	-3922918.258856783	-7890483.661725583	-33.39415564063645	-70.8094802779574	-33.38432613673433	-70.88142072423459	Santiago	False	Santiago	False	2021-06-22	2021.471354	2021-07-05	2021.5090480000001
9	47	0.267297	11.551422257861834	-3910958.290085791	-7878729.434587978	-3924222.6444676174	-7882475.2878785655	-33.294146707677086	-70.77583070532737	-33.39415564063645	-70.8094802779574	Colina	False	Santiago	False	2021-03-16	2021.2040570000001	2021-06-22	2021.471354
8	9	0.0049060000000000215	6.7336219616497806	-3918979.9305238733	-7879095.857130887	-3910958.290085791	-7878729.434587978	-33.3546411332459	-70.77912233503477	-33.294146707677086	-70.77583070532737	Santiago	False	Colina	False	2021-03-14	2021.199151	2021-03-16	2021.2040570000001
65	66	0.013853999999999977	2.646492992083874	-3834654.5271561197	-7882530.875170422	-3831538.882840034	-7882193.662130029	-32.716596317031176	-70.80997962709618	-32.692932724551405	-70.80695039081428	Panquehue	False	Panquehue	False	2021-08-12	2021.613669	2021-08-18	2021.627523
65	67	0.013853999999999977	17.509766701496485	-3834654.5271561197	-7882530.875170422	-3850392.002115592	-7896118.9061247185	-32.716596317031176	-70.80997962709618	-32.83602694186756	-70.93204298596952	Panquehue	False	Llaillay	False	2021-08-12	2021.613669	2021-08-18	2021.627523
64	65	0.0010339999999999794	0.7094197363730878	-3834566.2408983316	-7881691.4198341835	-3834654.5271561197	-7882530.875170422	-32.71592586236024	-70.80243867150739	-32.716596317031176	-70.80997962709618	Panquehue	False	Panquehue	False	2021-08-12	2021.612635	2021-08-12	2021.613669
64	68	0.006670000000000009	1.9423282730129934	-3834566.2408983316	-7881691.4198341835	-3833431.6803774135	-7883701.724053758	-32.71592586236024	-70.80243867150739	-32.707309443524366	-70.82049754156913	Panquehue	False	Panquehue	False	2021-08-12	2021.612635	2021-08-15	2021.619305
63	64	0.0022050000000000125	4.178538227279109	-3836120.9680759003	-7876970.883685165	-3834566.2408983316	-7881691.4198341835	-32.72773187190336	-70.76003337378837	-32.71592586236024	-70.80243867150739	Rinconada	False	Panquehue	False	2021-08-11	2021.61043	2021-08-12	2021.612635
63	69	0.008875000000000022	1.6529648028250152	-3836120.9680759003	-7876970.883685165	-3836026.217808572	-7875006.102446846	-32.72773187190336	-70.76003337378837	-32.72701241939934	-70.74238344362503	Rinconada	False	Rinconada	False	2021-08-11	2021.61043	2021-08-15	2021.619305
62	63	0.0036619999999999986	1.7064912860333998	-3837279.842947095	-7875306.943782608	-3836120.9680759003	-7876970.883685165	-32.73653090241363	-70.74508594732514	-32.72773187190336	-70.76003337378837	Rinconada	False	Rinconada	False	2021-08-10	2021.606768	2021-08-11	2021.61043
70	71	0.00322699999999998	4.382074397642196	-3838131.7053168905	-7875553.261110452	-3833007.0742416233	-7876377.315071093	-32.742998308979836	-70.7472986535286	-32.70408455657568	-70.75470125620643	Rinconada	False	Panquehue	False	2021-08-12	2021.613338	2021-08-14	2021.616565
70	72	0.00322699999999998	5.402537900594421	-3838131.7053168905	-7875553.261110452	-3844490.6726618614	-7874812.3882118035	-32.742998308979836	-70.7472986535286	-32.79126111822098	-70.74064327904414	Rinconada	False	Rinconada	False	2021-08-12	2021.613338	2021-08-14	2021.616565
62	70	0.00657000000000002	0.7483291438974572	-3837279.842947095	-7875306.943782608	-3838131.7053168905	-7875553.261110452	-32.73653090241363	-70.74508594732514	-32.742998308979836	-70.7472986535286	Rinconada	False	Rinconada	False	2021-08-10	2021.606768	2021-08-12	2021.613338
61	62	0.005983000000000016	2.146470011376983	-3837661.822013187	-7872781.259334878	-3837279.842947095	-7875306.943782608	-32.73943097632943	-70.72239733790255	-32.73653090241363	-70.74508594732514	Rinconada	False	Rinconada	False	2021-08-08	2021.600785	2021-08-10	2021.606768
73	74	0.003607000000000027	3.5588154487047543	-3839428.4408259965	-7871770.471834397	-3836928.823612214	-7868359.4849527795	-32.752842317948705	-70.71331727929575	-32.73386579797919	-70.68267586279887	Rinconada	False	Santa Maria	False	2021-08-12	2021.612957	2021-08-14	2021.616564
73	75	0.003607000000000027	3.2135817452145035	-3839428.4408259965	-7871770.471834397	-3842410.5501949973	-7874149.384777794	-32.752842317948705	-70.71331727929575	-32.77547646933332	-70.73468741786219	Rinconada	False	Rinconada	False	2021-08-12	2021.612957	2021-08-14	2021.616564
61	73	0.012172000000000016	1.716109446844574	-3837661.822013187	-7872781.259334878	-3839428.4408259965	-7871770.471834397	-32.73943097632943	-70.72239733790255	-32.752842317948705	-70.71331727929575	Rinconada	False	Rinconada	False	2021-08-08	2021.600785	2021-08-12	2021.612957
60	61	0.005753999999999981	1.5579163289016875	-3836742.1066071107	-7871173.801012414	-3837661.822013187	-7872781.259334878	-32.73244812158811	-70.707957294106	-32.73943097632943	-70.72239733790255	Rinconada	False	Rinconada	False	2021-08-06	2021.595031	2021-08-08	2021.600785
60	76	0.021533000000000024	5.66933439382764	-3836742.1066071107	-7871173.801012414	-3831677.514865942	-7866745.687506069	-32.73244812158811	-70.707957294106	-32.69398578163755	-70.66817887368035	Rinconada	False	Santa Maria	False	2021-08-06	2021.595031	2021-08-14	2021.616564
59	60	0.003939000000000026	2.113088439511974	-3839236.8403227148	-7871379.568559923	-3836742.1066071107	-7871173.801012414	-32.75138787531039	-70.70980573543504	-32.73244812158811	-70.707957294106	Rinconada	False	Rinconada	False	2021-08-04	2021.5910920000001	2021-08-06	2021.595031
59	77	0.0035540000000000016	71.82929128383732	-3839236.8403227148	-7871379.568559923	-3924562.935161619	-7867547.372227067	-32.75138787531039	-70.70980573543504	-33.3967197965046	-70.67538053005951	Rinconada	False	Santiago	False	2021-08-04	2021.5910920000001	2021-08-06	2021.594646
58	59	0.023135000000000017	1.6762899285065695	-3837553.0648841523	-7872437.292147251	-3839236.8403227148	-7871379.568559923	-32.738605276610706	-70.71930742808374	-32.75138787531039	-70.70980573543504	Rinconada	False	Rinconada	False	2021-07-27	2021.567957	2021-08-04	2021.5910920000001
80	81	0.01852799999999999	8.406627710059409	-3836004.7469514054	-7874304.576084567	-3832987.2370522157	-7883836.855281502	-32.726849387256365	-70.73608152509055	-32.703933890088855	-70.82171144604156	Rinconada	False	Panquehue	False	2021-08-05	2021.592556	2021-08-12	2021.6110840000001
80	82	0.013048000000000004	4.23599296416251	-3836004.7469514054	-7874304.576084567	-3833399.5890453593	-7869997.164340877	-32.726849387256365	-70.73608152509055	-32.70706571371477	-70.69738738704703	Rinconada	False	San Felipe	False	2021-08-05	2021.592556	2021-08-10	2021.605604
79	80	0.006628000000000023	2.1720131582265094	-3838563.1165546174	-7874031.450059628	-3836004.7469514054	-7874304.576084567	-32.74627343650442	-70.73362799226362	-32.726849387256365	-70.73608152509055	Rinconada	False	Rinconada	False	2021-08-02	2021.585928	2021-08-05	2021.592556
79	83	0.008716999999999975	2.7395856897643616	-3838563.1165546174	-7874031.450059628	-3841635.617654377	-7875082.998123788	-32.74627343650442	-70.73362799226362	-32.769595305259195	-70.74307420924384	Rinconada	False	Rinconada	False	2021-08-02	2021.585928	2021-08-06	2021.5946450000001
78	79	0.013931000000000027	1.5245879624336651	-3837942.613049304	-7872327.263815591	-3838563.1165546174	-7874031.450059628	-32.7415627464279	-70.71831902676358	-32.74627343650442	-70.73362799226362	Rinconada	False	Rinconada	False	2021-07-28	2021.571997	2021-08-02	2021.585928
78	84	0.03908600000000001	2.894955295245481	-3837942.613049304	-7872327.263815591	-3838389.2085812874	-7868910.893864678	-32.7415627464279	-70.71831902676358	-32.74495320088599	-70.68762925333246	Rinconada	False	Santa Maria	False	2021-07-28	2021.571997	2021-08-12	2021.611083
58	78	0.004039999999999988	0.34160223013528224	-3837553.0648841523	-7872437.292147251	-3837942.613049304	-7872327.263815591	-32.738605276610706	-70.71930742808374	-32.7415627464279	-70.71831902676358	Rinconada	False	Rinconada	False	2021-07-27	2021.567957	2021-07-28	2021.571997
57	58	0.03372900000000001	2.606858952385294	-3835234.311878378	-7874485.82367013	-3837553.0648841523	-7872437.292147251	-32.72099913377862	-70.73770969985377	-32.738605276610706	-70.71930742808374	Rinconada	False	Rinconada	False	2021-07-14	2021.534228	2021-07-27	2021.567957
87	88	0.02523900000000001	3.9621425003183868	-3833083.544706957	-7879898.921043878	-3831112.019284437	-7884175.943062577	-32.70466535904979	-70.78633638090642	-32.68969016492944	-70.82475752340555	Panquehue	False	Panquehue	False	2021-08-05	2021.5940640000001	2021-08-15	2021.619303
87	89	0.0005809999999999982	0.602280871804965	-3833083.544706957	-7879898.921043878	-3832370.4252204634	-7879902.424240635	-32.70466535904979	-70.78633638090642	-32.699248981777274	-70.78636785065831	Panquehue	False	Panquehue	False	2021-08-05	2021.5940640000001	2021-08-06	2021.5946450000001
86	87	0.01084099999999999	6.384710753418361	-3839882.468026304	-7876572.245444005	-3833083.544706957	-7879898.921043878	-32.75628875032819	-70.75645234553969	-32.70466535904979	-70.78633638090642	Rinconada	False	Panquehue	False	2021-08-01	2021.583223	2021-08-05	2021.5940640000001
86	90	0.00046400000000001995	2.163938150569351	-3839882.468026304	-7876572.245444005	-3842391.956000117	-7876043.573763535	-32.75628875032819	-70.75645234553969	-32.775335357758806	-70.75170320703121	Rinconada	False	Rinconada	False	2021-08-01	2021.583223	2021-08-02	2021.583687
85	86	0.01517099999999999	5.345188066906014	-3833668.9334298475	-7875351.775753927	-3839882.468026304	-7876572.245444005	-32.70911133108705	-70.74548867977568	-32.75628875032819	-70.75645234553969	Panquehue	False	Rinconada	False	2021-07-27	2021.568052	2021-08-01	2021.583223
85	91	0.026592999999999978	8.629092070900494	-3833668.9334298475	-7875351.775753927	-3823502.7437460003	-7874364.060948566	-32.70911133108705	-70.74548867977568	-32.631868310046265	-70.7366158867156	Panquehue	False	San Felipe	False	2021-07-27	2021.568052	2021-08-06	2021.5946450000001
57	85	0.03382400000000002	1.5089637429208642	-3835234.311878378	-7874485.82367013	-3833668.9334298475	-7875351.775753927	-32.72099913377862	-70.73770969985377	-32.70911133108705	-70.74548867977568	Rinconada	False	Panquehue	False	2021-07-14	2021.534228	2021-07-27	2021.568052
56	57	0.06381199999999998	2.5451506189197772	-3835232.7377966554	-7877514.425510313	-3835234.311878378	-7874485.82367013	-32.72098718068487	-70.76491609307926	-32.72099913377862	-70.73770969985377	Rinconada	False	Rinconada	False	2021-06-21	2021.4704160000001	2021-07-14	2021.534228
56	92	0.028339000000000003	5.717928351163906	-3835232.7377966554	-7877514.425510313	-3829714.339120342	-7873573.708389949	-32.72098718068487	-70.76491609307926	-32.67907221380386	-70.72951602888311	Rinconada	False	San Felipe	False	2021-06-21	2021.4704160000001	2021-07-02	2021.498755
55	56	0.0009210000000000051	7.218761642902187	-3839470.5099660605	-7884976.580382612	-3835232.7377966554	-7877514.425510313	-32.75316166228741	-70.83194977082178	-32.72098718068487	-70.76491609307926	Llaillay	False	Rinconada	False	2021-06-21	2021.469495	2021-06-21	2021.4704160000001
55	93	0.08679399999999998	39.67035368157066	-3839470.5099660605	-7884976.580382612	-3861777.061255542	-7926592.86049937	-32.75316166228741	-70.83194977082178	-32.92232643161491	-71.20579517579262	Llaillay	False	Olmue	False	2021-06-21	2021.469495	2021-07-23	2021.556289
54	55	0.03804799999999997	7.776074767607138	-3844693.202469915	-7892604.394526906	-3839470.5099660605	-7884976.580382612	-32.79279782952996	-70.90047159112422	-32.75316166228741	-70.83194977082178	Llaillay	False	Llaillay	False	2021-06-07	2021.431447	2021-06-21	2021.469495
94	95	0.04099900000000001	4.909659862139437	-3777838.181632889	-7946600.37887747	-3777520.857594574	-7940795.272330648	-32.28407777883317	-71.38552577135611	-32.28165623656897	-71.33337761198659	La Ligua	False	La Ligua	False	2021-06-21	2021.468715	2021-07-06	2021.509714
94	96	0.04099900000000001	12.095177496318914	-3777838.181632889	-7946600.37887747	-3770986.261135491	-7959155.251533991	-32.28407777883317	-71.38552577135611	-32.23177534647839	-71.49830811133138	La Ligua	False	La Ligua	False	2021-06-21	2021.468715	2021-07-06	2021.509714
54	94	0.03726800000000002	72.5759107119207	-3844693.202469915	-7892604.394526906	-3777838.181632889	-7946600.37887747	-32.79279782952996	-70.90047159112422	-32.28407777883317	-71.38552577135611	Llaillay	False	La Ligua	False	2021-06-07	2021.431447	2021-06-21	2021.468715
8	54	0.232296	63.48908402519085	-3918979.9305238733	-7879095.857130887	-3844693.202469915	-7892604.394526906	-33.3546411332459	-70.77912233503477	-32.79279782952996	-70.90047159112422	Santiago	False	Llaillay	False	2021-03-14	2021.199151	2021-06-07	2021.431447
7	8	0.0007769999999999722	5.442082784106919	-3925473.5215432583	-7879035.490185916	-3918979.9305238733	-7879095.857130887	-33.40358086456229	-70.77858004954155	-33.3546411332459	-70.77912233503477	Santiago	False	Santiago	False	2021-03-14	2021.198374	2021-03-14	2021.199151
100	101	0.01300699999999999	209.21163365755896	-5674005.298965704	-8019481.511297206	-5820999.528498043	-8282394.2300351905	-45.524703365832714	-72.04022812312199	-46.445183925447914	-74.40201325943947	Coihaique	False	Aisen	False	2021-04-13	2021.280268	2021-04-18	2021.293275
100	102	0.010267000000000026	25.063901155712067	-5674005.298965704	-8019481.511297206	-5638394.540113267	-8018466.032852841	-45.524703365832714	-72.04022812312199	-45.29938927229151	-72.03110592504932	Coihaique	False	Coihaique	False	2021-04-13	2021.280268	2021-04-17	2021.290535
99	100	0.005227999999999955	16.875979580164156	-5698073.2501639575	-8019417.943703886	-5674005.298965704	-8019481.511297206	-45.67647217053084	-72.03965708571545	-45.524703365832714	-72.04022812312199	Coihaique	False	Coihaique	False	2021-04-11	2021.27504	2021-04-13	2021.280268
99	103	0.042893000000000014	10.226811634693727	-5698073.2501639575	-8019417.943703886	-5712279.07060394	-8015964.797911679	-45.67647217053084	-72.03965708571545	-45.76585797208716	-72.00863694928113	Coihaique	False	Coihaique	False	2021-04-11	2021.27504	2021-04-27	2021.317933
98	99	0.0007969999999999922	2.266504760962038	-5701275.29653726	-8019896.764902272	-5698073.2501639575	-8019417.943703886	-45.69663263871313	-72.04395840972415	-45.67647217053084	-72.03965708571545	Coihaique	False	Coihaique	False	2021-04-11	2021.274243	2021-04-11	2021.27504
98	104	0.021771999999999958	42.46677351312679	-5701275.29653726	-8019896.764902272	-5761723.269234916	-8012650.859545351	-45.69663263871313	-72.04395840972415	-46.07584837115697	-71.97886733443009	Coihaique	False	Coihaique	False	2021-04-11	2021.274243	2021-04-19	2021.2960150000001
97	98	0.02065800000000001	15.259094154499435	-5681242.821336356	-8028459.986728725	-5701275.29653726	-8019896.764902272	-45.57038551934365	-72.12088314020424	-45.69663263871313	-72.04395840972415	Coihaique	False	Coihaique	False	2021-04-03	2021.2535850000002	2021-04-11	2021.274243
105	106	0.046018	34.711213817277034	-5675613.019477956	-8030902.698670825	-5723384.718820987	-8044212.968400978	-45.534854284730244	-72.14282639492714	-45.83563663937068	-72.26239458227063	Coihaique	False	Coihaique	False	2021-04-04	2021.255477	2021-04-21	2021.301495
105	107	0.004921999999999982	57.90614714327961	-5675613.019477956	-8030902.698670825	-5593507.23513021	-8030833.236160323	-45.534854284730244	-72.14282639492714	-45.01409197744097	-72.14220240257856	Coihaique	False	Coihaique	False	2021-04-04	2021.255477	2021-04-06	2021.260399
97	105	0.0018920000000000048	4.30451913255294	-5681242.821336356	-8028459.986728725	-5675613.019477956	-8030902.698670825	-45.57038551934365	-72.12088314020424	-45.534854284730244	-72.14282639492714	Coihaique	False	Coihaique	False	2021-04-03	2021.2535850000002	2021-04-04	2021.255477
7	97	0.05521100000000001	1357.7261333587571	-3925473.5215432583	-7879035.490185916	-5681242.821336356	-8028459.986728725	-33.40358086456229	-70.77858004954155	-45.57038551934365	-72.12088314020424	Santiago	False	Coihaique	False	2021-03-14	2021.198374	2021-04-03	2021.2535850000002
6	7	0.0012429999999999941	6.603167975453289	-3933357.794485053	-7879009.2642498985	-3925473.5215432583	-7879035.490185916	-33.46296425537498	-70.77834445794988	-33.40358086456229	-70.77858004954155	Santiago	False	Santiago	False	2021-03-13	2021.1971310000001	2021-03-14	2021.198374
6	108	0.011212999999999973	7.505718368901937	-3933357.794485053	-7879009.2642498985	-3941404.4481978603	-7882987.710581226	-33.46296425537498	-70.77834445794988	-33.52352837060036	-70.8140834494147	Santiago	False	San Bernardo	False	2021-03-13	2021.1971310000001	2021-03-18	2021.208344
5	6	0.0021460000000000368	2.6672400118964585	-3935594.4063903773	-7876729.45415868	-3933357.794485053	-7879009.2642498985	-33.47980267654821	-70.75786457545158	-33.46296425537498	-70.77834445794988	Santiago	False	Santiago	False	2021-03-13	2021.1949849999999	2021-03-13	2021.1971310000001
115	116	0.008489000000000024	5.124127291623655	-4925657.310480664	-8130129.753268956	-4919912.293350397	-8133645.146165202	-40.599661560623204	-73.03419819236377	-40.56031270145132	-73.0657775040476	Osorno	False	Entre Lagos	False	2021-08-05	2021.594376	2021-08-09	2021.602865
115	117	0.008489000000000024	8.889632821812338	-4925657.310480664	-8130129.753268956	-4936770.324305286	-8126512.737991975	-40.599661560623204	-73.03419819236377	-40.675710776413574	-73.0017059913017	Osorno	False	Osorno	False	2021-08-05	2021.594376	2021-08-09	2021.602865
114	115	0.012616000000000016	2.1151431309676836	-4922966.880179315	-8129436.34589315	-4925657.310480664	-8130129.753268956	-40.58123712816239	-73.0279692079257	-40.599661560623204	-73.03419819236377	Entre Lagos	False	Osorno	False	2021-08-01	2021.58176	2021-08-05	2021.594376
114	118	0.01288499999999998	3.514543086596074	-4922966.880179315	-8129436.34589315	-4919557.04291042	-8126315.924670363	-40.58123712816239	-73.0279692079257	-40.557878748979505	-72.99993798715249	Entre Lagos	False	Entre Lagos	False	2021-08-01	2021.58176	2021-08-06	2021.5946450000001
113	114	0.0012650000000000161	0.6283828944949714	-4923181.180197562	-8130236.237518767	-4922966.880179315	-8129436.34589315	-40.58270487132843	-73.035154756655	-40.58123712816239	-73.0279692079257	Entre Lagos	False	Entre Lagos	False	2021-07-31	2021.580495	2021-08-01	2021.58176
119	120	0.0020800000000000263	1.1257085997687866	-4924338.240591383	-8133552.6575687025	-4925475.975198795	-8132604.923193483	-40.59062902991396	-73.06494666484917	-40.59841991274154	-73.05643302210372	Osorno	False	Osorno	False	2021-08-08	2021.600784	2021-08-09	2021.602864
119	121	0.013039000000000023	7.55184166540023	-4924338.240591383	-8133552.6575687025	-4920413.140556163	-8142693.446093625	-40.59062902991396	-73.06494666484917	-40.56374403985186	-73.14705976525761	Osorno	False	Osorno	False	2021-08-08	2021.600784	2021-08-13	2021.6138230000001
113	119	0.020289	2.665588858657684	-4923181.180197562	-8130236.237518767	-4924338.240591383	-8133552.6575687025	-40.58270487132843	-73.035154756655	-40.59062902991396	-73.06494666484917	Entre Lagos	False	Osorno	False	2021-07-31	2021.580495	2021-08-08	2021.600784
112	113	0.141729	807.6088853729051	-3948950.719417697	-7860740.53200176	-4923181.180197562	-8130236.237518767	-33.58028742815713	-70.61423364394999	-40.58270487132843	-73.035154756655	Pirque	False	Entre Lagos	False	2021-06-10	2021.438766	2021-07-31	2021.580495
123	124	0.00903799999999999	4.543095673439012	-3952014.4968602266	-7856904.069288484	-3947520.574198965	-7853834.3410366075	-33.60332079546695	-70.57977011302708	-33.56953352361411	-70.55219427495955	San Jode de Maipo	False	San Jode de Maipo	False	2021-06-20	2021.467799	2021-06-24	2021.476837
123	125	0.00903799999999999	4.207039982857925	-3952014.4968602266	-7856904.069288484	-3956638.9687005216	-7858902.927634749	-33.60332079546695	-70.57977011302708	-33.6380756479861	-70.59772616305948	San Jode de Maipo	False	Pirque	False	2021-06-20	2021.467799	2021-06-24	2021.476837
122	123	0.0025109999999999855	1.0954820575831885	-3951859.208799666	-7858211.537998158	-3952014.4968602266	-7856904.069288484	-33.602153494824954	-70.59151530428117	-33.60332079546695	-70.57977011302708	Pirque	False	San Jode de Maipo	False	2021-06-19	2021.465288	2021-06-20	2021.467799
122	126	0.011548999999999976	253.7893302879317	-3951859.208799666	-7858211.537998158	-4223102.460683731	-8003367.048615271	-33.602153494824954	-70.59151530428117	-35.616549378721864	-71.89546944189644	Pirque	False	San Javier	False	2021-06-19	2021.465288	2021-06-24	2021.476837
112	122	0.02652199999999999	3.215556733282686	-3948950.719417697	-7860740.53200176	-3951859.208799666	-7858211.537998158	-33.58028742815713	-70.61423364394999	-33.602153494824954	-70.59151530428117	Pirque	False	Pirque	False	2021-06-10	2021.438766	2021-06-19	2021.465288
111	112	0.01854	2.7227935019086216	-3946288.9029514585	-7862624.945319057	-3948950.719417697	-7860740.53200176	-33.560270950359005	-70.63116161679525	-33.58028742815713	-70.61423364394999	Pirque	False	Pirque	False	2021-06-03	2021.420226	2021-06-10	2021.438766
127	128	0.023567000000000005	729.3978535573272	-3947140.6059691473	-7865255.292853896	-4808970.519598145	-8150981.897591342	-33.56667614440213	-70.65479043072618	-39.79588053569174	-73.22151619187842	Pirque	False	Mariquina	False	2021-06-20	2021.466968	2021-06-29	2021.4905350000001
127	129	0.13589600000000002	13.392139941139217	-3947140.6059691473	-7865255.292853896	-3931200.5879298667	-7863817.04728685	-33.56667614440213	-70.65479043072618	-33.44672051229437	-70.64187045097422	Pirque	False	Puente Alto	False	2021-06-20	2021.466968	2021-08-09	2021.602864
111	127	0.046742000000000006	2.3022827829533212	-3946288.9029514585	-7862624.945319057	-3947140.6059691473	-7865255.292853896	-33.560270950359005	-70.63116161679525	-33.56667614440213	-70.65479043072618	Pirque	False	Pirque	False	2021-06-03	2021.420226	2021-06-20	2021.466968
110	111	0.103412	3.1627196322466413	-3946236.136146734	-7866424.212157543	-3946288.9029514585	-7862624.945319057	-33.55987410421556	-70.66529101148986	-33.560270950359005	-70.63116161679525	Pirque	False	Pirque	False	2021-04-26	2021.316814	2021-06-03	2021.420226
131	132	0.0034720000000000306	1.2178961343906904	-4017770.235034409	-7874498.043882939	-4017348.714132995	-7873087.9213070525	-34.09617021544043	-70.73781947589318	-34.093020000418136	-70.72515212926918	Codegua	False	Codegua	False	2021-05-08	2021.350078	2021-05-10	2021.35355
131	133	0.0034720000000000306	1.8637359957895465	-4017770.235034409	-7874498.043882939	-4019368.492048612	-7876078.957508856	-34.09617021544043	-70.73781947589318	-34.108113633042265	-70.75202106462353	Codegua	False	Codegua	False	2021-05-08	2021.350078	2021-05-10	2021.35355
130	131	0.016766000000000003	58.00814366651876	-3948763.641429215	-7865446.503116254	-4017770.235034409	-7874498.043882939	-33.57888078157253	-70.65650810173774	-34.09617021544043	-70.73781947589318	Pirque	False	Codegua	False	2021-05-02	2021.333312	2021-05-08	2021.350078
130	134	0.006539000000000017	5.081049889948633	-3948763.641429215	-7865446.503116254	-3942881.8794462723	-7863916.882886289	-33.57888078157253	-70.65650810173774	-33.53464378913831	-70.64276728942298	Pirque	False	Pirque	False	2021-05-02	2021.333312	2021-05-05	2021.339851
110	130	0.016498000000000013	2.2646885743625216	-3946236.136146734	-7866424.212157543	-3948763.641429215	-7865446.503116254	-33.55987410421556	-70.66529101148986	-33.57888078157253	-70.65650810173774	Pirque	False	Pirque	False	2021-04-26	2021.316814	2021-05-02	2021.333312
109	110	0.014972999999999959	3.057162843004235	-3944190.0595913706	-7869467.474957433	-3946236.136146734	-7866424.212157543	-33.544484647145914	-70.69262910635719	-33.55987410421556	-70.66529101148986	Pirque	False	Pirque	False	2021-04-21	2021.301841	2021-04-26	2021.316814
136	137	0.03631200000000001	31.973925212065158	-4817018.745057275	-8082992.006917174	-4848534.562277227	-8055735.577847265	-39.85162777345771	-72.61075261229622	-40.06948780547825	-72.36590394405603	Mafil	False	Los Lagos	False	2021-06-15	2021.454224	2021-06-29	2021.490536
136	138	0.03631200000000001	9.903093421952391	-4817018.745057275	-8082992.006917174	-4824718.657697624	-8093342.934185482	-39.85162777345771	-72.61075261229622	-39.90491969249485	-72.70373657399553	Mafil	False	Mafil	False	2021-06-15	2021.454224	2021-06-29	2021.490536
135	136	0.10539300000000001	37.953837710807825	-4767957.920934919	-8086354.015594667	-4817018.745057275	-8082992.006917174	-39.51109301733732	-72.64095405009957	-39.85162777345771	-72.61075261229622	Loncoche	False	Mafil	False	2021-05-08	2021.348831	2021-06-15	2021.454224
135	139	0.0019790000000000085	4.268324065790694	-4767957.920934919	-8086354.015594667	-4762464.534098036	-8086844.08405258	-39.51109301733732	-72.64095405009957	-39.472857694611264	-72.64535640995965	Loncoche	False	Loncoche	False	2021-05-08	2021.348831	2021-05-09	2021.3508100000001
109	135	0.046989999999999976	685.8627841273814	-3944190.0595913706	-7869467.474957433	-4767957.920934919	-8086354.015594667	-33.544484647145914	-70.69262910635719	-39.51109301733732	-72.64095405009957	Pirque	False	Loncoche	False	2021-04-21	2021.301841	2021-05-08	2021.348831
5	109	0.10685600000000006	9.397234519307016	-3935594.4063903773	-7876729.45415868	-3944190.0595913706	-7869467.474957433	-33.47980267654821	-70.75786457545158	-33.544484647145914	-70.69262910635719	Santiago	False	Pirque	False	2021-03-13	2021.1949849999999	2021-04-21	2021.301841
4	5	0.0007379999999999609	0.6531934860411129	-3936100.488395753	-7876132.655574333	-3935594.4063903773	-7876729.45415868	-33.48361227675441	-70.75250344255298	-33.47980267654821	-70.75786457545158	Santiago	False	Santiago	False	2021-03-12	2021.1942470000001	2021-03-13	2021.1949849999999
4	140	0.09902799999999995	425.1186273423076	-3936100.488395753	-7876132.655574333	-4386442.176134908	-8133854.885147656	-33.48361227675441	-70.75250344255298	-36.80558905721294	-73.06766162138375	Santiago	False	Concepcion	False	2021-03-12	2021.1942470000001	2021-04-18	2021.293275
3	4	0.0010169999999999901	0.7998301467576835	-3936622.316536297	-7875328.367113508	-3936100.488395753	-7876132.655574333	-33.487540231023694	-70.74527839638098	-33.48361227675441	-70.75250344255298	Santiago	False	Santiago	False	2021-03-12	2021.19323	2021-03-12	2021.1942470000001
141	142	0.012648999999999966	0.8052643885529697	-3944315.703388445	-7861755.684988354	-3945159.3309464725	-7861289.544012875	-33.545429750084004	-70.62335291838576	-33.55177531551062	-70.6191655027575	Pirque	False	Pirque	False	2021-04-29	2021.324462	2021-05-04	2021.337111
141	143	0.015388999999999986	0.5922068101724639	-3944315.703388445	-7861755.684988354	-3944417.7402346074	-7861051.760967841	-33.545429750084004	-70.62335291838576	-33.546197271926296	-70.61702946132091	Pirque	False	Pirque	False	2021-04-29	2021.324462	2021-05-05	2021.339851
3	141	0.13123199999999996	13.007637650843153	-3936622.316536297	-7875328.367113508	-3944315.703388445	-7861755.684988354	-33.487540231023694	-70.74527839638098	-33.545429750084004	-70.62335291838576	Santiago	False	Pirque	False	2021-03-12	2021.19323	2021-04-29	2021.324462
2	3	0.004068000000000016	0.14190413113376896	-3936710.0998821445	-7875474.096350639	-3936622.316536297	-7875328.367113508	-33.48820098448234	-70.74658750439156	-33.487540231023694	-70.74527839638098	Santiago	False	Santiago	False	2021-03-11	2021.189162	2021-03-12	2021.19323
156	157	0.0035680000000000156	4.4764615349581245	-4976506.862361861	-8091935.685030533	-4982097.679044859	-8093865.896962449	-40.94692360822281	-72.69109503975098	-40.984992805127504	-72.70843442855129	Puerto Octay	False	Puerto Octay	False	2021-08-18	2021.629432	2021-08-20	2021.633
156	158	0.0035680000000000156	12.624924939790162	-4976506.862361861	-8091935.685030533	-4965023.864671795	-8079819.535316932	-40.94692360822281	-72.69109503975098	-40.86866375944158	-72.5822538150269	Puerto Octay	False	Puerto Octay	False	2021-08-18	2021.629432	2021-08-20	2021.633
155	156	0.016272999999999982	10.447476109388012	-4970417.729033435	-8104356.106310235	-4976506.862361861	-8091935.685030533	-40.90543608089296	-72.80266958245858	-40.94692360822281	-72.69109503975098	Puerto Octay	False	Puerto Octay	False	2021-08-12	2021.613159	2021-08-18	2021.629432
159	160	0.00403199999999998	3.1991296423240816	-4964493.669058978	-8112855.0322732795	-4968680.364602341	-8112326.804494678	-40.86504807370541	-72.8790167333706	-40.893593959282676	-72.87427158250046	Puerto Octay	False	Puerto Octay	False	2021-08-18	2021.628968	2021-08-20	2021.633
159	161	0.00403199999999998	7.122653933951508	-4964493.669058978	-8112855.0322732795	-4955711.051282153	-8116185.673369565	-40.86504807370541	-72.8790167333706	-40.80512579638996	-72.9089363913977	Puerto Octay	False	Puerto Octay	False	2021-08-18	2021.628968	2021-08-20	2021.633
155	159	0.015809000000000017	7.833368214850336	-4970417.729033435	-8104356.106310235	-4964493.669058978	-8112855.0322732795	-40.90543608089296	-72.80266958245858	-40.86504807370541	-72.8790167333706	Puerto Octay	False	Puerto Octay	False	2021-08-12	2021.613159	2021-08-18	2021.628968
154	155	0.014593000000000023	0.5452510211403229	-4971137.180228522	-8104364.157986324	-4970417.729033435	-8104356.106310235	-40.91033933643164	-72.80274191189551	-40.90543608089296	-72.80266958245858	Puerto Octay	False	Puerto Octay	False	2021-08-07	2021.5985660000001	2021-08-12	2021.613159
162	163	0.0025120000000000142	2.5926214132526493	-4973299.869256764	-8094036.511839098	-4970098.812144617	-8095249.333508974	-40.92507644427342	-72.7099670880652	-40.90326245837561	-72.7208620504948	Puerto Octay	False	Puerto Octay	False	2021-08-15	2021.61953	2021-08-16	2021.622042
162	164	0.0025120000000000142	5.838179121246794	-4973299.869256764	-8094036.511839098	-4979388.565128267	-8089291.161896646	-40.92507644427342	-72.7099670880652	-40.96654856948371	-72.66733888424719	Puerto Octay	False	Puerto Octay	False	2021-08-15	2021.61953	2021-08-16	2021.622042
154	162	0.020963999999999983	7.9657396681052015	-4971137.180228522	-8104364.157986324	-4973299.869256764	-8094036.511839098	-40.91033933643164	-72.80274191189551	-40.92507644427342	-72.7099670880652	Puerto Octay	False	Puerto Octay	False	2021-08-07	2021.5985660000001	2021-08-15	2021.61953
153	154	0.002014999999999989	1.978657244643672	-4970703.8566396665	-8106948.872990394	-4971137.180228522	-8104364.157986324	-40.90738616221657	-72.825960801828	-40.91033933643164	-72.80274191189551	Puerto Octay	False	Puerto Octay	False	2021-08-06	2021.596551	2021-08-07	2021.5985660000001
153	165	0.003572999999999993	41.36947849129537	-4970703.8566396665	-8106948.872990394	-4929102.452426225	-8142248.782773118	-40.90738616221657	-72.825960801828	-40.62324689113335	-73.1430652866866	Puerto Octay	False	Osorno	False	2021-08-06	2021.596551	2021-08-08	2021.600124
152	153	0.00021300000000001873	0.34258387955250447	-4970937.886241197	-8107337.134064941	-4970703.8566396665	-8106948.872990394	-40.90898113040011	-72.82944861040293	-40.90738616221657	-72.825960801828	Puerto Octay	False	Puerto Octay	False	2021-08-06	2021.596338	2021-08-06	2021.596551
152	166	0.0037860000000000116	1.7696357400390677	-4970937.886241197	-8107337.134064941	-4973272.9591983445	-8107380.749766375	-40.90898113040011	-72.82944861040293	-40.924893092697765	-72.8298404169152	Puerto Octay	False	Puerto Octay	False	2021-08-06	2021.596338	2021-08-08	2021.600124
151	152	0.019521999999999984	4.188089991767429	-4966083.803498836	-8109986.4992873315	-4970937.886241197	-8107337.134064941	-40.87589144938695	-72.85324826312782	-40.90898113040011	-72.82944861040293	Puerto Octay	False	Puerto Octay	False	2021-07-30	2021.576816	2021-08-06	2021.596338
151	167	0.01782800000000001	4.686622615249992	-4966083.803498836	-8109986.4992873315	-4960015.35877259	-8111156.522974684	-40.87589144938695	-72.85324826312782	-40.834500159156676	-72.86375876473913	Puerto Octay	False	Puerto Octay	False	2021-07-30	2021.576816	2021-08-06	2021.594644
150	151	0.004406999999999994	0.9435296240054919	-4966896.2155791335	-8110932.872651701	-4966083.803498836	-8109986.4992873315	-40.88143072388411	-72.86174967970479	-40.87589144938695	-72.85324826312782	Puerto Octay	False	Puerto Octay	False	2021-07-28	2021.572409	2021-07-30	2021.576816
169	170	0.007155999999999996	0.9636865926100298	-4994193.408933885	-8089932.3831146555	-4992920.0767151825	-8089990.920138278	-41.06727975659602	-72.6730990724536	-41.05862218876908	-72.67362491948366	Puerto Octay	False	Puerto Octay	False	2021-08-13	2021.614885	2021-08-16	2021.622041
169	171	0.007155999999999996	2.1804178242807697	-4994193.408933885	-8089932.3831146555	-4996736.96080134	-8088566.542775714	-41.06727975659602	-72.6730990724536	-41.084570291106985	-72.66082951993221	Puerto Octay	False	Puerto Varas	False	2021-08-13	2021.614885	2021-08-16	2021.622041
168	169	0.023619999999999974	19.364513386644166	-4978266.433391656	-8110043.68944426	-4994193.408933885	-8089932.3831146555	-40.958907331111035	-72.85376201104852	-41.06727975659602	-72.6730990724536	Puerto Octay	False	Puerto Octay	False	2021-08-04	2021.591265	2021-08-13	2021.614885
168	172	0.022556999999999994	6.253387886199462	-4978266.433391656	-8110043.68944426	-4984416.465458603	-8115580.173482468	-40.958907331111035	-72.85376201104852	-41.000775478955156	-72.90349709336658	Puerto Octay	False	Puerto Octay	False	2021-08-04	2021.591265	2021-08-13	2021.613822
150	168	0.018855999999999984	8.641107856197976	-4966896.2155791335	-8110932.872651701	-4978266.433391656	-8110043.68944426	-40.88143072388411	-72.86174967970479	-40.958907331111035	-72.85376201104852	Puerto Octay	False	Puerto Octay	False	2021-07-28	2021.572409	2021-08-04	2021.591265
149	150	0.045709	36.92716622676005	-4920506.118607456	-8125448.38570708	-4966896.2155791335	-8110932.872651701	-40.564381019321274	-72.99214475204963	-40.88143072388411	-72.86174967970479	Entre Lagos	False	Puerto Octay	False	2021-07-12	2021.5267000000001	2021-07-28	2021.572409
149	173	0.015888999999999986	2.5031086240934908	-4920506.118607456	-8125448.38570708	-4918436.0013794545	-8128009.648434986	-40.564381019321274	-72.99214475204963	-40.55019749310901	-73.01515296660087	Entre Lagos	False	Entre Lagos	False	2021-07-12	2021.5267000000001	2021-07-18	2021.5425890000001
148	149	0.007850000000000024	1.5349390835989987	-4918643.771486483	-8124676.703010523	-4920506.118607456	-8125448.38570708	-40.55162117855184	-72.98521260844154	-40.564381019321274	-72.99214475204963	Entre Lagos	False	Entre Lagos	False	2021-07-09	2021.51885	2021-07-12	2021.5267000000001
148	174	0.004560999999999982	0.8562534461204082	-4918643.771486483	-8124676.703010523	-4917625.759285791	-8124198.976589566	-40.55162117855184	-72.98521260844154	-40.54464524867422	-72.98092111898582	Entre Lagos	False	Entre Lagos	False	2021-07-09	2021.51885	2021-07-11	2021.5234110000001
147	148	0.105844	736.5169396000572	-4026436.74395893	-7880479.296828168	-4918643.771486483	-8124676.703010523	-34.16091269643436	-70.79154998528203	-40.55162117855184	-72.98521260844154	Requinao	False	Entre Lagos	False	2021-05-31	2021.413006	2021-07-09	2021.51885
147	175	0.019994000000000012	2.0854023915323703	-4026436.74395893	-7880479.296828168	-4028948.4783207746	-7880470.533410165	-34.16091269643436	-70.79154998528203	-34.17966705760915	-70.7914712621587	Requinao	False	Requinao	False	2021-05-31	2021.413006	2021-06-08	2021.433
146	147	0.05219799999999997	4.31439723181484	-4021242.107270395	-7880463.194433669	-4026436.74395893	-7880479.296828168	-34.122112574665614	-70.79140533501112	-34.16091269643436	-70.79154998528203	Machali	False	Requinao	False	2021-05-12	2021.3608080000001	2021-05-31	2021.413006
179	180	0.02190599999999998	37.67235022780625	-4437185.543145997	-8106473.896370225	-4483019.145608337	-8095013.790957655	-37.17125510148498	-72.82169401425303	-37.50001414017543	-72.7187461357557	Santa Juana	False	Nacimiento	False	2021-06-25	2021.4795880000001	2021-07-03	2021.501494
179	181	0.046563999999999994	44.23494533258841	-4437185.543145997	-8106473.896370225	-4385918.098180498	-8127032.486111355	-37.17125510148498	-72.82169401425303	-36.80180321072827	-73.00637496809703	Santa Juana	False	Concepcion	False	2021-06-25	2021.4795880000001	2021-07-12	2021.5261520000001
178	179	0.09575800000000001	381.8201803773136	-4024973.075120291	-7882826.571471292	-4437185.543145997	-8106473.896370225	-34.14998198446359	-70.81263591216147	-37.17125510148498	-72.82169401425303	Requinao	False	Santa Juana	False	2021-05-21	2021.38383	2021-06-25	2021.4795880000001
182	183	0.04318700000000003	2.8292023553670256	-4024775.47974046	-7879426.894876693	-4025851.8085727775	-7876179.573884593	-34.14850622831541	-70.78209609770155	-34.15654455703594	-70.7529249169051	Requinao	False	Requinao	False	2021-05-28	2021.403513	2021-06-13	2021.4467
182	184	0.084283	2.049357594609397	-4024775.47974046	-7879426.894876693	-4022796.884331773	-7877945.77707387	-34.14850622831541	-70.78209609770155	-34.13372750312059	-70.76879099010299	Requinao	False	Machali	False	2021-05-28	2021.403513	2021-06-28	2021.4877960000001
178	182	0.019683000000000006	2.8151366292280464	-4024973.075120291	-7882826.571471292	-4024775.47974046	-7879426.894876693	-34.14998198446359	-70.81263591216147	-34.14850622831541	-70.78209609770155	Requinao	False	Requinao	False	2021-05-21	2021.38383	2021-05-28	2021.403513
177	178	0.0005100000000000104	0.37614775968452346	-4024856.6207808084	-7883266.301559412	-4024973.075120291	-7882826.571471292	-34.14911223950561	-70.81658607475192	-34.14998198446359	-70.81263591216147	Requinao	False	Requinao	False	2021-05-20	2021.3833200000001	2021-05-21	2021.38383
185	186	0.027619000000000005	10.333819672289131	-4025037.9174409253	-7884203.505744569	-4034375.4953702674	-7892474.385200802	-34.15046625860496	-70.82500512319059	-34.220174590027845	-70.89930369747704	Requinao	False	Requinao	False	2021-05-20	2021.3834650000001	2021-05-31	2021.411084
185	187	0.049536000000000024	7.517580373590419	-4025037.9174409253	-7884203.505744569	-4016585.0325624365	-7887448.306180407	-34.15046625860496	-70.82500512319059	-34.087312363670286	-70.85415366144491	Requinao	False	Olivar	False	2021-05-20	2021.3834650000001	2021-06-08	2021.433001
177	185	0.00014500000000000624	0.7892309540447913	-4024856.6207808084	-7883266.301559412	-4025037.9174409253	-7884203.505744569	-34.14911223950561	-70.81658607475192	-34.15046625860496	-70.82500512319059	Requinao	False	Requinao	False	2021-05-20	2021.3833200000001	2021-05-20	2021.3834650000001
176	177	0.0034450000000000314	2.0327338073305734	-4024240.800655801	-7880886.4766171295	-4024856.6207808084	-7883266.301559412	-34.1445128063765	-70.79520774356011	-34.14911223950561	-70.81658607475192	Requinao	False	Requinao	False	2021-05-19	2021.379875	2021-05-20	2021.3833200000001
190	191	0.0007240000000000024	8.17217385048033	-4028555.284457726	-7876748.090435974	-4026007.251092426	-7886298.979717727	-34.17673147554869	-70.75803198797891	-34.15770538201635	-70.84382908616622	Requinao	False	Requinao	False	2021-06-11	2021.443235	2021-06-12	2021.443959
190	192	0.006203000000000014	4.288297038392643	-4028555.284457726	-7876748.090435974	-4032014.0603389335	-7872892.87291468	-34.17673147554869	-70.75803198797891	-34.20255113220306	-70.72339997974906	Requinao	False	Requinao	False	2021-06-11	2021.443235	2021-06-14	2021.449438
189	190	0.015979999999999994	4.844227685034146	-4025288.4616475096	-7871891.975613324	-4028555.284457726	-7876748.090435974	-34.15233741885969	-70.71440876631264	-34.17673147554869	-70.75803198797891	Machali	False	Requinao	False	2021-06-05	2021.427255	2021-06-11	2021.443235
189	193	0.06053999999999998	3.0191301620629964	-4025288.4616475096	-7871891.975613324	-4025284.9420563006	-7868239.6063266145	-34.15233741885969	-70.71440876631264	-34.15231113349198	-70.68159897477764	Machali	False	Machali	False	2021-06-05	2021.427255	2021-06-28	2021.487795
188	189	0.00015100000000001224	0.22333381982888742	-4025050.0501914844	-7871766.9640684845	-4025288.4616475096	-7871891.975613324	-34.15055687160467	-70.71328576849844	-34.15233741885969	-70.71440876631264	Machali	False	Machali	False	2021-06-05	2021.427104	2021-06-05	2021.427255
188	194	0.005896999999999986	2.5838661441733652	-4025050.0501914844	-7871766.9640684845	-4023563.969933959	-7869021.031365998	-34.15055687160467	-70.71328576849844	-34.13945740620991	-70.68861863534036	Machali	False	Machali	False	2021-06-05	2021.427104	2021-06-08	2021.433001
176	188	0.04722900000000002	7.5687143247013715	-4024240.800655801	-7880886.4766171295	-4025050.0501914844	-7871766.9640684845	-34.1445128063765	-70.79520774356011	-34.15055687160467	-70.71328576849844	Requinao	False	Machali	False	2021-05-19	2021.379875	2021-06-05	2021.427104
146	176	0.019066999999999945	2.5152587465978784	-4021242.107270395	-7880463.194433669	-4024240.800655801	-7880886.4766171295	-34.122112574665614	-70.79140533501112	-34.1445128063765	-70.79520774356011	Machali	False	Requinao	False	2021-05-12	2021.3608080000001	2021-05-19	2021.379875
145	146	0.110483	48.858976700401186	-3962647.1239492423	-7877666.370344087	-4021242.107270395	-7880463.194433669	-33.68320832621613	-70.76628103674447	-34.122112574665614	-70.79140533501112	Paine	False	Machali	False	2021-04-02	2021.2503250000002	2021-05-12	2021.3608080000001
195	196	0.0008340000000000014	3.6672635988779314	-4651089.948278442	-8085960.355169208	-4647438.578252024	-8088905.842026571	-38.69310012714881	-72.63741773833013	-38.667389138717034	-72.66387749696156	Nueva Imperial	False	Nueva Imperial	False	2021-04-05	2021.259563	2021-04-06	2021.260397
195	197	0.0008340000000000014	3.8503883428439822	-4651089.948278442	-8085960.355169208	-4655002.683630684	-8082966.199822548	-38.69310012714881	-72.63741773833013	-38.72064117282357	-72.6105207832208	Nueva Imperial	False	Nueva Imperial	False	2021-04-05	2021.259563	2021-04-06	2021.260397
145	195	0.009237999999999968	581.7922715783421	-3962647.1239492423	-7877666.370344087	-4651089.948278442	-8085960.355169208	-33.68320832621613	-70.76628103674447	-38.69310012714881	-72.63741773833013	Paine	False	Nueva Imperial	False	2021-04-02	2021.2503250000002	2021-04-05	2021.259563
144	145	0.011909000000000058	22.40329687706151	-3935946.2352849757	-7875391.601788179	-3962647.1239492423	-7877666.370344087	-33.4824511336802	-70.74584644312841	-33.68320832621613	-70.76628103674447	Santiago	False	Paine	False	2021-03-29	2021.238416	2021-04-02	2021.2503250000002
144	198	0.016502000000000017	6.591579636051321	-3935946.2352849757	-7875391.601788179	-3928100.8385384367	-7874738.542549705	-33.4824511336802	-70.74584644312841	-33.42337405479942	-70.73997991217485	Santiago	False	Santiago	False	2021-03-29	2021.238416	2021-04-04	2021.254918
2	144	0.049253999999999964	0.6430373751952426	-3936710.0998821445	-7875474.096350639	-3935946.2352849757	-7875391.601788179	-33.48820098448234	-70.74658750439156	-33.4824511336802	-70.74584644312841	Santiago	False	Santiago	False	2021-03-11	2021.189162	2021-03-29	2021.238416
1	2	0.038536000000000015	139.48279286942233	-4082186.0465473705	-7959343.452223398	-3936710.0998821445	-7875474.096350639	-34.576184863913404	-71.49999874688915	-33.48820098448234	-70.74658750439156	Santa Cruz	False	Santiago	False	2021-02-24	2021.1506259999999	2021-03-11	2021.189162
1	199	0.183745	309.6764728850173	-4082186.0465473705	-7959343.452223398	-4414261.109426853	-8146083.516464026	-34.576184863913404	-71.49999874688915	-37.006276974687374	-73.17751328553732	Santa Cruz	False	Coronel	False	2021-02-24	2021.1506259999999	2021-05-03	2021.3343710000001
