tip	date	distance	residual
hCoV-19/Mexico/TAM-InDRE_244/2021|EPI_ISL_1008713|2021-01-26	2021.0684931506848	6.450622354528849E-4	5.417175677678099E-6
hCoV-19/Mexico/TAM-InDRE_F108L_S569/2021|EPI_ISL_1334382|2021-02-24	2021.1479452054793	6.790622354528849E-4	-1.7218227513042528E-8
hCoV-19/Mexico/NLE-LESPNL-20210512-455/2021|EPI_ISL_2102647|2021-05-03	2021.3342465753424	0.001040062235452886	2.685159270978104E-4
hCoV-19/Canada/ABPHL-02658/2021|EPI_ISL_2163167|2021-01-14	2021.035616438356	6.100622354528849E-4	-1.3265144085522636E-5
hCoV-19/England/RAND-11F96E6/2021|EPI_ISL_1108968|2021-01-28	2021.0739726027398	8.23062235452886E-4	1.806975623049533E-4
hCoV-19/Spain/CT-HUVH-EX12771/2021|EPI_ISL_3374771|2021-08-03	2021.5863013698631	0.0011630622354528862	2.6641371194953455E-4
hCoV-19/Spain/CT-LabRefCat-1626164/2021|EPI_ISL_5049893|2021-07-03	2021.5013698630137	0.0010960622354528862	2.415677192278956E-4
hCoV-19/Spain/NC-CHN-01000688/2021|EPI_ISL_1393228|2021-02-21	2021.1397260273973	7.220622354528855E-4	4.706220183157636E-5
hCoV-19/Colombia/ANT-CWOHC-VG-SEC01844X/2021|EPI_ISL_4878498|2021-08-20	2021.6328767123289	9.710622354528864E-4	5.1296998280920864E-5
hCoV-19/Panama/GMI-PACOVIDVIRO628/2021|EPI_ISL_5196210|2021-04-06	2021.2602739726028	8.58062235452886E-4	1.2323070763027566E-4
hCoV-19/Colombia/VAC-ICE-SCOV-317/2021|EPI_ISL_7139288|2021-08-22	2021.6383561643836	0.0011020622354528864	1.7957738490819494E-4
hCoV-19/Chile/RM-114446/2021|EPI_ISL_2892899|2021-06-20	2021.4657534246576	9.620622354528863E-4	1.2524520615083583E-4
hCoV-19/Colombia/COV-VG-3851/2021|EPI_ISL_3355471|2021-04-17	2021.2904109589042	7.270622354528854E-4	-2.2727165920161238E-5
hCoV-19/Colombia/COV-VG-3646/2021|EPI_ISL_3355502|2021-04-01	2021.2465753424658	7.570622354528859E-4	2.9029741062312287E-5
hCoV-19/Colombia/RIS-VG-3853/2021|EPI_ISL_3369925|2021-05-01	2021.3287671232877	7.250622354528854E-4	-4.376445952946424E-5
hCoV-19/Colombia/DC-UANDES-G014454/2021|EPI_ISL_1626610|2021-03-10	2021.186301369863	7.530622354528858E-4	5.494548816296278E-5
hCoV-19/Colombia/CAL-INS-VG-2160/2021|EPI_ISL_1805645|2021-03-26	2021.2301369863014	7.200622354528854E-4	1.885811804894005E-7
hCoV-19/Colombia/TOL-INS-COV-VG-7835/2021|EPI_ISL_5054489|2021-08-10	2021.6054794520549	8.440622354528859E-4	-6.210493485500623E-5
hCoV-19/Colombia/COV-VG-3661/2021|EPI_ISL_3355498|2021-04-19	2021.295890410959	8.68062235452886E-4	1.1555322070711351E-4
hCoV-19/Colombia/CAL-INS-VG-1494/2021|EPI_ISL_1626608|2021-02-15	2021.123287671233	7.190622354528854E-4	5.2221041949753865E-5
hCoV-19/Colombia/QUI-UTP-VG-364/2021|EPI_ISL_7363630|2021-10-03	2021.7534246575342	7.860622354528859E-4	-1.9353449592015876E-4
hCoV-19/Colombia/COV-VG-3848/2021|EPI_ISL_3355468|2021-04-08	2021.2657534246575	8.27062235452886E-4	8.951109425754981E-5
hCoV-19/Colombia/HUI-INS-VG-6232/2021|EPI_ISL_4300691|2021-07-07	2021.5123287671233	6.720622354528849E-4	-1.8787150751777947E-4
hCoV-19/USA/NY-MSK-851/2021|EPI_ISL_12176369|2021-03-25	2021.227397260274	8.24062235452886E-4	1.055483878668529E-4
hCoV-19/France/un-01-0332-d3/2021|EPI_ISL_13478539|2021-09-02	2021.668493150685	9.410622354528861E-4	3.619511357980435E-6
hCoV-19/Chile/RM-120284/2021|EPI_ISL_3185392|2021-07-04	2021.504109589041	8.020622354528859E-4	-5.379208745846765E-5
hCoV-19/Chile/RM-55193/2021|EPI_ISL_1633487|2021-03-16	2021.2027397260274	7.360622354528854E-4	2.9786648044562744E-5
hCoV-19/Argentina/INEI103352/2021|EPI_ISL_2135336|2021-04-03	2021.2520547945205	8.04062235452886E-4	7.331012768958649E-5
hCoV-19/Argentina/INEI103354/2021|EPI_ISL_2135337|2021-04-03	2021.2520547945205	8.04062235452886E-4	7.331012768958649E-5
hCoV-19/Mexico/TAB-InDRE_FB17298_S3469/2021|EPI_ISL_2778984|2021-06-09	2021.4356164383562	0.0010190622354528864	1.9720307970127224E-4
hCoV-19/Mexico/TAB-InDRE_FB17687_S3514/2021|EPI_ISL_2779029|2021-06-14	2021.4493150684932	9.520622354528863E-4	1.2340404626923543E-4
hCoV-19/Mexico/CAM_INER_IMSS_2128/2021|EPI_ISL_4299551|2021-08-22	2021.6383561643836	9.170622354528862E-4	-5.4226150918052244E-6
hCoV-19/Mexico/CAM_LANGEBIO_IMSS_2310/2021|EPI_ISL_4549852|2021-08-31	2021.66301369863	9.170622354528862E-4	-1.7660875269293638E-5
hCoV-19/Mexico/TAB-InDRE_FB23478_S5566/2021|EPI_ISL_3769173|2021-07-22	2021.5534246575342	9.840622354528863E-4	1.0373139218633389E-4
hCoV-19/Mexico/TAM-InDRE_FB18909_S4472/2021|EPI_ISL_3033326|2021-06-21	2021.468493150685	9.520622354528863E-4	1.1388539946447288E-4
hCoV-19/Mexico/TAM-InDRE-FB34064-S6782/2021|EPI_ISL_4298880|2021-08-11	2021.6082191780822	9.860622354528864E-4	7.853525845863125E-5
hCoV-19/USA/MN-CDC-IBX684025182990/2021|EPI_ISL_3353517|2021-07-31	2021.5780821917808	0.0010570622354528865	1.6449313200884563E-4
hCoV-19/USA/LA-BIE-LSUH900245/2021|EPI_ISL_4967528|2021-09-15	2021.704109589041	9.420622354528863E-4	-1.305797556518161E-5
hCoV-19/USA/CA-CDC-FG-114228/2021|EPI_ISL_4244693|2021-09-04	2021.6739726027397	0.0011630622354528867	2.228998979852551E-4
hCoV-19/Mexico/PUE_IBT_IMSS_1692/2021|EPI_ISL_3355572|2021-06-02	2021.4164383561645	7.470622354528858E-4	-6.527827349396586E-5
hCoV-19/USA/LA-CDC-2-4500999/2021|EPI_ISL_3355055|2021-06-02	2021.4164383561645	8.830622354528861E-4	7.072172650603452E-5
hCoV-19/USA/AZ-TG997568/2021|EPI_ISL_8364372|2021-07-10	2021.5205479452054	9.170622354528862E-4	5.304907242313303E-5
hCoV-19/USA/NE-20554/2021|EPI_ISL_2030448|2021-05-05	2021.3397260273973	9.060622354528862E-4	1.317963137248627E-4
hCoV-19/USA/NE-20978/2021|EPI_ISL_2030449|2021-03-30	2021.2410958904109	7.710622354528859E-4	4.574935443503816E-5
hCoV-19/USA/NE-S416938/2021|EPI_ISL_2030457|2021-04-27	2021.317808219178	8.380622354528859E-4	7.467476721620999E-5
hCoV-19/Colombia/ANT-CWOHC-VG-SEC00863E/2021|EPI_ISL_2621213|2021-05-25	2021.3945205479451	9.240622354528862E-4	1.2260017999716002E-4
hCoV-19/Canada/QC-1nSKP-0633211353/2021|EPI_ISL_4998983|2021-06-12	2021.4438356164383	9.060622354528862E-4	8.01236596421832E-5
hCoV-19/USA/MN-MDH-12889/2021|EPI_ISL_4419474|2021-08-17	2021.6246575342466	9.890622354528863E-4	7.33764183402316E-5
hCoV-19/USA/AR-UMGC-15531/2021|EPI_ISL_6405962|2021-08-26	2021.6493150684933	9.730622354528863E-4	4.5138158162743116E-5
hCoV-19/Canada/ABPHL-02626/2021|EPI_ISL_2163150|2021-01-07	2021.0164383561644	6.970622354528851E-4	8.325350271924008E-5
hCoV-19/Brazil/RJ-LNN05216/2021|EPI_ISL_5496226|2021-08-23	2021.641095890411	0.0010700622354528862	1.4621757822183188E-4
hCoV-19/USA/NC-CDC-4106462-001/2021|EPI_ISL_2031654|2021-04-13	2021.2794520547945	8.27062235452886E-4	8.271206082551311E-5
hCoV-19/USA/CA-CDPH-3000138834/2021|EPI_ISL_4945947|2021-08-03	2021.5863013698631	9.420622354528863E-4	4.54137119495346E-5
hCoV-19/England/ALDP-13FABD5/2021|EPI_ISL_1365167|2021-03-15	2021.2	8.940622354528862E-4	1.8914645473092648E-4
hCoV-19/USA/MI-CDC-2-4611291/2021|EPI_ISL_3355220|2021-06-15	2021.4520547945206	8.59062235452886E-4	2.9044239582872193E-5
hCoV-19/USA/GA-CDC-2-3922776/2021|EPI_ISL_3354009|2021-02-12	2021.1150684931506	7.560622354528859E-4	9.330046200906517E-5
hCoV-19/Spain/AS-252120078/2021|EPI_ISL_2812441|2021-05-23	2021.3890410958904	8.560622354528859E-4	5.731979336988564E-5
hCoV-19/Chile/RM-85075/2021|EPI_ISL_12145279|2021-04-25	2021.3123287671233	8.260622354528859E-4	6.539438058893589E-5
hCoV-19/Canada/ABPHL-04273/2020|EPI_ISL_2164198|2020-12-30	2020.9945355191257	7.96062235452886E-4	1.9312452557270572E-4
hCoV-19/Canada/ABPHL-06384/2021|EPI_ISL_2165456|2021-02-24	2021.1479452054793	9.330622354528859E-4	2.5398278177248804E-4
hCoV-19/USA/CA-Curative-004598/2021|EPI_ISL_2755389|2021-05-14	2021.3643835616438	0.0010010622354528862	2.1455805354737433E-4
hCoV-19/Mexico/CHH-InDRE-FB34366-S6836/2021|EPI_ISL_4298934|2021-08-16	2021.6219178082192	0.0011410622354528861	2.2673622502659431E-4
hCoV-19/Brazil/GO-HLAGYN-1461591/2021|EPI_ISL_2187774|2021-02-08	2021.1041095890412	8.24062235452886E-4	1.6673968875451702E-4
hCoV-19/Spain/CL-IBV-98026121/2021|EPI_ISL_2149043|2021-01-12	2021.0301369863014	7.190622354528854E-4	9.84544692872037E-5
hCoV-19/Panama/GMI-PA2026A/2021|EPI_ISL_11681679|2021-05-30	2021.4082191780822	8.86062235452886E-4	7.780114656512317E-5
hCoV-19/Panama/GMI-PA742645/2021|EPI_ISL_11681735|2021-05-20	2021.3808219178081	9.740622354528862E-4	1.7939921342919674E-4
hCoV-19/Panama/PA776729-GMI/2021|EPI_ISL_11686308|2021-08-25	2021.6465753424657	0.001077062235452886	1.5049796484910586E-4
hCoV-19/Panama/GMI-PASEQ510/2021|EPI_ISL_11695667|2021-09-17	2021.7095890410958	0.0010670622354528863	1.0922241106209253E-4
hCoV-19/Panama/PACZ4546-GMI/2021|EPI_ISL_11686441|2021-06-10	2021.4383561643835	9.630622354528862E-4	1.3984327301490914E-4
hCoV-19/Panama/GMI-PACZ6617/2021|EPI_ISL_11695939|2021-07-08	2021.5150684931507	9.960622354528862E-4	1.3476868579585886E-4
hCoV-19/Panama/GMI-PASEQ274/2021|EPI_ISL_11695508|2021-07-30	2021.5753424657535	9.610622354528862E-4	6.985293869520828E-5
hCoV-19/Panama/GMI-PA746322/2021|EPI_ISL_11681752|2021-05-29	2021.4054794520548	9.950622354528863E-4	1.8816095325148636E-4
hCoV-19/Panama/PA756264-GMI/2021|EPI_ISL_11686398|2021-06-20	2021.4657534246576	0.0010290622354528862	1.9224520615083573E-4
hCoV-19/Panama/PA769036-GMI/2021|EPI_ISL_11686273|2021-07-24	2021.558904109589	0.0011650622354528865	2.820117788136082E-4
hCoV-19/Panama/PA2812-GMI/2021|EPI_ISL_11686140|2021-07-12	2021.5260273972603	9.26062235452886E-4	5.932945905018491E-5
hCoV-19/Panama/GMI-PAM74007/2021|EPI_ISL_11696261|2021-08-30	2021.6602739726027	0.0011310622354528863	1.976989314170694E-4
hCoV-19/Panama/PA774778-GMI/2021|EPI_ISL_11686293|2021-08-16	2021.6219178082192	0.0010220622354528862	1.0773622502659435E-4
hCoV-19/Panama/PAM25427-GMI/2021|EPI_ISL_11686467|2021-06-17	2021.4575342465753	9.550622354528863E-4	1.223246262101466E-4
hCoV-19/Panama/PA761910-GMI/2021|EPI_ISL_11686248|2021-07-03	2021.5013698630137	0.0010210622354528862	1.6656771922789562E-4
hCoV-19/Panama/GMI-PASEQ293/2021|EPI_ISL_11695523|2021-08-05	2021.5917808219178	0.0010540622354528863	1.5469409857680875E-4
hCoV-19/USA/MD-CDC-4115044-001/2021|EPI_ISL_2031645|2021-03-02	2021.164383561644	8.00062235452886E-4	1.1282394165386639E-4
hCoV-19/USA/MD-CDC-4115050-001/2021|EPI_ISL_2031646|2021-03-09	2021.1835616438357	8.00062235452886E-4	1.0330529484932588E-4
hCoV-19/Chile/TA-139692/2021|EPI_ISL_3988262|2021-08-12	2021.6109589041096	7.990622354528859E-4	-1.098245482277321E-4
hCoV-19/Chile/TA-139696/2021|EPI_ISL_3988265|2021-08-12	2021.6109589041096	7.990622354528859E-4	-1.098245482277321E-4
hCoV-19/Colombia/SAN-43020/2021|EPI_ISL_12722802|2021-05-20	2021.3808219178081	7.990622354528859E-4	4.3992134291964994E-6
hCoV-19/USA/GA-CDC-2-3979479/2021|EPI_ISL_3354140|2021-02-16	2021.1260273972603	7.940622354528859E-4	1.2586123526339146E-4
hCoV-19/Argentina/INEI106369/2021|EPI_ISL_6694368|2021-06-12	2021.4438356164383	7.95062235452886E-4	-3.087634035781701E-5
hCoV-19/Canada/AB-ABPHL-05877/2021|EPI_ISL_2165225|2021-01-23	2021.0602739726028	7.280622354528854E-4	9.249659573676739E-5
hCoV-19/France/IDF-112110084235/2021|EPI_ISL_9455778|2021-09-19	2021.7150684931507	9.780622354528864E-4	1.7502797689366786E-5
hCoV-19/Colombia/ANT-CWOHC-VG-SEC00151U/2021|EPI_ISL_1675321|2021-03-15	2021.2	7.95062235452886E-4	9.014645473092624E-5
hCoV-19/Colombia/ANT-CWOHC-VG-SEC00591S/2021|EPI_ISL_2438055|2021-05-10	2021.3534246575343	8.300622354528859E-4	4.899728029304784E-5
hCoV-19/USA/FL-TGH-1927/2021|EPI_ISL_5347199|2021-10-06	2021.7616438356165	7.940622354528859E-4	-1.8961391597946962E-4
hCoV-19/Spain/VC-IBV-98026516/2021|EPI_ISL_2035897|2021-04-13	2021.2794520547945	7.60062235452886E-4	1.5712060825513112E-5
hCoV-19/USA/FL-CDC-2-4611680/2021|EPI_ISL_3355344|2021-07-02	2021.4986301369863	8.970622354528859E-4	4.392752591425824E-5
hCoV-19/Mexico/BCN-ALSR-105344/2021|EPI_ISL_3374005|2021-06-28	2021.4876712328767	8.63062235452886E-4	1.5366752659710004E-5
hCoV-19/Mexico/TAM-InDRE-94/2020|EPI_ISL_794592|2020-12-31	2020.9972677595629	6.900622354528849E-4	8.576843420506108E-5
hCoV-19/USA/NH-CDC-2-4122019/2021|EPI_ISL_3354512|2021-03-16	2021.2027397260274	8.250622354528859E-4	1.1878664804456328E-4
hCoV-19/Canada/ABPHL-03618/2021|EPI_ISL_2163775|2021-02-06	2021.0986301369862	7.990622354528859E-4	1.4445930212746486E-4
hCoV-19/Canada/SK-NML-20769/2021|EPI_ISL_2562996|2021-03-08	2021.1808219178083	7.57062235452886E-4	6.166510153568885E-5
hCoV-19/Canada/MB-NML-82811/2021|EPI_ISL_3356789|2021-04-13	2021.2794520547945	8.600622354528859E-4	1.1571206082551305E-4
hCoV-19/Canada/BC-BCCDC-122074/2021|EPI_ISL_3599264|2021-04-27	2021.317808219178	8.260622354528859E-4	6.267476721621003E-5
hCoV-19/France/NOR-76338836/2021|EPI_ISL_5062039|2021-05-31	2021.4109589041095	8.59062235452886E-4	4.944133987876023E-5
hCoV-19/Canada/ON-SC5666/2021|EPI_ISL_1740451|2021-02-28	2021.158904109589	7.200622354528854E-4	3.5543555026813756E-5
hCoV-19/Chile/AT-96310/2021|EPI_ISL_12144372|2021-05-16	2021.3698630136987	9.30062235452886E-4	1.4083844017464826E-4
hCoV-19/Chile/AT-109156/2021|EPI_ISL_2756268|2021-06-06	2021.427397260274	8.94062235452886E-4	7.628249976036059E-5
hCoV-19/Chile/AT-109152/2021|EPI_ISL_2756265|2021-06-06	2021.427397260274	8.96062235452886E-4	7.828249976036064E-5
hCoV-19/Chile/AT-116106/2021|EPI_ISL_2892688|2021-06-21	2021.468493150685	0.0010680622354528862	2.2988539946447277E-4
hCoV-19/Chile/AT-116107/2021|EPI_ISL_2892689|2021-06-21	2021.468493150685	0.0010010622354528862	1.6288539946447277E-4
hCoV-19/Chile/AT-112251/2021|EPI_ISL_2892703|2021-06-13	2021.4465753424658	9.32062235452886E-4	1.0476385295559809E-4
hCoV-19/Chile/AT-133913/2021|EPI_ISL_3537177|2021-07-31	2021.5780821917808	9.650622354528861E-4	7.249313200884523E-5
hCoV-19/Chile/AT-127766/2021|EPI_ISL_3368774|2021-07-18	2021.5424657534247	8.99062235452886E-4	2.4170618932007324E-5
hCoV-19/Chile/AT-133916/2021|EPI_ISL_3537179|2021-08-01	2021.5808219178082	8.99062235452886E-4	5.1333253224822165E-6
hCoV-19/Chile/AT-127771/2021|EPI_ISL_3368776|2021-07-18	2021.5424657534247	9.310622354528861E-4	5.617061893200745E-5
hCoV-19/Chile/AT-127770/2021|EPI_ISL_3368775|2021-07-18	2021.5424657534247	8.950622354528861E-4	2.0170618932007444E-5
hCoV-19/Chile/AT-112264/2021|EPI_ISL_2892705|2021-06-02	2021.4164383561645	8.94062235452886E-4	8.172172650603435E-5
hCoV-19/Chile/CO-114805/2021|EPI_ISL_2892764|2021-06-21	2021.468493150685	8.920622354528859E-4	5.3885399464472503E-5
hCoV-19/Chile/MA-55150/2021|EPI_ISL_1633488|2021-03-01	2021.1616438356164	7.890622354528859E-4	1.0318374834045131E-4
hCoV-19/Chile/BI-131093/2021|EPI_ISL_3363528|2021-07-28	2021.5698630136985	9.960622354528862E-4	1.0757255206815617E-4
hCoV-19/Chile/RM-49333/2021|EPI_ISL_1470418|2021-03-09	2021.1835616438357	7.220622354528855E-4	2.530529484932539E-5
hCoV-19/Chile/RM-70226/2021|EPI_ISL_1633508|2021-04-01	2021.2465753424658	7.890622354528859E-4	6.1029741062312306E-5
hCoV-19/France/PDL-IPP11375/2021|EPI_ISL_2030122|2021-04-04	2021.2547945205479	8.24062235452886E-4	9.195032100322361E-5
hCoV-19/France/PAC-IHU-12051_Nova1/2021|EPI_ISL_2659711|2021-06-11	2021.441095890411	9.710622354528862E-4	1.4648346632854619E-4
hCoV-19/France/PAC-IHU-12095_Nova1/2021|EPI_ISL_2659748|2021-06-14	2021.4493150684932	0.0010650622354528862	2.3640404626923536E-4
hCoV-19/Wales/PHWC-PY696P/2021|EPI_ISL_3423378|2021-08-03	2021.5863013698631	0.0010300622354528863	1.3341371194953468E-4
hCoV-19/England/HSLL-155AB0E/2021|EPI_ISL_2080450|2021-05-04	2021.33698630137	7.56062235452886E-4	-1.684387958877454E-5
hCoV-19/USA/WI-WSLH-215560/2021|EPI_ISL_2727739|2021-05-26	2021.3972602739725	7.55062235452886E-4	-4.775962668920311E-5
hCoV-19/England/MILK-1CF13FB/2021|EPI_ISL_3955590|2021-08-29	2021.6575342465753	9.260622354528861E-4	-5.941261896567885E-6
hCoV-19/France/BRE-IPP10706/2021|EPI_ISL_2029616|2021-04-22	2021.304109589041	7.230622354528854E-4	-3.3526199351975876E-5
hCoV-19/France/PDL-IPP11420/2021|EPI_ISL_2030096|2021-03-05	2021.172602739726	6.900622354528849E-4	-1.2554784052234503E-6
hCoV-19/France/PAC-IHU-22822-N1/2021|EPI_ISL_3802300|2021-07-26	2021.5643835616438	0.0010030622354528864	1.1729216544088231E-4
hCoV-19/France/NOR-76325526/2021|EPI_ISL_5062068|2021-05-22	2021.386301369863	8.280622354528861E-4	3.067960005624876E-5
hCoV-19/France/IDF-IPP10844/2021|EPI_ISL_2029642|2021-04-27	2021.317808219178	8.610622354528861E-4	9.767476721621023E-5
hCoV-19/France/PAC-IHU-3437-N2/2021|EPI_ISL_2036457|2021-02-22	2021.1424657534246	7.020622354528852E-4	2.570239514521316E-5
hCoV-19/France/PAC-IHU-4981-N1/2021|EPI_ISL_2036531|2021-04-15	2021.2849315068493	6.900622354528849E-4	-5.70075525472138E-5
hCoV-19/France/HDF-P225-21374M1466/2021|EPI_ISL_5624543|2021-09-15	2021.704109589041	7.64062235452886E-4	-1.9105797556518193E-4
hCoV-19/USA/SD-CDC-2-4611175/2021|EPI_ISL_3355176|2021-06-22	2021.4712328767123	8.27062235452886E-4	-1.247440722189038E-5
hCoV-19/Canada/MB-NML-21610/2021|EPI_ISL_3356730|2021-03-17	2021.2054794520548	7.250622354528854E-4	1.7426841358199872E-5
hCoV-19/Canada/MB-NML-82839/2021|EPI_ISL_3356814|2021-05-15	2021.3671232876711	7.610622354528859E-4	-2.6801753138988907E-5
hCoV-19/Canada/MB-NML-94781/2021|EPI_ISL_3356820|2021-05-31	2021.4109589041095	7.95062235452886E-4	-1.4558660121239807E-5
hCoV-19/Canada/MB-NML-95144/2021|EPI_ISL_3356902|2021-05-23	2021.3890410958904	7.620622354528859E-4	-3.668020663011437E-5
hCoV-19/Canada/MB-NML-95147/2021|EPI_ISL_3356905|2021-05-22	2021.386301369863	7.620622354528859E-4	-3.532039994375144E-5
hCoV-19/Canada/MB-CPL-211642/2021|EPI_ISL_5434267|2021-06-15	2021.4520547945206	7.280622354528854E-4	-1.0195576041712839E-4
hCoV-19/Canada/MB-CPL-211608/2021|EPI_ISL_5434310|2021-06-26	2021.482191780822	9.300622354528862E-4	8.508636603265813E-5
hCoV-19/Canada/NB-CHUDGLD-201945/2021|EPI_ISL_4948160|2021-09-15	2021.704109589041	9.290622354528862E-4	-2.605797556518171E-5
hCoV-19/Canada/NB-CHUDGLD-193771/2021|EPI_ISL_4947389|2021-09-06	2021.6794520547944	0.0010300622354528863	8.718028461252893E-5
hCoV-19/Canada/QC-1nDWVQ-MX21246743/2021|EPI_ISL_4999165|2021-07-14	2021.531506849315	9.970622354528863E-4	1.2760984567745937E-4
hCoV-19/Canada/NB-CHUDGLD-215778/2021|EPI_ISL_5854545|2021-10-08	2021.7671232876712	0.0011680622354528862	1.8166647064780483E-4
hCoV-19/Canada/NB-CHUDGLD-216383/2021|EPI_ISL_5854659|2021-09-29	2021.7424657534248	0.0010320622354528862	5.790473082529319E-5
hCoV-19/Canada/QC-1nDJXQ-R1011523/2021|EPI_ISL_4999265|2021-07-01	2021.495890410959	9.630622354528862E-4	1.1128733260062148E-4
hCoV-19/Canada/QC-1nIUH-5524478677/2021|EPI_ISL_4999274|2021-07-23	2021.5561643835617	9.650622354528863E-4	8.337158549997093E-5
hCoV-19/Canada/QC-1nDJXP-8144422282/2021|EPI_ISL_5429450|2021-09-20	2021.717808219178	9.990622354528861E-4	3.714299100278156E-5
hCoV-19/Canada/QC-1nDJXP-8144183825/2021|EPI_ISL_4999502|2021-08-03	2021.5863013698631	9.320622354528862E-4	3.541371194953457E-5
hCoV-19/Canada/QC-1nDJXP-8144196945/2021|EPI_ISL_4999508|2021-08-08	2021.6	9.320622354528862E-4	2.8614678517719923E-5
hCoV-19/Canada/QC-1nQUP-9967162291/2021|EPI_ISL_5897862|2021-08-28	2021.654794520548	9.620622354528863E-4	3.141854478979527E-5
hCoV-19/Canada/NS-NML-147358/2021|EPI_ISL_5439045|2021-05-05	2021.3397260273973	7.230622354528854E-4	-5.1203686275138054E-5
hCoV-19/France/ARA-CFD700000260267/2021|EPI_ISL_3915370|2021-08-27	2021.6520547945206	8.590622354528861E-4	-7.022164852384203E-5
hCoV-19/France/NOR-76429161/2021|EPI_ISL_5062513|2021-08-17	2021.6246575342466	9.340622354528861E-4	1.837641834023134E-5
hCoV-19/France/NOR-76499989/2021|EPI_ISL_5062171|2021-08-11	2021.6082191780822	8.380622354528861E-4	-6.946474154136898E-5
hCoV-19/England/HSLL-155A6D0/2021|EPI_ISL_2080454|2021-04-30	2021.3260273972603	8.940622354528862E-4	1.2659534715689944E-4
hCoV-19/England/PHEC-W308W1D5/2021|EPI_ISL_4119504|2021-09-05	2021.676712328767	9.060622354528862E-4	-3.545990870110834E-5
hCoV-19/USA/FL-CDC-STM-000001374/2021|EPI_ISL_4961972|2021-01-11	2021.027397260274	6.190622354528849E-4	-1.8572402643384466E-7
hCoV-19/Spain/IB-HUSE-00502/2021|EPI_ISL_2134953|2021-05-09	2021.3506849315067	8.57062235452886E-4	7.735708697941088E-5
hCoV-19/USA/NC-CDC-ASC210331965/2021|EPI_ISL_5517843|2021-09-21	2021.7205479452055	0.0011660622354528862	2.0278318431641868E-4
hCoV-19/France/HDF-P355-21292M0597/2021|EPI_ISL_3370686|2021-07-10	2021.5205479452054	8.920622354528861E-4	2.8049072423132963E-5
hCoV-19/France/OCC-NI-2107021823/2021|EPI_ISL_3919789|2021-07-02	2021.4986301369863	8.25062235452886E-4	-2.8072474085741664E-5
hCoV-19/USA/CO-CDPHE-2100156850/2020|EPI_ISL_751800|2020-12-24	2020.9781420765028	6.870622354528848E-4	9.226107377812202E-5
hCoV-19/Wales/PHWC-PYDTOQ/2021|EPI_ISL_1546607|2021-04-06	2021.2602739726028	7.530622354528859E-4	1.8230707630275604E-5
hCoV-19/England/PHWC-4C99C8/2021|EPI_ISL_1387300|2021-02-09	2021.1068493150685	7.87062235452886E-4	1.2837988206815406E-4
hCoV-19/Argentina/INEI105321/2021|EPI_ISL_6694363|2021-05-16	2021.3698630136987	8.25062235452886E-4	3.583844017464831E-5
hCoV-19/Brazil/DF-18030424_108/2021|EPI_ISL_4945105|2021-02-22	2021.1424657534246	7.310622354528854E-4	5.470239514521332E-5
hCoV-19/Brazil/RJ-LNN00768/2021|EPI_ISL_2101395|2021-04-21	2021.3013698630136	7.890622354528859E-4	3.3833607334387574E-5
hCoV-19/Spain/CL-COV13325/2021|EPI_ISL_4273109|2021-08-24	2021.6438356164383	7.55062235452886E-4	-1.7014222846453134E-4
hCoV-19/Spain/GA-CHUVI-34043567/2021|EPI_ISL_4951716|2021-06-10	2021.4383561643835	7.55062235452886E-4	-6.815672698509115E-5
hCoV-19/Spain/MD-HGUGM-950638/2020|EPI_ISL_756274|2020-12-27	2020.9863387978141	6.190622354528849E-4	2.0192799675413384E-5
hCoV-19/Spain/GA-CHUVI-19362509/2021|EPI_ISL_4951715|2021-06-16	2021.454794520548	9.24062235452886E-4	9.268443289650932E-5
hCoV-19/England/PHEC-3J045J19/2021|EPI_ISL_4773115|2021-09-26	2021.7342465753425	0.001183062235452886	2.129841508846039E-4
hCoV-19/Brazil/MG-FIOCRUZ-1028/2021|EPI_ISL_11133161|2021-03-10	2021.186301369863	6.580622354528849E-4	-4.005451183703812E-5
hCoV-19/Brazil/PR-NXBS490GENOV827569915718/2021|EPI_ISL_3664105|2021-05-14	2021.3643835616438	7.680622354528859E-4	-1.8441946452625916E-5
hCoV-19/Brazil/ES-FUNED-320316749/2021|EPI_ISL_1239121|2021-02-03	2021.0904109589042	6.200622354528849E-4	-3.0461277813447342E-5
hCoV-19/Brazil/MG-FIOCRUZ-AR-51/2021|EPI_ISL_6701419|2021-08-30	2021.6602739726027	7.57062235452886E-4	-1.763010685829309E-4
hCoV-19/Brazil/MG-FIOCRUZ-513/2021|EPI_ISL_8630391|2021-06-05	2021.4246575342465	7.580622354528859E-4	-5.8357693553276534E-5
hCoV-19/Brazil/SP-976/2021|EPI_ISL_833166|2021-01-06	2021.013698630137	7.230622354528854E-4	1.1061330940560332E-4
hCoV-19/Brazil/SP-1012/2021|EPI_ISL_882670|2021-01-12	2021.0301369863014	5.870622354528849E-4	-3.3545530712796793E-5
hCoV-19/Brazil/MG-FIOCRUZ-1032/2021|EPI_ISL_11133164|2021-04-04	2021.2547945205479	6.910622354528849E-4	-4.104967899677746E-5
hCoV-19/Brazil/MG-LBI622/2021|EPI_ISL_9383792|2021-05-23	2021.3890410958904	6.87062235452885E-4	-1.1168020663011532E-4
hCoV-19/Brazil/MG-LBI1143/2021|EPI_ISL_9983310|2021-07-08	2021.5150684931507	7.92062235452886E-4	-6.923131420414133E-5
hCoV-19/Brazil/ES-FIOCRUZ-16512/2021|EPI_ISL_2157375|2021-03-01	2021.1616438356164	7.230622354528854E-4	3.718374834045079E-5
hCoV-19/Brazil/SP-BT50555/2021|EPI_ISL_3824309|2021-08-11	2021.6082191780822	8.610622354528861E-4	-4.6464741541368967E-5
hCoV-19/Brazil/MG-FIOCRUZ-126/2021|EPI_ISL_5195472|2021-06-22	2021.4712328767123	8.24062235452886E-4	-1.5474407221890345E-5
hCoV-19/Chile/VS-93505/2021|EPI_ISL_2508615|2021-05-11	2021.3561643835617	7.87062235452886E-4	4.637473606462902E-6
hCoV-19/Chile/VS-92459/2021|EPI_ISL_2509142|2021-05-10	2021.3534246575343	7.540622354528858E-4	-2.7002719706952275E-5
hCoV-19/Spain/CL-COV08602/2021|EPI_ISL_3587323|2021-07-19	2021.545205479452	8.57062235452886E-4	-1.9189187754355542E-5
hCoV-19/Canada/QC-1nIOU-B3081609/2021|EPI_ISL_6423841|2021-09-04	2021.6739726027397	0.001211062235452886	2.708998979852545E-4
hCoV-19/Canada/QC-L00378636001/2021|EPI_ISL_6424008|2021-08-18	2021.627397260274	0.0012490622354528861	3.320166116538685E-4
hCoV-19/France/IDF-HMN-21092160330/2021|EPI_ISL_5637763|2021-09-09	2021.6876712328767	0.001132062235452886	1.8510086455321775E-4
hCoV-19/Brazil/ES-FIOCRUZ-40116/2021|EPI_ISL_3434950|2021-07-16	2021.5369863013698	8.89062235452886E-4	1.6890232304733158E-5
hCoV-19/Brazil/MS-NXBS88GENOV700906246884/2021|EPI_ISL_3663847|2021-05-07	2021.345205479452	8.21062235452886E-4	4.4076700352136734E-5
hCoV-19/Brazil/MG-LBI389/2021|EPI_ISL_6508535|2021-03-25	2021.227397260274	7.87062235452886E-4	6.854838786685287E-5
hCoV-19/Brazil/MG-FUNED-LBI-BC49/2021|EPI_ISL_6513927|2021-03-17	2021.2054794520548	6.960622354528851E-4	-1.1573158641800508E-5
hCoV-19/Brazil/PR-IPEC-196/2021|EPI_ISL_2758717|2021-02-17	2021.1287671232876	8.89062235452886E-4	2.1950142857702856E-4
hCoV-19/Chile/RM-38314/2021|EPI_ISL_1321458|2021-02-23	2021.145205479452	6.830622354528849E-4	5.342588458849876E-6
hCoV-19/Chile/LL-90405/2021|EPI_ISL_2391451|2021-04-30	2021.3260273972603	8.190622354528859E-4	5.159534715689913E-5
hCoV-19/Chile/VS-106215/2021|EPI_ISL_2756332|2021-06-02	2021.4164383561645	8.53062235452886E-4	4.072172650603433E-5
hCoV-19/Chile/AN-108169/2021|EPI_ISL_2756339|2021-06-07	2021.4301369863015	8.53062235452886E-4	3.392269307399764E-5
hCoV-19/Chile/LL-115466/2021|EPI_ISL_2892807|2021-06-19	2021.4630136986302	8.200622354528859E-4	-1.5394987162801652E-5
hCoV-19/Chile/LL-125988/2021|EPI_ISL_3368847|2021-07-11	2021.5232876712328	9.220622354528859E-4	5.668926573676979E-5
hCoV-19/Chile/LL-125797/2021|EPI_ISL_3185793|2021-07-13	2021.5287671232877	9.890622354528861E-4	1.209696523638221E-4
hCoV-19/Chile/BI-93140/2021|EPI_ISL_2509119|2021-05-09	2021.3506849315067	8.190622354528859E-4	3.935708697941072E-5
hCoV-19/Chile/RM-84485/2021|EPI_ISL_2391084|2021-04-26	2021.3150684931506	7.150622354528854E-4	-4.696542609742757E-5
hCoV-19/Colombia/ANT-CWOHC-VG-SEC00098T/2021|EPI_ISL_1675309|2021-02-26	2021.1534246575343	6.310622354528849E-4	-5.073683160046092E-5
hCoV-19/France/HDF-P329-21291M0316/2021|EPI_ISL_3370684|2021-07-16	2021.5369863013698	9.22062235452886E-4	4.98902323047332E-5
hCoV-19/USA/GA-CDC-4109384-001/2021|EPI_ISL_2031665|2021-04-10	2021.2712328767122	8.510622354528859E-4	1.1079148088482388E-4
hCoV-19/USA/TN-CDC-QDX27052887/2021|EPI_ISL_3352680|2021-07-19	2021.545205479452	8.510622354528859E-4	-2.5189187754355688E-5
hCoV-19/England/PHEC-3M0B5M30/2021|EPI_ISL_5809677|2021-10-11	2021.7753424657535	8.180622354528859E-4	-1.7241294941128433E-4
hCoV-19/France/PAC-CHUNICE-2103031707/2021|EPI_ISL_2036213|2021-03-21	2021.2164383561644	7.450622354528857E-4	3.198761461252638E-5
hCoV-19/Brazil/PE-IEC-180290/2021|EPI_ISL_6722288|2021-07-27	2021.5671232876712	6.770622354528849E-4	-2.1006764124548215E-4
hCoV-19/USA/OH-CDC-2-3980156/2021|EPI_ISL_3354154|2021-01-20	2021.0520547945205	6.760622354528849E-4	4.457601579607772E-5
hCoV-19/Spain/CT-HUGTiPM014SM6B2/2021|EPI_ISL_2035770|2021-05-03	2021.3342465753424	6.750622354528849E-4	-9.648407290219067E-5
hCoV-19/Spain/VC-IBV-98019265/2021|EPI_ISL_2135404|2021-01-18	2021.0465753424658	5.37062235452885E-4	-9.170437083119633E-5
hCoV-19/Argentina/INEI102434/2021|EPI_ISL_2135255|2021-03-17	2021.2054794520548	6.07062235452885E-4	-1.0057315864180061E-4
hCoV-19/Argentina/INEI103995/2021|EPI_ISL_2136023|2021-04-12	2021.2767123287672	6.43062235452885E-4	-9.992813248812496E-5
hCoV-19/Argentina/INEI104287/2021|EPI_ISL_2136140|2021-04-27	2021.317808219178	6.790622354528849E-4	-8.432523278379105E-5
hCoV-19/Argentina/INEI104297/2021|EPI_ISL_2136149|2021-04-13	2021.2794520547945	6.09062235452885E-4	-1.3528793917448785E-4
hCoV-19/Brazil/RS-FIOCRUZ-42128/2021|EPI_ISL_3539857|2021-06-28	2021.4876712328767	6.410622354528849E-4	-2.0663324734029106E-4
hCoV-19/Argentina/INEI103267/2021|EPI_ISL_2136080|2021-03-22	2021.2191780821918	6.39062235452885E-4	-7.537219207383729E-5
hCoV-19/France/PAC-CHUNICE-2102170436/2021|EPI_ISL_2036237|2021-02-16	2021.1260273972603	5.350622354528849E-4	-1.3313876473660953E-4
hCoV-19/Argentina/INEI105330/2021|EPI_ISL_4082290|2021-05-15	2021.3671232876711	6.38062235452885E-4	-1.4980175313898984E-4
hCoV-19/Argentina/INEI105852/2021|EPI_ISL_4082505|2021-06-05	2021.4246575342465	6.730622354528849E-4	-1.4335769355327752E-4
hCoV-19/Argentina/INEI107764/2021|EPI_ISL_4083356|2021-07-04	2021.504109589041	6.730622354528849E-4	-1.8279208745846862E-4
hCoV-19/Argentina/INEI110134/2021|EPI_ISL_6694564|2021-08-20	2021.6328767123289	7.400622354528856E-4	-1.7970300171907998E-4
hCoV-19/Brazil/DF-1025/2020|EPI_ISL_882664|2020-12-31	2020.9972677595629	6.360622354528849E-4	3.1768434205061064E-5
hCoV-19/Spain/VC-IBV-98026586/2021|EPI_ISL_2035926|2021-04-02	2021.2493150684932	6.370622354528849E-4	-9.233006562405161E-5
hCoV-19/Spain/VC-IBV-98025929/2021|EPI_ISL_2081627|2021-03-21	2021.2164383561644	6.020622354528849E-4	-1.1101238538747439E-4
hCoV-19/France/PAC-CHUNICE-2103080580/2021|EPI_ISL_2036210|2021-03-07	2021.1780821917807	7.710622354528857E-4	7.702490822205147E-5
hCoV-19/France/ARA-CFD210028711601/2021|EPI_ISL_2134777|2021-05-09	2021.3506849315067	7.710622354528857E-4	-8.642913020589474E-6
hCoV-19/Spain/CM-ISCIII-217119/2021|EPI_ISL_5107000|2021-07-07	2021.5123287671233	7.360622354528855E-4	-1.238715075177789E-4
hCoV-19/France/CVL-IPP18431/2021|EPI_ISL_3355638|2021-07-19	2021.545205479452	5.99062235452885E-4	-2.771891877543566E-4
hCoV-19/England/MILK-1547ADA/2021|EPI_ISL_2091472|2021-04-22	2021.304109589041	6.320622354528849E-4	-1.2452619935197635E-4
hCoV-19/Argentina/INEI104129/2021|EPI_ISL_2136098|2021-04-22	2021.304109589041	7.670622354528856E-4	1.0473800648024326E-5
hCoV-19/England/NORT-1BD32C6/2021|EPI_ISL_2706083|2021-06-11	2021.441095890411	7.320622354528855E-4	-9.251653367145453E-5
hCoV-19/Chile/VS-13378/2021|EPI_ISL_1167933|2021-01-13	2021.0328767123287	6.89062235452885E-4	6.709466260084037E-5
hCoV-19/Canada/QC-1nDJXQ-2120905172A/2021|EPI_ISL_4998965|2021-07-28	2021.5698630136985	8.000622354528855E-4	-8.842744793184447E-5
hCoV-19/Canada/QC-1nDWVQ-MX21240096/2021|EPI_ISL_4999148|2021-07-05	2021.5068493150684	8.000622354528855E-4	-5.715189414483095E-5
hCoV-19/England/PHESW-YYBYQUK/2021|EPI_ISL_2749872|2021-04-03	2021.2520547945205	7.290622354528855E-4	-1.6898723104139283E-6
hCoV-19/Northern_Ireland/NIRE-00354d/2021|EPI_ISL_10128359|2021-05-16	2021.3698630136987	7.250622354528854E-4	-6.416155982535228E-5
hCoV-19/Northern_Ireland/NIRE-004670/2021|EPI_ISL_10134296|2021-06-28	2021.4876712328767	8.630622354528855E-4	1.536675265970957E-5
hCoV-19/Northern_Ireland/NIRE-004a3d/2021|EPI_ISL_10135577|2021-07-05	2021.5068493150684	8.640622354528855E-4	6.848105855168977E-6
hCoV-19/Northern_Ireland/NIRE-007649/2021|EPI_ISL_10143233|2021-07-21	2021.5506849315068	8.280622354528854E-4	-5.0908801127082E-5
hCoV-19/Northern_Ireland/NIRE-00f118/2021|EPI_ISL_10151712|2021-08-16	2021.6219178082192	7.250622354528854E-4	-1.8926377497340636E-4
hCoV-19/England/PHEP-036239/2021|EPI_ISL_4784278|2021-09-13	2021.6986301369864	8.630622354528855E-4	-8.933836219245648E-5
hCoV-19/England/LOND-129099C/2021|EPI_ISL_5039388|2021-09-24	2021.7287671232878	8.960622354528856E-4	-7.129623574267071E-5
hCoV-19/Spain/CT-LabRefCat-9957936/2021|EPI_ISL_5049879|2021-06-01	2021.4136986301369	6.04062235452885E-4	-2.069184668076037E-4
hCoV-19/France/PAC-IHU-5135-N1/2021|EPI_ISL_2036605|2021-02-09	2021.1068493150685	5.38062235452885E-4	-1.206201179318469E-4
hCoV-19/France/PAC-IHU-5185-N1/2021|EPI_ISL_2036676|2021-05-03	2021.3342465753424	8.620622354528854E-4	9.051592709780987E-5
hCoV-19/Spain/MD-H12-02-5372/2020|EPI_ISL_737930|2020-12-23	2020.9754098360656	6.020622354528849E-4	8.617165145543659E-6
hCoV-19/Brazil/GO-HLAGYN-1441875/2021|EPI_ISL_2187752|2021-01-29	2021.0767123287671	6.68062235452885E-4	2.4337755618589435E-5
hCoV-19/Spain/PV-HUD-66646476/2021|EPI_ISL_3100028|2021-06-24	2021.4767123287672	8.400622354528854E-4	-2.1940205946167912E-6
hCoV-19/Scotland/QEUH-1A3E36D/2021|EPI_ISL_3367767|2021-07-26	2021.5643835616438	9.070622354528854E-4	2.1292165440881276E-5
hCoV-19/Spain/CL-COV14028/2021|EPI_ISL_4506528|2021-09-07	2021.682191780822	0.0010840622354528857	1.3982047792594331E-4
hCoV-19/Spain/CL-COV15596/2021|EPI_ISL_8625981|2021-10-06	2021.7616438356165	0.0011170622354528855	1.3338608402053E-4
hCoV-19/Mexico/CHH-INER-IMSS-00220/2021|EPI_ISL_1279266|2021-02-10	2021.109589041096	4.96062235452885E-4	-1.6397992461820987E-4
hCoV-19/Mexico/SO-ALSR-105341/2021|EPI_ISL_3374003|2021-07-04	2021.504109589041	6.67062235452885E-4	-1.8879208745846855E-4
hCoV-19/Argentina/INEI107495/2021|EPI_ISL_4083179|2021-07-10	2021.5205479452054	7.460622354528854E-4	-1.1795092757686777E-4
hCoV-19/England/LOND-1290B3C/2021|EPI_ISL_5265214|2021-10-04	2021.7561643835616	0.0010440622354528856	6.310569739347797E-5
hCoV-19/France/BRE-IPP01840/2021|EPI_ISL_953941|2021-01-12	2021.0301369863014	4.94062235452885E-4	-1.2654553071279667E-4
hCoV-19/Mexico/CMX-INMEGEN-04-07-195/2021|EPI_ISL_2080627|2021-04-23	2021.3068493150686	6.250622354528851E-4	-1.3288600603833913E-4
hCoV-19/Spain/VC-IBV-99036474/2021|EPI_ISL_5009959|2021-08-31	2021.66301369863	7.360622354528854E-4	-1.9866087526929446E-4
hCoV-19/Panama/GMI-PA740023/2021|EPI_ISL_11681724|2021-05-12	2021.358904109589	7.330622354528854E-4	-5.072233307990058E-5
hCoV-19/Panama/GMI-PA734150/2021|EPI_ISL_5196193|2021-04-19	2021.295890410959	6.31062235452885E-4	-1.2144677929288748E-4
hCoV-19/Panama/PA732683-GMI/2021|EPI_ISL_11686175|2021-04-13	2021.2794520547945	8.340622354528854E-4	8.971206082551253E-5
hCoV-19/Chile/RM-50203/2021|EPI_ISL_1321456|2021-03-11	2021.1890410958904	5.70062235452885E-4	-1.2941431852362296E-4
hCoV-19/Peru/TUM-INS-928/2021|EPI_ISL_2536702|2021-03-31	2021.2438356164384	6.78062235452885E-4	-4.861045225132573E-5
hCoV-19/Chile/RM-76778/2021|EPI_ISL_1712325|2021-04-10	2021.2712328767122	6.05062235452885E-4	-1.35208519115177E-4
hCoV-19/Peru/TUM-INS-929/2021|EPI_ISL_2536703|2021-04-03	2021.2520547945205	5.40062235452885E-4	-1.906898723104145E-4
hCoV-19/Peru/PIU-INS-1641/2021|EPI_ISL_3023409|2021-03-03	2021.1671232876713	6.44062235452885E-4	-4.4535865032497516E-5
hCoV-19/Peru/MDD-INS-1811/2021|EPI_ISL_3023536|2021-03-09	2021.1835616438357	6.770622354528849E-4	-1.969470515067516E-5
hCoV-19/Peru/AYA-INS-931/2021|EPI_ISL_2536705|2021-03-31	2021.2438356164384	6.04062235452885E-4	-1.2261045225132568E-4
hCoV-19/Chile/RM-68293/2021|EPI_ISL_1633498|2021-03-31	2021.2438356164384	7.760622354528853E-4	4.9389547748674594E-5
hCoV-19/Chile/RM-109839/2021|EPI_ISL_2756120|2021-06-08	2021.4328767123288	0.0010160622354528858	1.9556288638763455E-4
hCoV-19/Chile/TA-73410/2021|EPI_ISL_1633530|2021-04-05	2021.2575342465752	6.39062235452885E-4	-9.44094856833624E-5
hCoV-19/Peru/JUN-INS-927/2021|EPI_ISL_2536701|2021-04-05	2021.2575342465752	6.04062235452885E-4	-1.2940948568336238E-4
hCoV-19/Peru/TUM-INS-1487/2021|EPI_ISL_2921425|2021-04-08	2021.2657534246575	6.39062235452885E-4	-9.848890574245118E-5
hCoV-19/Peru/TUM-INS-930/2021|EPI_ISL_2536704|2021-04-07	2021.2630136986302	7.460622354528854E-4	9.870900943912179E-6
hCoV-19/Peru/TUM-INS-1485/2021|EPI_ISL_2921423|2021-04-05	2021.2575342465752	7.420622354528853E-4	8.590514316637941E-6
hCoV-19/Peru/TUM-INS-1482/2021|EPI_ISL_2921420|2021-04-09	2021.268493150685	8.090622354528855E-4	7.015128757118644E-5
hCoV-19/Peru/LIM-INS-1483/2021|EPI_ISL_2921421|2021-04-13	2021.2794520547945	7.050622354528854E-4	-3.9287939174487466E-5
hCoV-19/Peru/TUM-INS-2289/2021|EPI_ISL_3401477|2021-05-12	2021.358904109589	6.38062235452885E-4	-1.4572233307990105E-4
hCoV-19/Peru/TUM-INS-2292/2021|EPI_ISL_3401480|2021-05-12	2021.358904109589	6.38062235452885E-4	-1.4572233307990105E-4
hCoV-19/Peru/TUM-INS-1484/2021|EPI_ISL_2921422|2021-04-05	2021.2575342465752	6.35062235452885E-4	-9.840948568336238E-5
hCoV-19/Chile/RM-66243/2021|EPI_ISL_1534587|2021-03-29	2021.2383561643835	5.99062235452885E-4	-1.2489083887859984E-4
hCoV-19/Chile/NB-71973/2021|EPI_ISL_1541013|2021-04-03	2021.2520547945205	6.370622354528849E-4	-9.368987231041454E-5
hCoV-19/Chile/NB-71974/2021|EPI_ISL_1541014|2021-04-03	2021.2520547945205	6.370622354528849E-4	-9.368987231041454E-5
hCoV-19/Chile/RM-98752/2021|EPI_ISL_2543528|2021-05-24	2021.3917808219178	6.36062235452885E-4	-1.640400133164782E-4
hCoV-19/Chile/BI-96176/2021|EPI_ISL_2543435|2021-05-15	2021.3671232876711	6.38062235452885E-4	-1.4980175313898984E-4
hCoV-19/Chile/LR-132095/2021|EPI_ISL_3535991|2021-07-26	2021.5643835616438	7.080622354528853E-4	-1.777078345591188E-4
hCoV-19/Chile/BI-133175/2021|EPI_ISL_3536100|2021-07-31	2021.5780821917808	8.420622354528854E-4	-5.050686799115548E-5
hCoV-19/Chile/BI-134649/2021|EPI_ISL_3537307|2021-08-02	2021.5835616438355	8.420622354528854E-4	-5.322648136388134E-5
hCoV-19/Chile/BI-124511/2021|EPI_ISL_3369375|2021-07-10	2021.5205479452054	8.770622354528857E-4	1.304907242313249E-5
hCoV-19/Chile/BI-72492/2021|EPI_ISL_1541071|2021-04-04	2021.2547945205479	6.680622354528849E-4	-6.404967899677747E-5
hCoV-19/Chile/BI-137636/2021|EPI_ISL_3987879|2021-08-09	2021.6027397260275	9.100622354528855E-4	5.254871831356241E-6
hCoV-19/Chile/BI-144107/2021|EPI_ISL_4635520|2021-08-26	2021.6493150684933	9.100622354528855E-4	-1.7861841837257656E-5
hCoV-19/Chile/BI-139732/2021|EPI_ISL_3988276|2021-08-13	2021.613698630137	9.440622354528854E-4	3.381564508590448E-5
hCoV-19/Chile/BI-144106/2021|EPI_ISL_4635519|2021-08-26	2021.6493150684933	9.110622354528854E-4	-1.686184183725774E-5
hCoV-19/Chile/BI-139733/2021|EPI_ISL_3988277|2021-08-13	2021.613698630137	9.110622354528854E-4	8.156450859044375E-7
hCoV-19/Chile/BI-142081/2021|EPI_ISL_4631967|2021-08-20	2021.6328767123289	9.110622354528854E-4	-8.703001719080161E-6
hCoV-19/Peru/TUM-FPT02057/2021|EPI_ISL_3696164|2021-03-30	2021.2410958904109	7.010622354528853E-4	-2.4250645564962456E-5
hCoV-19/Peru/TUM-FPT02058/2021|EPI_ISL_3696165|2021-03-30	2021.2410958904109	7.010622354528853E-4	-2.4250645564962456E-5
hCoV-19/Chile/RM-68272/2021|EPI_ISL_1633497|2021-03-31	2021.2438356164384	7.370622354528853E-4	1.0389547748674622E-5
hCoV-19/Chile/ML-98769/2021|EPI_ISL_2543536|2021-05-23	2021.3890410958904	7.020622354528853E-4	-9.668020663011496E-5
hCoV-19/Chile/RM-73941/2021|EPI_ISL_1633538|2021-04-05	2021.2575342465752	7.710622354528853E-4	3.759051431663789E-5
hCoV-19/Chile/RM-111638/2021|EPI_ISL_2892914|2021-06-13	2021.4465753424658	8.730622354528856E-4	4.5763852955597634E-5
hCoV-19/Peru/TUM-FPT02035/2021|EPI_ISL_3696153|2021-03-09	2021.1835616438357	8.870622354528855E-4	1.903052948493254E-4
hCoV-19/Peru/TUM-FPT02053/2021|EPI_ISL_3696162|2021-03-26	2021.2301369863014	5.99062235452885E-4	-1.2081141881951105E-4
hCoV-19/Peru/PIU-FPP04129/2021|EPI_ISL_4772336|2021-03-23	2021.2219178082191	6.680622354528849E-4	-4.773199876020027E-5
hCoV-19/Chile/AN-88362/2021|EPI_ISL_2391155|2021-04-26	2021.3150684931506	5.96062235452885E-4	-1.6596542609742797E-4
hCoV-19/Chile/RM-75679/2021|EPI_ISL_2009213|2021-04-10	2021.2712328767122	6.640622354528849E-4	-7.620851911517709E-5
hCoV-19/Chile/TA-77979/2021|EPI_ISL_1712348|2021-04-11	2021.2739726027398	6.39062235452885E-4	-1.0256832580176202E-4
hCoV-19/Chile/TA-77980/2021|EPI_ISL_1712349|2021-04-11	2021.2739726027398	6.39062235452885E-4	-1.0256832580176202E-4
hCoV-19/Chile/TA-82581/2021|EPI_ISL_2597269|2021-04-20	2021.2986301369863	6.38062235452885E-4	-1.1580658597925046E-4
hCoV-19/Chile/RM-87654/2021|EPI_ISL_2391396|2021-05-03	2021.3342465753424	6.01062235452885E-4	-1.704840729021905E-4
hCoV-19/Chile/LI-111010/2021|EPI_ISL_2756132|2021-06-12	2021.4438356164383	8.390622354528854E-4	1.3123659642182432E-5
hCoV-19/Chile/VS-116727/2021|EPI_ISL_2894913|2021-06-24	2021.4767123287672	6.020622354528849E-4	-2.4019402059461726E-4
hCoV-19/Chile/VS-126724/2021|EPI_ISL_3368848|2021-07-17	2021.5397260273974	7.380622354528852E-4	-1.3546957438163052E-4
hCoV-19/Chile/VS-129836/2021|EPI_ISL_3546387|2021-07-23	2021.5561643835617	6.35062235452885E-4	-2.4662841450003037E-4
hCoV-19/Chile/VS-115499/2021|EPI_ISL_2892984|2021-06-22	2021.4712328767123	6.00062235452885E-4	-2.3947440722189134E-4
hCoV-19/Chile/VS-124104/2021|EPI_ISL_3185626|2021-07-10	2021.5205479452054	6.34062235452885E-4	-2.299509275768682E-4
hCoV-19/Chile/VS-124131/2021|EPI_ISL_3185638|2021-07-09	2021.517808219178	5.65062235452885E-4	-2.975911208905052E-4
hCoV-19/Peru/TUM-INS-1481/2021|EPI_ISL_2921419|2021-04-05	2021.2575342465752	5.97062235452885E-4	-1.3640948568336233E-4
hCoV-19/Peru/TUM-INS-1486/2021|EPI_ISL_2921424|2021-04-06	2021.2602739726028	5.97062235452885E-4	-1.3776929236972526E-4
hCoV-19/Mexico/CHH-InDRE_F12155_S1187/2021|EPI_ISL_1626794|2021-03-12	2021.1917808219177	4.95062235452885E-4	-2.0577412520998587E-4
hCoV-19/Mexico/MEX_INER_IMSS_00690/2021|EPI_ISL_2091146|2021-03-19	2021.2109589041097	5.28062235452885E-4	-1.8229277201474848E-4
hCoV-19/Spain/CT-HUGTiPM014SM6C1/2021|EPI_ISL_2035778|2021-04-24	2021.309589041096	6.960622354528852E-4	-6.324581272470196E-5
hCoV-19/Spain/AR-IBV-97017707/2021|EPI_ISL_2099805|2021-01-25	2021.0657534246575	6.27062235452885E-4	-1.1223017635958866E-5
hCoV-19/Northern_Ireland/NIRE-00385b/2021|EPI_ISL_10129692|2021-06-03	2021.4191780821918	7.300622354528852E-4	-8.363808018032931E-5
hCoV-19/England/LCST-24DDC95/2021|EPI_ISL_1832336|2021-04-14	2021.282191780822	8.340622354528854E-4	8.83522541391496E-5
hCoV-19/Northern_Ireland/NIRE-00573d/2021|EPI_ISL_10140788|2021-07-13	2021.5287671232877	6.640622354528849E-4	-2.0403034763617908E-4
hCoV-19/Spain/CL-COV15377/2021|EPI_ISL_8540491|2021-09-29	2021.7424657534248	7.310622354528853E-4	-2.4309526917470773E-4
hCoV-19/Chile/RM-58075/2021|EPI_ISL_12145273|2021-03-20	2021.213698630137	6.66062235452885E-4	-4.565257870111142E-5
hCoV-19/Argentina/INEI103356/2021|EPI_ISL_2135338|2021-04-04	2021.2547945205479	6.67062235452885E-4	-6.504967899677739E-5
hCoV-19/Argentina/INEI104003/2021|EPI_ISL_2136028|2021-04-15	2021.2849315068493	7.000622354528853E-4	-4.700755254721345E-5
hCoV-19/Chile/AT-119998/2021|EPI_ISL_3132257|2021-07-03	2021.5013698630137	7.750622354528854E-4	-7.943228077210527E-5
hCoV-19/Argentina/PAIS-A0995/2021|EPI_ISL_4405609|2021-08-06	2021.5945205479452	8.340622354528853E-4	-6.666570810955519E-5
hCoV-19/Argentina/INEI110692/2021|EPI_ISL_5656160|2021-09-05	2021.676712328767	0.0011120622354528855	1.7054009129889103E-4
hCoV-19/Argentina/PAIS-G0461/2021|EPI_ISL_7547024|2021-09-17	2021.7095890410958	0.0011460622354528855	1.8822241106209174E-4
hCoV-19/Mexico/ROO_INER_IMSS_00771/2021|EPI_ISL_2091225|2021-03-27	2021.2328767123288	6.31062235452885E-4	-9.017122550587396E-5
hCoV-19/Chile/RM-73438/2021|EPI_ISL_2009203|2021-04-06	2021.2602739726028	6.300622354528851E-4	-1.0476929236972522E-4
hCoV-19/Mexico/ROO_INER_IMSS_00790/2021|EPI_ISL_2091243|2021-04-03	2021.2520547945205	6.300622354528851E-4	-1.0068987231041438E-4
hCoV-19/Argentina/INEI103265/2021|EPI_ISL_2136078|2021-03-26	2021.2301369863014	6.970622354528852E-4	-2.2811418819510833E-5
hCoV-19/Chile/RM-90060/2021|EPI_ISL_2391473|2021-05-05	2021.3397260273973	7.670622354528854E-4	-7.2036862751380685E-6
hCoV-19/Mexico/YUC-INMEGEN-21-251/2021|EPI_ISL_3548252|2021-08-04	2021.5890410958905	7.300622354528852E-4	-1.6794609473682936E-4
hCoV-19/Chile/TA-73411/2021|EPI_ISL_1633531|2021-04-05	2021.2575342465752	7.980622354528854E-4	6.4590514316638E-5
hCoV-19/Chile/TA-89795/2021|EPI_ISL_2391251|2021-05-03	2021.3342465753424	7.980622354528854E-4	2.651592709780983E-5
hCoV-19/Peru/LIM-INS-738/2021|EPI_ISL_1138419|2021-01-12	2021.0301369863014	5.61062235452885E-4	-5.9545530712796666E-5
hCoV-19/Peru/LIM-INS-173/2020|EPI_ISL_833038|2020-12-31	2020.9972677595629	5.61062235452885E-4	-4.323156579493881E-5
hCoV-19/Peru/LIM-INS-739/2021|EPI_ISL_1138420|2021-01-12	2021.0301369863014	5.61062235452885E-4	-5.9545530712796666E-5
hCoV-19/Scotland/EDB15495/2021|EPI_ISL_1386647|2021-02-16	2021.1260273972603	5.95062235452885E-4	-7.313876473660948E-5
hCoV-19/Chile/RM-3595/2021|EPI_ISL_1167922|2021-01-04	2021.0082191780823	6.650622354528851E-4	5.533292277832885E-5
hCoV-19/England/NORT-1BA2CFF/2021|EPI_ISL_1387095|2021-01-10	2021.0246575342467	5.28062235452885E-4	-8.982591734007085E-5
hCoV-19/England/NOTT-2539E3/2021|EPI_ISL_1833008|2021-03-26	2021.2301369863014	6.33062235452885E-4	-8.681141881951098E-5
hCoV-19/Wales/PHWC-4BD4B7/2021|EPI_ISL_922971|2021-01-18	2021.0465753424658	5.62062235452885E-4	-6.670437083119627E-5
hCoV-19/England/RAND-13F100C/2021|EPI_ISL_1365148|2021-03-08	2021.1808219178083	7.670622354528854E-4	7.166510153568822E-5
hCoV-19/Canada/MB-NML-34968/2021|EPI_ISL_3356737|2021-04-06	2021.2602739726028	8.030622354528854E-4	6.823070763027508E-5
hCoV-19/Canada/MB-NML-42317/2021|EPI_ISL_3356740|2021-03-31	2021.2438356164384	8.030622354528854E-4	7.638954774867471E-5
hCoV-19/Scotland/QEUH-1353E1D/2021|EPI_ISL_1378568|2021-02-26	2021.1534246575343	6.68062235452885E-4	-1.373683160046078E-5
hCoV-19/Canada/MB-NML-24084/2021|EPI_ISL_3356732|2021-03-23	2021.2219178082191	7.330622354528852E-4	1.726800123980001E-5
hCoV-19/Argentina/INEI104387/2021|EPI_ISL_2140104|2021-04-27	2021.317808219178	6.60062235452885E-4	-1.0332523278379086E-4
hCoV-19/Chile/VS-122565/2021|EPI_ISL_12145290|2021-07-05	2021.5068493150684	7.160622354528852E-4	-1.4115189414483126E-4
hCoV-19/USA/CA-CDPH-3000234729/2021|EPI_ISL_5436824|2021-09-27	2021.7369863013698	8.220622354528853E-4	-1.4937565580175978E-4
hCoV-19/Mexico/CMX_INER_IMSS_00979/2021|EPI_ISL_2091419|2021-04-16	2021.2876712328766	5.91062235452885E-4	-1.5736735923357664E-4
hCoV-19/Mexico/TAB-InDRE_FB21329_S5188/2021|EPI_ISL_3459921|2021-07-12	2021.5260273972603	5.92062235452885E-4	-2.7467054094981605E-4
hCoV-19/Mexico/TAB-InDRE_FB26439_S5733/2021|EPI_ISL_3769176|2021-07-28	2021.5698630136985	5.92062235452885E-4	-2.96427447931845E-4
hCoV-19/Argentina/INEI104339/2021|EPI_ISL_2136178|2021-04-07	2021.2630136986302	6.980622354528852E-4	-3.812909905608801E-5
hCoV-19/Canada/AB-ABPHL-37167/2021|EPI_ISL_6660812|2021-10-12	2021.7780821917809	0.0011810622354528854	1.8922724390235224E-4
hCoV-19/Argentina/INEI104340/2021|EPI_ISL_2136179|2021-04-07	2021.2630136986302	7.680622354528852E-4	3.1870900943911954E-5
hCoV-19/Argentina/INEI111678/2021|EPI_ISL_7751299|2021-09-22	2021.7232876712328	0.0010550622354528855	9.042337763005511E-5
hCoV-19/Argentina/INEI108847/2021|EPI_ISL_5158631|2021-08-02	2021.5835616438355	9.420622354528854E-4	4.6773518636118705E-5
hCoV-19/Canada/QC-1nDWVQ-MX21163094/2021|EPI_ISL_4999138|2021-04-23	2021.3068493150686	0.0010380622354528855	2.8011399396166126E-4
hCoV-19/Argentina/INEI108820/2021|EPI_ISL_5158619|2021-07-26	2021.5643835616438	0.0012100622354528853	3.2429216544088116E-4
hCoV-19/Argentina/INEI109223/2021|EPI_ISL_5158721|2021-07-22	2021.5534246575342	0.0011760622354528853	2.957313921863329E-4
hCoV-19/Argentina/INEI108238/2021|EPI_ISL_5158471|2021-07-20	2021.5479452054794	9.020622354528853E-4	2.445100555928078E-5
hCoV-19/Argentina/INEI110780/2021|EPI_ISL_5656151|2021-09-01	2021.6657534246576	9.700622354528854E-4	3.397931804434266E-5
hCoV-19/Argentina/INEI111248/2021|EPI_ISL_6694895|2021-09-13	2021.6986301369864	9.010622354528853E-4	-5.133836219245675E-5
hCoV-19/Argentina/INEI111629/2021|EPI_ISL_6695127|2021-10-10	2021.772602739726	8.670622354528852E-4	-1.2205314272492206E-4
hCoV-19/Argentina/INEI111252/2021|EPI_ISL_6694898|2021-09-14	2021.7013698630137	8.330622354528852E-4	-1.206981688788197E-4
hCoV-19/Argentina/INEI109729/2021|EPI_ISL_6694410|2021-08-12	2021.6109589041096	8.330622354528852E-4	-7.58245482277328E-5
hCoV-19/Canada/ABPHL-03913/2021|EPI_ISL_2163931|2021-02-08	2021.1041095890412	7.620622354528853E-4	1.0473968875451627E-4
hCoV-19/Argentina/INEI105824/2021|EPI_ISL_4082480|2021-06-01	2021.4136986301369	7.270622354528853E-4	-8.391846680760341E-5
hCoV-19/Argentina/INEI104698/2021|EPI_ISL_2158791|2021-05-05	2021.3397260273973	7.260622354528852E-4	-4.82036862751382E-5
hCoV-19/Argentina/INEI106519/2021|EPI_ISL_4082816|2021-06-20	2021.4657534246576	7.660622354528852E-4	-7.075479384916524E-5
hCoV-19/Brazil/SP-reBUT_126900/2021|EPI_ISL_5885348|2021-08-17	2021.6246575342466	7.610622354528852E-4	-1.546235816597695E-4
hCoV-19/USA/OH-2936/2021|EPI_ISL_2758930|2021-06-11	2021.441095890411	8.630622354528852E-4	3.848346632854519E-5
hCoV-19/England/BRBR-1B42611/2021|EPI_ISL_3443077|2021-08-08	2021.6	7.250622354528852E-4	-1.783853214822811E-4
hCoV-19/Spain/VC-FISABIO-36130/2021|EPI_ISL_11141119|2021-09-15	2021.704109589041	8.640622354528852E-4	-9.105797556518264E-5
hCoV-19/Mexico/ZAC-INER-IMSS-00050/2021|EPI_ISL_1287762|2021-02-14	2021.1205479452055	6.91062235452885E-4	2.5580848636338484E-5
hCoV-19/Mexico/ZAC_IBT_IMSS_1455/2021|EPI_ISL_3355584|2021-05-23	2021.3890410958904	6.920622354528851E-4	-1.066802066301152E-4
hCoV-19/Mexico/ZAC_IBT_IMSS_1449/2021|EPI_ISL_3355593|2021-05-21	2021.3835616438357	7.960622354528853E-4	3.940674261090991E-8
hCoV-19/France/PAC-CHUNICE-2103290401/2021|EPI_ISL_2036242|2021-03-28	2021.2356164383561	5.890622354528851E-4	-1.3353103219223682E-4
hCoV-19/Spain/NC-CHN-01000645/2021|EPI_ISL_1393187|2021-02-18	2021.131506849315	5.86062235452885E-4	-8.485837810933534E-5
hCoV-19/Spain/CM-IBV-98020385/2021|EPI_ISL_2147379|2021-01-08	2021.0191780821917	5.86062235452885E-4	-2.9106303967122945E-5
hCoV-19/France/PAC-IHU-21327_Nova1/2021|EPI_ISL_3432790|2021-08-01	2021.5808219178082	7.570622354528851E-4	-1.3686667467751863E-4
hCoV-19/Spain/MC-HCUVA-11097590/2021|EPI_ISL_5022662|2021-08-10	2021.6054794520549	7.570622354528851E-4	-1.4910493485500705E-4
hCoV-19/Spain/CT-HCB-1077/2021|EPI_ISL_4945283|2021-07-12	2021.5260273972603	7.450622354528852E-4	-1.2167054094981591E-4
hCoV-19/England/PHEC-T304TBCC/2021|EPI_ISL_3775766|2021-08-24	2021.6438356164383	7.920622354528851E-4	-1.3314222846453217E-4
hCoV-19/England/PHWC-4C76E1/2021|EPI_ISL_1052590|2021-02-05	2021.0958904109589	5.500622354528851E-4	-1.0318089118617306E-4
hCoV-19/Chile/RM-76271/2021|EPI_ISL_2009300|2021-04-11	2021.2739726027398	6.89062235452885E-4	-5.2568325801761995E-5
hCoV-19/Chile/BI-117487/2021|EPI_ISL_2894889|2021-06-28	2021.4876712328767	7.560622354528851E-4	-9.163324734029086E-5
hCoV-19/Chile/RM-42957/2021|EPI_ISL_1321459|2021-02-26	2021.1534246575343	5.87062235452885E-4	-9.47368316004608E-5
hCoV-19/Chile/RM-70292/2021|EPI_ISL_1633414|2021-04-02	2021.2493150684932	7.590622354528852E-4	2.9669934375948647E-5
hCoV-19/Canada/ABPHL-06438/2021|EPI_ISL_2165474|2021-02-18	2021.131506849315	6.33062235452885E-4	-3.785837810933528E-5
hCoV-19/Mexico/CMX-InDRE_FD64253_S2063/2021|EPI_ISL_2295589|2021-03-05	2021.172602739726	7.910622354528851E-4	9.974452159477673E-5
hCoV-19/Mexico/CMX-INMEGEN-05-04-201/2021|EPI_ISL_6437723|2021-05-15	2021.3671232876711	8.980622354528852E-4	1.1019824686101041E-4
hCoV-19/France/PDL-IPP11424/2021|EPI_ISL_2029997|2021-03-17	2021.2054794520548	6.520622354528851E-4	-5.557315864180049E-5
hCoV-19/Chile/RM-43628/2021|EPI_ISL_1321463|2021-03-03	2021.1671232876713	7.550622354528851E-4	6.646413496750258E-5
hCoV-19/Chile/AP-53843/2021|EPI_ISL_1470425|2021-03-15	2021.2	6.880622354528851E-4	-1.6853545269074626E-5
hCoV-19/Chile/LR-101024/2021|EPI_ISL_2557277|2021-05-25	2021.3945205479451	7.900622354528851E-4	-1.1399820002841064E-5
hCoV-19/Colombia/ANT-CWOHC-VG-SEC00132B/2021|EPI_ISL_1675319|2021-03-05	2021.172602739726	7.500622354528851E-4	5.874452159477671E-5
hCoV-19/Chile/RM-91876/2021|EPI_ISL_2391318|2021-05-08	2021.3479452054794	9.25062235452885E-4	1.4671689366577275E-4
hCoV-19/Chile/ML-89982/2021|EPI_ISL_2391435|2021-05-05	2021.3397260273973	8.92062235452885E-4	1.1779631372486161E-4
hCoV-19/Chile/RM-97619/2021|EPI_ISL_2543517|2021-05-22	2021.386301369863	9.27062235452885E-4	1.296796000562477E-4
hCoV-19/Chile/RM-100514/2021|EPI_ISL_2663566|2021-05-27	2021.4	9.27062235452885E-4	1.22880566624211E-4
hCoV-19/Northern_Ireland/NIRE-003546/2021|EPI_ISL_10128353|2021-05-15	2021.3671232876711	6.950622354528851E-4	-9.280175313898964E-5
hCoV-19/Brazil/SP-1046/2021|EPI_ISL_906073|2021-01-19	2021.0493150684931	6.27062235452885E-4	-3.0641775175592424E-6
hCoV-19/Spain/VC-IBV-98026483/2021|EPI_ISL_2035873|2021-04-06	2021.2602739726028	6.60062235452885E-4	-7.476929236972525E-5
hCoV-19/Brazil/PE-FIOCRUZ-IAM1883/2021|EPI_ISL_3703366|2021-04-25	2021.3123287671233	7.270622354528852E-4	-3.3605619411064894E-5
hCoV-19/Chile/RM-3596/2021|EPI_ISL_1167931|2021-01-04	2021.0082191780823	5.580622354528851E-4	-5.166707722167115E-5
hCoV-19/Canada/ABPHL-03257/2021|EPI_ISL_2163604|2021-01-24	2021.0630136986301	5.24062235452885E-4	-1.1286321094959595E-4
hCoV-19/Spain/CT-HUGTiPM014TA3C1/2021|EPI_ISL_2035855|2021-03-14	2021.1972602739727	5.93062235452885E-4	-1.1049373858271173E-4
hCoV-19/Spain/CT-HUGTiPM014TA3D2/2021|EPI_ISL_2035859|2021-02-28	2021.158904109589	5.93062235452885E-4	-9.145644497318662E-5
hCoV-19/England/LOND-128DFAF/2020|EPI_ISL_2126015|2020-12-23	2020.9754098360656	6.60062235452885E-4	6.661716514554377E-5
hCoV-19/Northern_Ireland/NIRE-003b84/2021|EPI_ISL_10130658|2021-06-16	2021.454794520548	7.970622354528851E-4	-3.4315567103491594E-5
hCoV-19/Spain/GA-CHUVI-19417828/2021|EPI_ISL_5427633|2021-08-16	2021.6219178082192	6.63062235452885E-4	-2.512637749734068E-4
hCoV-19/France/ARA-HCL021052519901/2021|EPI_ISL_1461133|2021-02-01	2021.0849315068492	6.25062235452885E-4	-2.2741664440499424E-5
hCoV-19/Panama/GMI-PA736051/2021|EPI_ISL_5196195|2021-04-27	2021.317808219178	7.270622354528852E-4	-3.6325232783790753E-5
hCoV-19/England/LOND-128E278/2020|EPI_ISL_2126061|2020-12-30	2020.9945355191257	5.220622354528851E-4	-8.08754744272952E-5
hCoV-19/Mexico/CMX_INER_IMSS_00878/2021|EPI_ISL_2091329|2021-04-08	2021.2657534246575	5.220622354528851E-4	-2.154889057424511E-4
hCoV-19/Colombia/COV-VG-3527/2021|EPI_ISL_3355472|2021-05-06	2021.3424657534247	6.45062235452885E-4	-1.3056349296150136E-4
hCoV-19/Spain/CM-HGUCR-699542/2021|EPI_ISL_3356928|2021-07-26	2021.5643835616438	9.340622354528852E-4	4.8292165440881065E-5
hCoV-19/Northern_Ireland/NIRE-003dc0/2021|EPI_ISL_10131155|2021-06-20	2021.4657534246576	6.94062235452885E-4	-1.4275479384916548E-4
hCoV-19/Northern_Ireland/NIRE-004d51/2021|EPI_ISL_10136549|2021-05-29	2021.4054794520548	7.280622354528851E-4	-7.883904674851482E-5
hCoV-19/USA/MN-MDH-3831/2021|EPI_ISL_1358991|2021-02-25	2021.150684931507	6.61062235452885E-4	-1.9377024914097912E-5
hCoV-19/USA/ID-IBL-724388/2021|EPI_ISL_2031596|2021-04-19	2021.295890410959	8.320622354528851E-4	7.955322070711264E-5
hCoV-19/USA/CA-CZB-31046/2020|EPI_ISL_2103044|2020-12-28	2020.9890710382513	7.990622354528851E-4	1.9883670830776994E-4
hCoV-19/Mexico/CMX-INMEGEN-04-07-292/2021|EPI_ISL_2080689|2021-04-28	2021.3205479452056	7.010622354528851E-4	-6.368503947037582E-5
hCoV-19/Mexico/YUC-NYGC-8474-21/2021|EPI_ISL_3024018|2021-02-02	2021.0876712328768	6.30062235452885E-4	-1.9101471127084386E-5
hCoV-19/Argentina/INEI100964/2021|EPI_ISL_2133399|2021-02-03	2021.0904109589042	6.30062235452885E-4	-2.0461277813447316E-5
hCoV-19/Argentina/INEI101332/2021|EPI_ISL_2133401|2021-02-05	2021.0958904109589	7.330622354528851E-4	7.981910881382694E-5
hCoV-19/USA/NY-CDC-2-3906087/2021|EPI_ISL_3353953|2021-01-28	2021.0739726027398	7.340622354528851E-4	9.169756230495245E-5
hCoV-19/USA/AZ-TG989712/2021|EPI_ISL_8364403|2021-07-12	2021.5260273972603	7.560622354528851E-4	-1.1067054094981597E-4
hCoV-19/Chile/RM-88280/2021|EPI_ISL_2391197|2021-05-03	2021.3342465753424	6.950622354528851E-4	-7.64840729021904E-5
hCoV-19/USA/IN-CDC-2-3903553/2021|EPI_ISL_3353798|2021-02-04	2021.0931506849315	6.27062235452885E-4	-2.482108449981021E-5
hCoV-19/Argentina/INEI104580/2021|EPI_ISL_2158743|2021-05-04	2021.33698630137	8.000622354528851E-4	2.715612041122458E-5
hCoV-19/Chile/VS-121047/2021|EPI_ISL_3132269|2021-07-01	2021.495890410959	7.660622354528851E-4	-8.571266739937963E-5
hCoV-19/Chile/VS-107520/2021|EPI_ISL_2756334|2021-06-09	2021.4356164383562	7.660622354528851E-4	-5.5796920298729034E-5
hCoV-19/Argentina/INEI107901/2021|EPI_ISL_4083428|2021-07-11	2021.5232876712328	8.360622354528852E-4	-2.9310734263230894E-5
hCoV-19/Argentina/PAIS-D0149/2021|EPI_ISL_5771896|2021-08-10	2021.6054794520549	0.0011110622354528854	2.048950651449932E-4
hCoV-19/Argentina/INEI110109/2021|EPI_ISL_6694547|2021-08-18	2021.627397260274	0.0011440622354528854	2.2701661165386777E-4
hCoV-19/Chile/VS-133997/2021|EPI_ISL_3537184|2021-08-03	2021.5863013698631	9.020622354528852E-4	5.413711949533518E-6
hCoV-19/Argentina/INEI110140/2021|EPI_ISL_6694566|2021-08-21	2021.6356164383562	9.020622354528852E-4	-1.906280840544331E-5
hCoV-19/Argentina/INEI108757/2021|EPI_ISL_5158574|2021-07-26	2021.5643835616438	8.350622354528851E-4	-5.0707834559119065E-5
hCoV-19/Argentina/INEI108758/2021|EPI_ISL_5158575|2021-07-26	2021.5643835616438	8.680622354528851E-4	-1.770783455911902E-5
hCoV-19/Argentina/INEI107054/2021|EPI_ISL_4083006|2021-06-23	2021.4739726027397	8.320622354528851E-4	-8.834213908254164E-6
hCoV-19/Argentina/INEI108812/2021|EPI_ISL_5158611|2021-07-22	2021.5534246575342	7.640622354528852E-4	-1.1626860781366723E-4
hCoV-19/Argentina/INEI109631/2021|EPI_ISL_5158981|2021-08-03	2021.5863013698631	8.320622354528851E-4	-6.458628805046656E-5
hCoV-19/Argentina/INEI109635/2021|EPI_ISL_6694406|2021-08-11	2021.6082191780822	7.650622354528851E-4	-1.4246474154137E-4
hCoV-19/Argentina/INEI105229/2021|EPI_ISL_4082249|2021-05-10	2021.3534246575343	6.600622354528849E-4	-1.2100271970695315E-4
hCoV-19/Argentina/INEI107065/2021|EPI_ISL_4083016|2021-06-23	2021.4739726027397	8.650622354528852E-4	2.416578609174588E-5
hCoV-19/Argentina/INEI108800/2021|EPI_ISL_5158600|2021-07-16	2021.5369863013698	7.970622354528851E-4	-7.510976769526767E-5
hCoV-19/Argentina/INEI104062/2021|EPI_ISL_2136044|2021-04-19	2021.295890410959	7.27062235452885E-4	-2.5446779292887423E-5
hCoV-19/France/COR-HCL021014358901/2020|EPI_ISL_1371813|2020-12-23	2020.9754098360656	5.56062235452885E-4	-3.7382834854456266E-5
hCoV-19/Spain/CT-LabRefCat-778914/2021|EPI_ISL_5049927|2021-05-18	2021.3753424657534	7.990622354528852E-4	7.1188268019216E-6
hCoV-19/England/TFCI-270254E/2021|EPI_ISL_924879|2021-01-09	2021.021917808219	5.21062235452885E-4	-9.546611065348583E-5
hCoV-19/USA/HI-BL442/2021|EPI_ISL_10654961|2021-08-12	2021.6109589041096	7.950622354528852E-4	-1.1382454822773285E-4
hCoV-19/Argentina/INEI107168/2021|EPI_ISL_4083087|2021-07-02	2021.4986301369863	8.640622354528851E-4	1.0927525914257441E-5
hCoV-19/Panama/GMI-PA738158/2021|EPI_ISL_11681706|2021-05-06	2021.3424657534247	6.25062235452885E-4	-1.5056349296150141E-4
hCoV-19/Panama/PA772963-GMI/2021|EPI_ISL_11686287|2021-08-08	2021.6	6.59062235452885E-4	-2.443853214822813E-4
hCoV-19/Colombia/ANT-LDSP924/2021|EPI_ISL_5143500|2021-07-26	2021.5643835616438	7.150622354528851E-4	-1.7070783455911905E-4
hCoV-19/Colombia/ANT-LDSP459/2021|EPI_ISL_6512536|2021-08-07	2021.5972602739726	7.630622354528851E-4	-1.3902551479591833E-4
hCoV-19/Mexico/TAM-InDRE_236/2021|EPI_ISL_961466|2021-01-13	2021.0328767123287	5.56062235452885E-4	-6.590533739915961E-5
hCoV-19/Mexico/NLE-InDRE_238/2021|EPI_ISL_961468|2021-01-18	2021.0465753424658	5.56062235452885E-4	-7.27043708311963E-5
hCoV-19/USA/PA-0452/2021|EPI_ISL_10658185|2021-09-06	2021.6794520547944	0.0010340622354528851	9.118028461252772E-5
hCoV-19/USA/SD-CDC-2-4449391/2021|EPI_ISL_3355016|2021-05-18	2021.3753424657534	9.310622354528852E-4	1.3911882680192166E-4
hCoV-19/Panama/GMI-PAM1067/2021|EPI_ISL_4744618|2021-03-25	2021.227397260274	7.27062235452885E-4	8.548387866851958E-6
hCoV-19/Panama/GMI-PA729187/2021|EPI_ISL_5196206|2021-04-03	2021.2520547945205	7.27062235452885E-4	-3.6898723104144106E-6
hCoV-19/France/NO-CERBAHC-20211020-43/2021|EPI_ISL_871792|2021-01-08	2021.0191780821917	5.540622354528851E-4	-6.110630396712286E-5
hCoV-19/Spain/CT-HUB00014/2021|EPI_ISL_1360157|2021-02-11	2021.1123287671232	5.55062235452885E-4	-1.0633973130457278E-4
hCoV-19/Brazil/SP-L67-CD1713/2020|EPI_ISL_754236|2020-12-22	2020.9726775956285	5.94062235452885E-4	1.9732565131872675E-6
hCoV-19/France/PAC-SC765/2020|EPI_ISL_768829|2020-12-28	2020.9890710382513	5.21062235452885E-4	-7.916329169223009E-5
hCoV-19/Spain/VC-IBV-98025945/2021|EPI_ISL_2081628|2021-02-03	2021.0904109589042	4.8606223545288505E-4	-1.6446127781344724E-4
hCoV-19/Spain/VC-IBV-98025950/2021|EPI_ISL_2081631|2021-03-08	2021.1808219178083	5.87062235452885E-4	-1.0833489846431214E-4
hCoV-19/Chile/RM-266418/2020|EPI_ISL_1167921|2020-12-30	2020.9945355191257	5.93062235452885E-4	-9.875474427295202E-6
hCoV-19/Chile/RM-266424/2020|EPI_ISL_1167932|2020-12-30	2020.9945355191257	6.290622354528851E-4	2.6124525572704805E-5
hCoV-19/Chile/RM-11/2020|EPI_ISL_1300449|2020-12-30	2020.9945355191257	6.27062235452885E-4	2.4124525572704757E-5
hCoV-19/Chile/NB-32569/2021|EPI_ISL_1300519|2021-02-10	2021.109589041096	6.61062235452885E-4	1.0200753817901252E-6
hCoV-19/Chile/RM-43288/2021|EPI_ISL_1321447|2021-03-03	2021.1671232876713	7.000622354528852E-4	1.1464134967502653E-5
hCoV-19/Chile/RM-71294/2021|EPI_ISL_1633522|2021-04-04	2021.2547945205479	7.340622354528851E-4	1.9503210032227212E-6
hCoV-19/Chile/RM-75266/2021|EPI_ISL_2009206|2021-04-09	2021.268493150685	7.340622354528851E-4	-4.848712428813973E-6
hCoV-19/Chile/RM-64967/2021|EPI_ISL_1534577|2021-03-27	2021.2328767123288	7.33062235452885E-4	1.1828774494126028E-5
hCoV-19/Chile/AN-88361/2021|EPI_ISL_2391154|2021-04-26	2021.3150684931506	7.33062235452885E-4	-2.8965426097428003E-5
hCoV-19/Chile/LR-89692/2021|EPI_ISL_2391240|2021-05-03	2021.3342465753424	9.030622354528852E-4	1.3151592709780967E-4
hCoV-19/Chile/LI-92462/2021|EPI_ISL_2391334|2021-05-10	2021.3534246575343	8.00062235452885E-4	1.899728029304689E-5
hCoV-19/Chile/LI-104024/2021|EPI_ISL_2663446|2021-05-31	2021.4109589041095	8.690622354528853E-4	5.94413398787595E-5
hCoV-19/Chile/RM-45357/2021|EPI_ISL_1321467|2021-03-05	2021.172602739726	6.97062235452885E-4	5.7445215947766115E-6
hCoV-19/Chile/LR-66876/2021|EPI_ISL_1470544|2021-03-27	2021.2328767123288	7.640622354528852E-4	4.282877449412624E-5
hCoV-19/Chile/LR-262486/2020|EPI_ISL_1167923|2020-12-22	2020.9726775956285	5.940622354528851E-4	1.973256513187376E-6
hCoV-19/Chile/RM-37243/2021|EPI_ISL_1321460|2021-02-21	2021.1397260273973	7.30062235452885E-4	5.50622018315759E-5
hCoV-19/Chile/RM-52039/2021|EPI_ISL_1541000|2021-03-14	2021.1972602739727	8.330622354528852E-4	1.2950626141728847E-4
hCoV-19/Chile/RM-70275/2021|EPI_ISL_1633509|2021-04-02	2021.2493150684932	6.960622354528851E-4	-3.3330065624051475E-5
hCoV-19/Chile/RM-49331/2021|EPI_ISL_1470416|2021-03-09	2021.1835616438357	6.62062235452885E-4	-3.469470515067509E-5
hCoV-19/Chile/BI-72833/2021|EPI_ISL_1541051|2021-04-04	2021.2547945205479	6.960622354528851E-4	-3.6049678996777335E-5
hCoV-19/Chile/RM-266423/2020|EPI_ISL_1167925|2020-12-30	2020.9945355191257	6.290622354528851E-4	2.6124525572704805E-5
hCoV-19/Chile/RM-39996/2021|EPI_ISL_1321457|2021-02-25	2021.150684931507	7.30062235452885E-4	4.962297508590214E-5
hCoV-19/Chile/RM-42107/2021|EPI_ISL_1321462|2021-03-01	2021.1616438356164	7.30062235452885E-4	4.418374834045042E-5
hCoV-19/Chile/RM-267253/2020|EPI_ISL_1167924|2020-12-29	2020.9918032786886	5.940622354528851E-4	-7.5193830598736366E-6
hCoV-19/Chile/RM-266419/2020|EPI_ISL_1167928|2020-12-30	2020.9945355191257	5.940622354528851E-4	-8.875474427295178E-6
hCoV-19/Chile/ML-266537/2020|EPI_ISL_1167930|2020-12-27	2020.9863387978141	6.27062235452885E-4	2.819279967541347E-5
hCoV-19/Chile/RM-1406/2021|EPI_ISL_1167927|2021-01-03	2021.0054794520547	5.93062235452885E-4	-1.5307270535308234E-5
hCoV-19/Chile/RM-66087/2021|EPI_ISL_1534585|2021-03-29	2021.2383561643835	7.630622354528851E-4	3.9109161121400247E-5
hCoV-19/Chile/RM-90891/2021|EPI_ISL_2391421|2021-05-08	2021.3479452054794	8.310622354528852E-4	5.271689366577296E-5
hCoV-19/Chile/AT-109149/2021|EPI_ISL_2756263|2021-06-06	2021.427397260274	8.980622354528852E-4	8.028249976035982E-5
hCoV-19/Chile/RM-100328/2021|EPI_ISL_2557304|2021-05-26	2021.3972602739725	8.990622354528853E-4	9.624037331079627E-5
hCoV-19/Chile/BI-99170/2021|EPI_ISL_2543594|2021-05-23	2021.3890410958904	7.940622354528851E-4	-4.680206630115215E-6
hCoV-19/Chile/LR-101022/2021|EPI_ISL_2557275|2021-05-25	2021.3945205479451	7.940622354528851E-4	-7.399820002841075E-6
hCoV-19/Chile/LR-83151/2021|EPI_ISL_2597292|2021-04-20	2021.2986301369863	8.630622354528853E-4	1.0919341402074992E-4
hCoV-19/Chile/LL-72506/2021|EPI_ISL_1541044|2021-04-03	2021.2520547945205	7.620622354528851E-4	3.131012768958568E-5
hCoV-19/Chile/LR-78683/2021|EPI_ISL_1712375|2021-04-12	2021.2767123287672	7.320622354528851E-4	-1.0928132488124856E-5
hCoV-19/Chile/LR-78685/2021|EPI_ISL_1712376|2021-04-12	2021.2767123287672	8.330622354528852E-4	9.007186751187532E-5
hCoV-19/Chile/LR-78689/2021|EPI_ISL_2009208|2021-04-12	2021.2767123287672	7.680622354528851E-4	2.5071867511875152E-5
hCoV-19/Chile/LR-83152/2021|EPI_ISL_2597293|2021-04-20	2021.2986301369863	7.680622354528851E-4	1.4193414020749668E-5
hCoV-19/Chile/LR-83154/2021|EPI_ISL_2597295|2021-04-20	2021.2986301369863	7.670622354528852E-4	1.3193414020749752E-5
hCoV-19/Chile/AI-93779/2021|EPI_ISL_2508570|2021-05-11	2021.3561643835617	6.97062235452885E-4	-8.536252639353809E-5
hCoV-19/Chile/LL-79374/2021|EPI_ISL_2009278|2021-04-14	2021.282191780822	7.650622354528851E-4	1.9352254139149328E-5
hCoV-19/Chile/LL-102340/2021|EPI_ISL_2663414|2021-05-30	2021.4082191780822	8.340622354528852E-4	2.5801146565122336E-5
hCoV-19/Chile/LR-93792/2021|EPI_ISL_2508578|2021-05-10	2021.3534246575343	7.320622354528851E-4	-4.900271970695303E-5
hCoV-19/Chile/BI-105372/2021|EPI_ISL_2659165|2021-05-30	2021.4082191780822	7.650622354528851E-4	-4.3198853434877715E-5
hCoV-19/Chile/ML-84831/2021|EPI_ISL_2009536|2021-04-26	2021.3150684931506	7.990622354528851E-4	3.703457390257208E-5
hCoV-19/Chile/LR-89689/2021|EPI_ISL_2391237|2021-05-03	2021.3342465753424	7.30062235452885E-4	-4.148407290219052E-5
hCoV-19/Chile/AT-81383/2021|EPI_ISL_2009598|2021-04-18	2021.2931506849316	7.30062235452885E-4	-2.108697260652453E-5
hCoV-19/Chile/LR-86424/2021|EPI_ISL_2391065|2021-04-27	2021.317808219178	7.630622354528851E-4	-3.252327837908542E-7
hCoV-19/Chile/LR-81392/2021|EPI_ISL_2009599|2021-04-18	2021.2931506849316	6.960622354528851E-4	-5.508697260652449E-5
hCoV-19/Chile/LR-83150/2021|EPI_ISL_2597291|2021-04-20	2021.2986301369863	7.290622354528851E-4	-2.4806585979250304E-5
hCoV-19/Chile/CO-89068/2021|EPI_ISL_2391269|2021-05-04	2021.33698630137	8.970622354528853E-4	1.2415612041122477E-4
hCoV-19/Chile/LR-74377/2021|EPI_ISL_1633374|2021-04-01	2021.2465753424658	6.94062235452885E-4	-3.3970258937688594E-5
hCoV-19/Chile/LR-74378/2021|EPI_ISL_1633375|2021-04-01	2021.2465753424658	6.94062235452885E-4	-3.3970258937688594E-5
hCoV-19/Chile/LR-74382/2021|EPI_ISL_1633376|2021-03-31	2021.2438356164384	7.280622354528851E-4	1.3895477486744034E-6
hCoV-19/Chile/LR-89687/2021|EPI_ISL_2391235|2021-05-03	2021.3342465753424	7.620622354528851E-4	-9.484072902190394E-6
hCoV-19/Chile/LR-74384/2021|EPI_ISL_1633377|2021-03-31	2021.2438356164384	8.660622354528853E-4	1.393895477486746E-4
hCoV-19/Chile/LR-78686/2021|EPI_ISL_1712377|2021-04-12	2021.2767123287672	8.310622354528852E-4	8.807186751187527E-5
hCoV-19/Chile/LR-75415/2021|EPI_ISL_1633409|2021-04-06	2021.2602739726028	6.59062235452885E-4	-7.576929236972527E-5
hCoV-19/Chile/RM-28214/2021|EPI_ISL_1321464|2021-02-04	2021.0931506849315	5.890622354528851E-4	-6.282108449981016E-5
hCoV-19/Chile/RM-46301/2021|EPI_ISL_1321455|2021-03-08	2021.1808219178083	7.600622354528851E-4	6.466510153568794E-5
hCoV-19/Chile/RM-51552/2021|EPI_ISL_1534553|2021-03-13	2021.194520547945	7.600622354528851E-4	5.786606810365125E-5
hCoV-19/Chile/RM-94406/2021|EPI_ISL_2509162|2021-05-15	2021.3671232876711	8.620622354528852E-4	7.41982468610104E-5
hCoV-19/Chile/RM-97421/2021|EPI_ISL_2543507|2021-05-20	2021.3808219178081	8.620622354528852E-4	6.739921342919575E-5
hCoV-19/Chile/RM-40973/2021|EPI_ISL_1321461|2021-02-27	2021.1561643835616	6.920622354528851E-4	8.90336171317633E-6
hCoV-19/Chile/RM-52028/2021|EPI_ISL_1540999|2021-03-14	2021.1972602739727	7.590622354528852E-4	5.5506261417288404E-5
hCoV-19/Chile/ML-12/2020|EPI_ISL_1167926|2020-12-30	2020.9945355191257	5.87062235452885E-4	-1.587547442729524E-5
hCoV-19/France/IDF-HCL021020612401/2021|EPI_ISL_1359789|2021-01-25	2021.0657534246575	6.22062235452885E-4	-1.622301763595888E-5
hCoV-19/England/QEUH-13F62D4/2021|EPI_ISL_1365347|2021-03-04	2021.1698630136987	7.240622354528851E-4	3.4104328281139656E-5
hCoV-19/France/OCC-CHU-TLS-210231237102/2021|EPI_ISL_3393957|2021-01-23	2021.0602739726028	4.80062235452885E-4	-1.55503404263233E-4
hCoV-19/Argentina/INEI119675/2021|EPI_ISL_11571481|2021-05-27	2021.4	7.650622354528851E-4	-3.9119433375788925E-5
hCoV-19/Argentina/INEI106402/2021|EPI_ISL_6694369|2021-06-09	2021.4356164383562	7.66062235452885E-4	-5.579692029872914E-5
hCoV-19/Argentina/PAIS-A0828/2021|EPI_ISL_4405122|2021-05-16	2021.3698630136987	7.620622354528851E-4	-2.7161559825352572E-5
hCoV-19/Argentina/INEI104086/2021|EPI_ISL_2136046|2021-04-21	2021.3013698630136	8.310622354528852E-4	7.583360733438686E-5
hCoV-19/Argentina/INEI102294/2021|EPI_ISL_2135150|2021-03-08	2021.1808219178083	7.620622354528851E-4	6.666510153568799E-5
hCoV-19/Chile/RM-96097/2021|EPI_ISL_2509325|2021-05-16	2021.3698630136987	7.980622354528852E-4	8.838440174647436E-6
hCoV-19/Chile/VS-98135/2021|EPI_ISL_2543481|2021-05-17	2021.372602739726	7.980622354528852E-4	7.478633488284506E-6
hCoV-19/Chile/VS-98134/2021|EPI_ISL_2543480|2021-05-17	2021.372602739726	7.650622354528851E-4	-2.5521366511715537E-5
hCoV-19/Chile/VS-100960/2021|EPI_ISL_2557303|2021-05-17	2021.372602739726	7.650622354528851E-4	-2.5521366511715537E-5
hCoV-19/Chile/VS-100959/2021|EPI_ISL_2557302|2021-05-23	2021.3890410958904	7.630622354528851E-4	-3.568020663011521E-5
hCoV-19/Argentina/INEI103043/2021|EPI_ISL_2135326|2021-03-18	2021.2082191780821	8.33062235452885E-4	1.2406703467183653E-4
hCoV-19/Argentina/PAIS-E0201/2021|EPI_ISL_2363530|2021-03-18	2021.2082191780821	8.33062235452885E-4	1.2406703467183653E-4
hCoV-19/Argentina/INEI103362/2021|EPI_ISL_2135342|2021-03-31	2021.2438356164384	8.320622354528851E-4	1.0538954774867444E-4
hCoV-19/Argentina/INEI105640/2021|EPI_ISL_4082395|2021-05-27	2021.4	8.700622354528852E-4	6.588056662421113E-5
hCoV-19/Argentina/INEI106600/2021|EPI_ISL_4082869|2021-06-16	2021.454794520548	9.370622354528854E-4	1.0568443289650867E-4
hCoV-19/Argentina/PAIS-D0163/2021|EPI_ISL_5771903|2021-08-27	2021.6520547945206	0.0010710622354528855	1.4177835147615738E-4
hCoV-19/Argentina/PAIS-D0275/2021|EPI_ISL_7620384|2021-06-04	2021.4219178082192	8.670622354528852E-4	5.2002113133085685E-5
hCoV-19/Argentina/PAIS-D0376/2021|EPI_ISL_8152153|2021-07-04	2021.504109589041	9.350622354528853E-4	7.920791254153179E-5
hCoV-19/Argentina/INEI110507/2021|EPI_ISL_6694716|2021-06-18	2021.4602739726026	9.680622354528854E-4	1.339648195237828E-4
hCoV-19/Argentina/PAIS-D0204/2021|EPI_ISL_8181667|2021-10-12	2021.7780821917809	0.0010880622354528854	9.622724390235225E-5
hCoV-19/Argentina/PAIS-A0502/2021|EPI_ISL_2007506|2021-03-07	2021.1780821917807	6.92062235452885E-4	-1.9750917779492614E-6
hCoV-19/Argentina/PAIS-A0867/2021|EPI_ISL_4405234|2021-06-06	2021.427397260274	8.64062235452885E-4	4.6282499760359644E-5
hCoV-19/Argentina/INEI108316/2021|EPI_ISL_5158498|2021-07-15	2021.5342465753424	0.0010340622354528854	1.632500389910955E-4
hCoV-19/Argentina/INEI106586/2021|EPI_ISL_4082861|2021-06-16	2021.454794520548	7.570622354528851E-4	-7.431556710349159E-5
hCoV-19/Argentina/INEI104939/2021|EPI_ISL_4082218|2021-05-10	2021.3534246575343	8.95062235452885E-4	1.1399728029304692E-4
hCoV-19/Argentina/PAIS-A1177/2021|EPI_ISL_7406465|2021-08-27	2021.6520547945206	0.0010220622354528853	9.277835147615716E-5
hCoV-19/Argentina/PAIS-A0501/2021|EPI_ISL_2007524|2021-03-02	2021.164383561644	8.140622354528851E-4	1.2682394165386553E-4
hCoV-19/Argentina/INEI104776/2021|EPI_ISL_2158830|2021-05-07	2021.345205479452	8.270622354528851E-4	5.0076700352135795E-5
hCoV-19/Argentina/PAIS-D0238/2021|EPI_ISL_7620355|2021-07-01	2021.495890410959	8.260622354528852E-4	-2.5712667399379577E-5
hCoV-19/Argentina/PAIS-A0976/2021|EPI_ISL_4405557|2021-05-17	2021.372602739726	7.910622354528851E-4	4.786334882844441E-7
hCoV-19/Argentina/PAIS-D0358/2021|EPI_ISL_8152135|2021-05-24	2021.3917808219178	9.280622354528851E-4	1.2795998668352186E-4
hCoV-19/Argentina/PAIS-D0373/2021|EPI_ISL_8152150|2021-06-30	2021.4931506849316	9.290622354528852E-4	7.864713928698336E-5
hCoV-19/Argentina/INEI103046/2021|EPI_ISL_2135327|2021-03-21	2021.2164383561644	6.89062235452885E-4	-2.4012385387474334E-5
hCoV-19/Argentina/PAIS-A0470/2021|EPI_ISL_1395792|2021-03-05	2021.172602739726	7.53062235452885E-4	6.174452159477667E-5
hCoV-19/Argentina/INEI111414/2021|EPI_ISL_6695017|2021-09-23	2021.7260273972602	8.900622354528852E-4	-7.593642905630814E-5
hCoV-19/Argentina/PAIS-A0517/2021|EPI_ISL_2007474|2021-03-08	2021.1808219178083	6.86062235452885E-4	-9.33489846431212E-6
hCoV-19/Argentina/PAIS-A0516/2021|EPI_ISL_2007521|2021-03-03	2021.1671232876713	6.86062235452885E-4	-2.535865032497471E-6
hCoV-19/Argentina/INEI104323/2021|EPI_ISL_2136164|2021-04-27	2021.317808219178	6.85062235452885E-4	-7.832523278379091E-5
hCoV-19/Argentina/PAIS-C0076/2021|EPI_ISL_4291305|2021-02-04	2021.0931506849315	5.48062235452885E-4	-1.0382108449981018E-4
hCoV-19/Brazil/SP-NXBS4696GENOV701244823454/2021|EPI_ISL_9802982|2021-08-05	2021.5917808219178	7.21062235452885E-4	-1.783059014231925E-4
hCoV-19/Spain/CT-HUGTiPM014SM6G3/2021|EPI_ISL_2035830|2021-04-30	2021.3260273972603	6.84062235452885E-4	-8.340465284310177E-5
hCoV-19/France/IDF-IPP22811/2021|EPI_ISL_3999687|2021-05-23	2021.3890410958904	7.540622354528852E-4	-4.4680206630115103E-5
hCoV-19/Brazil/SP-IB_100427/2021|EPI_ISL_2170935|2021-03-29	2021.2383561643835	7.190622354528851E-4	-4.890838878599739E-6
hCoV-19/Canada/BC-BCCDC-9444/2020|EPI_ISL_976766|2020-12-26	2020.983606557377	6.50062235452885E-4	5.254889104305707E-5
hCoV-19/Brazil/SP-4035/2021|EPI_ISL_3717891|2021-06-12	2021.4438356164383	7.53062235452885E-4	-7.287634035781792E-5
hCoV-19/Brazil/SP-IAL-4458/2021|EPI_ISL_5030045|2021-07-20	2021.5479452054794	8.550622354528851E-4	-2.2548994440719388E-5
hCoV-19/Brazil/SP-IB_110605/2021|EPI_ISL_2445132|2021-05-17	2021.372602739726	6.84062235452885E-4	-1.0652136651171566E-4
hCoV-19/France/HDF-P198-21254C2922/2021|EPI_ISL_3046525|2021-06-24	2021.4767123287672	8.880622354528851E-4	4.580597940538286E-5
hCoV-19/Brazil/SP-IB_101406/2021|EPI_ISL_2133093|2021-04-15	2021.2849315068493	5.130622354528851E-4	-2.3400755254721366E-4
hCoV-19/USA/FL-CDC-STM-000008039/2021|EPI_ISL_4962039|2021-01-08	2021.0191780821917	4.1393776454711503E-4	-2.012307748728929E-4
