hCoV-19/Chile/AP-152404/2021|EPI_ISL_4704300|2021-09-10
hCoV-19/Chile/AP-155950/2021|EPI_ISL_5431310|2021-09-20
hCoV-19/Chile/AP-155961/2021|EPI_ISL_5431318|2021-09-20
hCoV-19/Chile/AP-156961/2021|EPI_ISL_5411218|2021-09-22
hCoV-19/Chile/AP-157141/2021|EPI_ISL_5411249|2021-09-21
hCoV-19/Chile/AP-157143/2021|EPI_ISL_5411250|2021-09-21
hCoV-19/Chile/AP-158255/2021|EPI_ISL_5544272|2021-09-23
hCoV-19/Chile/BI-158566/2021|EPI_ISL_5544344|2021-09-25
hCoV-19/Chile/LL-150375/2021|EPI_ISL_4659569|2021-09-06
hCoV-19/Chile/LL-150381/2021|EPI_ISL_4659574|2021-09-06
hCoV-19/Chile/NB-152321/2021|EPI_ISL_4654380|2021-09-12
hCoV-19/Chile/NB-153034/2021|EPI_ISL_4656127|2021-09-14
hCoV-19/Chile/NB-155728/2021|EPI_ISL_5010736|2021-09-20
hCoV-19/Chile/NB-155731/2021|EPI_ISL_5010739|2021-09-20
hCoV-19/Chile/RM-130307/2021|EPI_ISL_11976011|2021-07-25
hCoV-19/Chile/RM-132252/2021|EPI_ISL_3341921|2021-07-29
hCoV-19/Chile/RM-132253/2021|EPI_ISL_3341922|2021-07-29
hCoV-19/Chile/RM-132536/2021|EPI_ISL_3546360|2021-07-27
hCoV-19/Chile/RM-132728/2021|EPI_ISL_3546358|2021-07-31
hCoV-19/Chile/RM-132729/2021|EPI_ISL_3546359|2021-07-31
hCoV-19/Chile/RM-133104/2021|EPI_ISL_3536121|2021-08-01
hCoV-19/Chile/RM-134245/2021|EPI_ISL_3537185|2021-08-03
hCoV-19/Chile/RM-135137/2021|EPI_ISL_3537300|2021-08-04
hCoV-19/Chile/RM-136552/2021|EPI_ISL_3987626|2021-08-09
hCoV-19/Chile/RM-137216/2021|EPI_ISL_4005135|2021-08-09
hCoV-19/Chile/RM-137705/2021|EPI_ISL_3987898|2021-08-10
hCoV-19/Chile/RM-138421/2021|EPI_ISL_4005068|2021-08-11
hCoV-19/Chile/RM-138975/2021|EPI_ISL_4005070|2021-08-08
hCoV-19/Chile/RM-138976/2021|EPI_ISL_4005071|2021-08-09
hCoV-19/Chile/RM-139123/2021|EPI_ISL_3988159|2021-08-14
hCoV-19/Chile/RM-139351/2021|EPI_ISL_4628775|2021-08-13
hCoV-19/Chile/RM-140096/2021|EPI_ISL_4005211|2021-08-16
hCoV-19/Chile/RM-140107/2021|EPI_ISL_4005149|2021-08-16
hCoV-19/Chile/RM-140444/2021|EPI_ISL_4632639|2021-08-17
hCoV-19/Chile/RM-141188/2021|EPI_ISL_4630477|2021-08-19
hCoV-19/Chile/RM-141438/2021|EPI_ISL_12144483|2021-08-19
hCoV-19/Chile/RM-141710/2021|EPI_ISL_4631642|2021-08-21
hCoV-19/Chile/RM-142758/2021|EPI_ISL_4632426|2021-08-23
hCoV-19/Chile/RM-143843/2021|EPI_ISL_4635488|2021-08-25
hCoV-19/Chile/RM-144547/2021|EPI_ISL_4652610|2021-08-29
hCoV-19/Chile/RM-144554/2021|EPI_ISL_4652592|2021-08-28
hCoV-19/Chile/RM-145030/2021|EPI_ISL_4635573|2021-08-29
hCoV-19/Chile/RM-145735/2021|EPI_ISL_4632283|2021-08-30
hCoV-19/Chile/RM-145854/2021|EPI_ISL_4632230|2021-08-30
hCoV-19/Chile/RM-148228/2021|EPI_ISL_4636596|2021-09-06
hCoV-19/Chile/RM-149655/2021|EPI_ISL_4632011|2021-09-06
hCoV-19/Chile/RM-150320/2021|EPI_ISL_4659640|2021-09-06
hCoV-19/Chile/RM-150713/2021|EPI_ISL_4655246|2021-09-10
hCoV-19/Chile/RM-152252/2021|EPI_ISL_4654351|2021-09-09
hCoV-19/Chile/RM-152457/2021|EPI_ISL_4704521|2021-09-13
hCoV-19/Chile/RM-152512/2021|EPI_ISL_4704398|2021-09-14
hCoV-19/Chile/RM-153613/2021|EPI_ISL_5010788|2021-09-18
hCoV-19/Chile/RM-154244/2021|EPI_ISL_4656360|2021-09-14
hCoV-19/Chile/RM-154335/2021|EPI_ISL_4656234|2021-09-18
hCoV-19/Chile/RM-155548/2021|EPI_ISL_5010850|2021-09-20
hCoV-19/Chile/RM-156459/2021|EPI_ISL_12144506|2021-09-23
hCoV-19/Chile/RM-157252/2021|EPI_ISL_12144530|2021-09-23
hCoV-19/Chile/RM-157253/2021|EPI_ISL_12144531|2021-09-24
hCoV-19/Chile/RM-157255/2021|EPI_ISL_12144532|2021-09-24
hCoV-19/Chile/RM-157256/2021|EPI_ISL_5431543|2021-09-24
hCoV-19/Chile/RM-157259/2021|EPI_ISL_5431544|2021-09-24
hCoV-19/Chile/RM-157263/2021|EPI_ISL_5431546|2021-09-24
hCoV-19/Chile/RM-157264/2021|EPI_ISL_5431547|2021-09-24
hCoV-19/Chile/RM-161068/2021|EPI_ISL_5431554|2021-10-03
