hCoV-19/Chile/AR-139377/2021|EPI_ISL_3982392|2021-08-11
hCoV-19/Chile/AT-116100/2021|EPI_ISL_2892685|2021-06-21
hCoV-19/Chile/AT-89623/2021|EPI_ISL_2391209|2021-05-02
hCoV-19/Chile/BI-115951/2021|EPI_ISL_2892724|2021-06-21
hCoV-19/Chile/BI-127636/2021|EPI_ISL_3262676|2021-07-17
hCoV-19/Chile/BI-130632/2021|EPI_ISL_3368419|2021-07-26
hCoV-19/Chile/BI-133774/2021|EPI_ISL_3537162|2021-08-01
hCoV-19/Chile/BI-134640/2021|EPI_ISL_3537327|2021-08-02
hCoV-19/Chile/BI-135369/2021|EPI_ISL_3537305|2021-08-03
hCoV-19/Chile/BI-135372/2021|EPI_ISL_3537306|2021-08-03
hCoV-19/Chile/BI-137628/2021|EPI_ISL_3987871|2021-08-09
hCoV-19/Chile/BI-137629/2021|EPI_ISL_3987872|2021-08-09
hCoV-19/Chile/BI-137630/2021|EPI_ISL_3987873|2021-08-09
hCoV-19/Chile/BI-139729/2021|EPI_ISL_3988275|2021-08-14
hCoV-19/Chile/BI-139735/2021|EPI_ISL_3988278|2021-08-13
hCoV-19/Chile/BI-139736/2021|EPI_ISL_3988279|2021-08-13
hCoV-19/Chile/BI-139738/2021|EPI_ISL_3988280|2021-08-13
hCoV-19/Chile/BI-139919/2021|EPI_ISL_4005164|2021-08-15
hCoV-19/Chile/BI-139924/2021|EPI_ISL_4005168|2021-08-15
hCoV-19/Chile/BI-139925/2021|EPI_ISL_4005169|2021-08-15
hCoV-19/Chile/BI-139926/2021|EPI_ISL_4005170|2021-08-15
hCoV-19/Chile/BI-140697/2021|EPI_ISL_4630511|2021-08-16
hCoV-19/Chile/BI-140698/2021|EPI_ISL_4630507|2021-08-16
hCoV-19/Chile/BI-141015/2021|EPI_ISL_4630508|2021-08-16
hCoV-19/Chile/BI-141016/2021|EPI_ISL_4630509|2021-08-16
hCoV-19/Chile/BI-142056/2021|EPI_ISL_4631953|2021-08-21
hCoV-19/Chile/BI-142072/2021|EPI_ISL_4631962|2021-08-20
hCoV-19/Chile/BI-142077/2021|EPI_ISL_4631966|2021-08-20
hCoV-19/Chile/BI-142582/2021|EPI_ISL_4632410|2021-08-22
hCoV-19/Chile/BI-142584/2021|EPI_ISL_4632411|2021-08-22
hCoV-19/Chile/BI-142585/2021|EPI_ISL_4632412|2021-08-22
hCoV-19/Chile/BI-143033/2021|EPI_ISL_4635797|2021-08-23
hCoV-19/Chile/BI-145508/2021|EPI_ISL_4636045|2021-08-30
hCoV-19/Chile/BI-145513/2021|EPI_ISL_4636049|2021-08-30
hCoV-19/Chile/BI-145517/2021|EPI_ISL_4636053|2021-08-30
hCoV-19/Chile/BI-147052/2021|EPI_ISL_4632475|2021-09-01
hCoV-19/Chile/BI-147993/2021|EPI_ISL_4636567|2021-09-04
hCoV-19/Chile/BI-147994/2021|EPI_ISL_4636568|2021-09-04
hCoV-19/Chile/BI-147995/2021|EPI_ISL_4636569|2021-09-04
hCoV-19/Chile/BI-147996/2021|EPI_ISL_4636570|2021-09-04
hCoV-19/Chile/BI-147998/2021|EPI_ISL_4636571|2021-09-04
hCoV-19/Chile/BI-148859/2021|EPI_ISL_4653008|2021-09-03
hCoV-19/Chile/BI-148982/2021|EPI_ISL_4658075|2021-09-05
hCoV-19/Chile/BI-148983/2021|EPI_ISL_4658080|2021-09-05
hCoV-19/Chile/BI-149369/2021|EPI_ISL_4658071|2021-09-02
hCoV-19/Chile/BI-149442/2021|EPI_ISL_4659734|2021-09-06
hCoV-19/Chile/BI-149445/2021|EPI_ISL_4659747|2021-09-06
hCoV-19/Chile/BI-149446/2021|EPI_ISL_4659748|2021-09-06
hCoV-19/Chile/BI-150237/2021|EPI_ISL_4655149|2021-09-07
hCoV-19/Chile/BI-150241/2021|EPI_ISL_4655159|2021-09-08
hCoV-19/Chile/BI-150244/2021|EPI_ISL_4655161|2021-09-08
hCoV-19/Chile/BI-150245/2021|EPI_ISL_4655162|2021-09-08
hCoV-19/Chile/BI-150246/2021|EPI_ISL_4655150|2021-09-07
hCoV-19/Chile/BI-150248/2021|EPI_ISL_4655158|2021-09-07
hCoV-19/Chile/BI-150250/2021|EPI_ISL_4655172|2021-09-08
hCoV-19/Chile/BI-151837/2021|EPI_ISL_4654050|2021-09-12
hCoV-19/Chile/BI-151838/2021|EPI_ISL_4654042|2021-09-12
hCoV-19/Chile/BI-152016/2021|EPI_ISL_4654064|2021-09-10
hCoV-19/Chile/BI-152017/2021|EPI_ISL_4654026|2021-09-10
hCoV-19/Chile/BI-152018/2021|EPI_ISL_4654036|2021-09-11
hCoV-19/Chile/BI-152021/2021|EPI_ISL_4654043|2021-09-11
hCoV-19/Chile/BI-152515/2021|EPI_ISL_4704333|2021-09-13
hCoV-19/Chile/BI-155325/2021|EPI_ISL_5010826|2021-09-20
hCoV-19/Chile/BI-155991/2021|EPI_ISL_5431383|2021-09-21
hCoV-19/Chile/BI-155992/2021|EPI_ISL_5431384|2021-09-21
hCoV-19/Chile/BI-155997/2021|EPI_ISL_5431368|2021-09-20
hCoV-19/Chile/BI-157738/2021|EPI_ISL_5431388|2021-09-23
hCoV-19/Chile/BI-158573/2021|EPI_ISL_5544329|2021-09-27
hCoV-19/Chile/LI-115265/2021|EPI_ISL_2892855|2021-06-21
hCoV-19/Chile/LI-117731/2021|EPI_ISL_2894948|2021-06-28
hCoV-19/Chile/ML-88231/2021|EPI_ISL_2391141|2021-05-03
hCoV-19/Chile/NA-135365/2021|EPI_ISL_3537304|2021-08-02
hCoV-19/Chile/NB-140678/2021|EPI_ISL_4632683|2021-08-16
hCoV-19/Chile/RM-111637/2021|EPI_ISL_2892903|2021-06-13
hCoV-19/Chile/RM-115355/2021|EPI_ISL_2892911|2021-06-20
hCoV-19/Chile/RM-117823/2021|EPI_ISL_12144474|2021-06-29
hCoV-19/Chile/RM-120580/2021|EPI_ISL_3185526|2021-07-05
hCoV-19/Chile/RM-128461/2021|EPI_ISL_3262713|2021-07-20
hCoV-19/Chile/RM-142806/2021|EPI_ISL_4632435|2021-08-24
hCoV-19/Chile/RM-88696/2021|EPI_ISL_2391172|2021-05-04
