hCoV-19/Chile/AN-136293/2021|EPI_ISL_3987641|2021-08-08
hCoV-19/Chile/AR-140651/2021|EPI_ISL_4632610|2021-08-17
hCoV-19/Chile/AR-146370/2021|EPI_ISL_4632308|2021-08-24
hCoV-19/Chile/AT-135558/2021|EPI_ISL_3982628|2021-08-01
hCoV-19/Chile/BI-137631/2021|EPI_ISL_3987874|2021-08-08
hCoV-19/Chile/BI-137634/2021|EPI_ISL_3987877|2021-08-09
hCoV-19/Chile/BI-137635/2021|EPI_ISL_3987878|2021-08-09
hCoV-19/Chile/BI-138314/2021|EPI_ISL_4005007|2021-08-09
hCoV-19/Chile/BI-138319/2021|EPI_ISL_4005006|2021-08-09
hCoV-19/Chile/BI-139920/2021|EPI_ISL_4005193|2021-08-15
hCoV-19/Chile/BI-140700/2021|EPI_ISL_4630484|2021-08-16
hCoV-19/Chile/BI-140701/2021|EPI_ISL_4630482|2021-08-16
hCoV-19/Chile/BI-141013/2021|EPI_ISL_4630485|2021-08-17
hCoV-19/Chile/BI-143035/2021|EPI_ISL_4635799|2021-08-23
hCoV-19/Chile/BI-143038/2021|EPI_ISL_4635802|2021-08-23
hCoV-19/Chile/BI-145034/2021|EPI_ISL_4635575|2021-08-27
hCoV-19/Chile/BI-145189/2021|EPI_ISL_4635596|2021-08-24
hCoV-19/Chile/BI-145491/2021|EPI_ISL_4636030|2021-08-30
hCoV-19/Chile/BI-145492/2021|EPI_ISL_4636031|2021-08-30
hCoV-19/Chile/BI-147990/2021|EPI_ISL_4636564|2021-09-03
hCoV-19/Chile/BI-151305/2021|EPI_ISL_4636538|2021-09-08
hCoV-19/Chile/BI-152628/2021|EPI_ISL_4658469|2021-09-13
hCoV-19/Chile/BI-153774/2021|EPI_ISL_5010801|2021-09-17
hCoV-19/Chile/BI-154704/2021|EPI_ISL_5411131|2021-09-19
hCoV-19/Chile/BI-156019/2021|EPI_ISL_5431337|2021-09-21
hCoV-19/Chile/BI-158560/2021|EPI_ISL_5544328|2021-09-26
hCoV-19/Chile/BI-158561/2021|EPI_ISL_5544315|2021-09-26
hCoV-19/Chile/CO-156676/2021|EPI_ISL_5431392|2021-09-23
hCoV-19/Chile/LI-118556/2021|EPI_ISL_12144416|2021-06-28
hCoV-19/Chile/LI-120635/2021|EPI_ISL_3185452|2021-07-02
hCoV-19/Chile/LI-135190/2021|EPI_ISL_12014863|2021-08-03
hCoV-19/Chile/LI-145371/2021|EPI_ISL_4636017|2021-08-27
hCoV-19/Chile/LI-145374/2021|EPI_ISL_4636020|2021-08-28
hCoV-19/Chile/LI-146075/2021|EPI_ISL_4632315|2021-08-30
hCoV-19/Chile/LI-146076/2021|EPI_ISL_4632316|2021-08-29
hCoV-19/Chile/LI-146979/2021|EPI_ISL_4632480|2021-08-31
hCoV-19/Chile/LI-146987/2021|EPI_ISL_4632482|2021-08-31
hCoV-19/Chile/LI-147313/2021|EPI_ISL_4632861|2021-08-31
hCoV-19/Chile/LI-147319/2021|EPI_ISL_4632860|2021-09-02
hCoV-19/Chile/LI-147957/2021|EPI_ISL_4636558|2021-09-02
hCoV-19/Chile/LI-149329/2021|EPI_ISL_4658040|2021-09-06
hCoV-19/Chile/LI-149330/2021|EPI_ISL_4658045|2021-09-06
hCoV-19/Chile/LI-149331/2021|EPI_ISL_4659820|2021-09-06
hCoV-19/Chile/LI-151181/2021|EPI_ISL_4636497|2021-09-12
hCoV-19/Chile/LI-151182/2021|EPI_ISL_4636498|2021-09-12
hCoV-19/Chile/LI-151183/2021|EPI_ISL_4636499|2021-09-09
hCoV-19/Chile/LI-151184/2021|EPI_ISL_4636500|2021-09-08
hCoV-19/Chile/LI-156708/2021|EPI_ISL_5431465|2021-09-24
hCoV-19/Chile/LI-158220/2021|EPI_ISL_5544225|2021-09-27
hCoV-19/Chile/LI-158221/2021|EPI_ISL_5544279|2021-09-27
hCoV-19/Chile/LL-134668/2021|EPI_ISL_4005218|2021-08-01
hCoV-19/Chile/LL-147248/2021|EPI_ISL_4632544|2021-08-25
hCoV-19/Chile/LL-157412/2021|EPI_ISL_5431416|2021-09-23
hCoV-19/Chile/LR-137637/2021|EPI_ISL_3987880|2021-08-07
hCoV-19/Chile/LR-145806/2021|EPI_ISL_4632246|2021-08-27
hCoV-19/Chile/LR-147148/2021|EPI_ISL_4632536|2021-08-30
hCoV-19/Chile/LR-147149/2021|EPI_ISL_4632550|2021-08-30
hCoV-19/Chile/LR-147150/2021|EPI_ISL_4632548|2021-08-30
hCoV-19/Chile/LR-150288/2021|EPI_ISL_4655099|2021-09-07
hCoV-19/Chile/ML-142606/2021|EPI_ISL_4632417|2021-08-23
hCoV-19/Chile/ML-142608/2021|EPI_ISL_4632419|2021-08-23
hCoV-19/Chile/ML-157188/2021|EPI_ISL_5431400|2021-09-25
hCoV-19/Chile/ML-91519/2021|EPI_ISL_12144462|2021-05-10
hCoV-19/Chile/NB-134864/2021|EPI_ISL_4005192|2021-08-02
hCoV-19/Chile/NB-135493/2021|EPI_ISL_12014865|2021-08-04
hCoV-19/Chile/NB-144988/2021|EPI_ISL_4635559|2021-08-27
hCoV-19/Chile/NB-145871/2021|EPI_ISL_4632250|2021-08-30
hCoV-19/Chile/NB-146359/2021|EPI_ISL_4632312|2021-08-31
hCoV-19/Chile/NB-147173/2021|EPI_ISL_4632543|2021-08-31
hCoV-19/Chile/NB-147174/2021|EPI_ISL_4632537|2021-08-31
hCoV-19/Chile/NB-147175/2021|EPI_ISL_4632551|2021-08-31
hCoV-19/Chile/NB-147176/2021|EPI_ISL_4632546|2021-08-31
hCoV-19/Chile/NB-147441/2021|EPI_ISL_4632851|2021-09-01
hCoV-19/Chile/NB-147442/2021|EPI_ISL_4632852|2021-09-01
hCoV-19/Chile/NB-147443/2021|EPI_ISL_4632818|2021-08-31
hCoV-19/Chile/NB-149614/2021|EPI_ISL_4632057|2021-09-06
hCoV-19/Chile/NB-149616/2021|EPI_ISL_4632060|2021-09-05
hCoV-19/Chile/NB-150300/2021|EPI_ISL_4655230|2021-09-07
hCoV-19/Chile/NB-150301/2021|EPI_ISL_4655092|2021-09-07
hCoV-19/Chile/NB-150630/2021|EPI_ISL_4659687|2021-09-07
hCoV-19/Chile/NB-151494/2021|EPI_ISL_4655586|2021-09-10
hCoV-19/Chile/NB-152687/2021|EPI_ISL_4658510|2021-09-11
hCoV-19/Chile/NB-154183/2021|EPI_ISL_5010712|2021-09-17
hCoV-19/Chile/NB-158811/2021|EPI_ISL_5421798|2021-09-23
hCoV-19/Chile/RM-104956/2021|EPI_ISL_12144464|2021-06-01
hCoV-19/Chile/RM-121267/2021|EPI_ISL_11992224|2021-07-06
hCoV-19/Chile/RM-121649/2021|EPI_ISL_12144477|2021-07-05
hCoV-19/Chile/RM-124070/2021|EPI_ISL_3185623|2021-07-11
hCoV-19/Chile/RM-124085/2021|EPI_ISL_11992231|2021-07-12
hCoV-19/Chile/RM-132970/2021|EPI_ISL_11976090|2021-08-02
hCoV-19/Chile/RM-133444/2021|EPI_ISL_3988223|2021-08-03
hCoV-19/Chile/RM-134681/2021|EPI_ISL_3988227|2021-08-04
hCoV-19/Chile/RM-136387/2021|EPI_ISL_3988236|2021-08-09
hCoV-19/Chile/RM-137877/2021|EPI_ISL_3987905|2021-08-11
hCoV-19/Chile/RM-139465/2021|EPI_ISL_3982402|2021-08-14
hCoV-19/Chile/RM-139640/2021|EPI_ISL_3982426|2021-08-16
hCoV-19/Chile/RM-140033/2021|EPI_ISL_4635748|2021-08-16
hCoV-19/Chile/RM-140183/2021|EPI_ISL_4005191|2021-08-16
hCoV-19/Chile/RM-140973/2021|EPI_ISL_4630488|2021-08-18
hCoV-19/Chile/RM-141437/2021|EPI_ISL_12144482|2021-08-19
hCoV-19/Chile/RM-141447/2021|EPI_ISL_4635755|2021-08-20
hCoV-19/Chile/RM-141588/2021|EPI_ISL_4635758|2021-08-21
hCoV-19/Chile/RM-141721/2021|EPI_ISL_4635761|2021-08-22
hCoV-19/Chile/RM-141775/2021|EPI_ISL_4635762|2021-08-22
hCoV-19/Chile/RM-141863/2021|EPI_ISL_4631686|2021-08-21
hCoV-19/Chile/RM-141942/2021|EPI_ISL_4635764|2021-08-23
hCoV-19/Chile/RM-142375/2021|EPI_ISL_4632389|2021-08-23
hCoV-19/Chile/RM-142617/2021|EPI_ISL_4632422|2021-08-22
hCoV-19/Chile/RM-142618/2021|EPI_ISL_4632423|2021-08-24
hCoV-19/Chile/RM-142620/2021|EPI_ISL_4632424|2021-08-23
hCoV-19/Chile/RM-142623/2021|EPI_ISL_4636000|2021-08-24
hCoV-19/Chile/RM-142656/2021|EPI_ISL_4636002|2021-08-24
hCoV-19/Chile/RM-143343/2021|EPI_ISL_4649136|2021-08-25
hCoV-19/Chile/RM-143564/2021|EPI_ISL_4649312|2021-08-25
hCoV-19/Chile/RM-143697/2021|EPI_ISL_4636006|2021-08-26
hCoV-19/Chile/RM-143814/2021|EPI_ISL_4635484|2021-08-25
hCoV-19/Chile/RM-143848/2021|EPI_ISL_4635490|2021-08-25
hCoV-19/Chile/RM-143930/2021|EPI_ISL_4636008|2021-08-27
hCoV-19/Chile/RM-143959/2021|EPI_ISL_4635505|2021-08-26
hCoV-19/Chile/RM-143960/2021|EPI_ISL_4635506|2021-08-26
hCoV-19/Chile/RM-144231/2021|EPI_ISL_4652792|2021-08-27
hCoV-19/Chile/RM-144232/2021|EPI_ISL_4652809|2021-08-26
hCoV-19/Chile/RM-144430/2021|EPI_ISL_4652663|2021-08-28
hCoV-19/Chile/RM-144432/2021|EPI_ISL_4652670|2021-08-28
hCoV-19/Chile/RM-144645/2021|EPI_ISL_4652761|2021-08-27
hCoV-19/Chile/RM-144863/2021|EPI_ISL_4652660|2021-08-29
hCoV-19/Chile/RM-145725/2021|EPI_ISL_4632252|2021-08-30
hCoV-19/Chile/RM-145727/2021|EPI_ISL_4632247|2021-08-30
hCoV-19/Chile/RM-145733/2021|EPI_ISL_4632275|2021-08-30
hCoV-19/Chile/RM-145734/2021|EPI_ISL_4632248|2021-08-30
hCoV-19/Chile/RM-145848/2021|EPI_ISL_4632238|2021-08-30
hCoV-19/Chile/RM-145889/2021|EPI_ISL_4632244|2021-08-30
hCoV-19/Chile/RM-146127/2021|EPI_ISL_4632318|2021-08-31
hCoV-19/Chile/RM-146132/2021|EPI_ISL_4632311|2021-08-31
hCoV-19/Chile/RM-146138/2021|EPI_ISL_4632314|2021-08-31
hCoV-19/Chile/RM-146139/2021|EPI_ISL_4632309|2021-08-31
hCoV-19/Chile/RM-146141/2021|EPI_ISL_4632352|2021-08-31
hCoV-19/Chile/RM-146489/2021|EPI_ISL_4632485|2021-09-01
hCoV-19/Chile/RM-146682/2021|EPI_ISL_4636544|2021-09-02
hCoV-19/Chile/RM-147029/2021|EPI_ISL_4632440|2021-08-30
hCoV-19/Chile/RM-147032/2021|EPI_ISL_4632483|2021-08-31
hCoV-19/Chile/RM-147473/2021|EPI_ISL_4632864|2021-09-03
hCoV-19/Chile/RM-147530/2021|EPI_ISL_4632879|2021-09-03
hCoV-19/Chile/RM-147787/2021|EPI_ISL_4636120|2021-09-04
hCoV-19/Chile/RM-148045/2021|EPI_ISL_4655575|2021-09-06
hCoV-19/Chile/RM-148139/2021|EPI_ISL_4655558|2021-09-06
hCoV-19/Chile/RM-148709/2021|EPI_ISL_4655547|2021-09-07
hCoV-19/Chile/RM-148911/2021|EPI_ISL_4652906|2021-09-06
hCoV-19/Chile/RM-148912/2021|EPI_ISL_4652912|2021-09-06
hCoV-19/Chile/RM-148915/2021|EPI_ISL_4652913|2021-09-06
hCoV-19/Chile/RM-148917/2021|EPI_ISL_4652923|2021-09-06
hCoV-19/Chile/RM-148919/2021|EPI_ISL_4652924|2021-09-06
hCoV-19/Chile/RM-149296/2021|EPI_ISL_4658060|2021-09-06
hCoV-19/Chile/RM-149383/2021|EPI_ISL_4659708|2021-09-07
hCoV-19/Chile/RM-149619/2021|EPI_ISL_4632058|2021-09-06
hCoV-19/Chile/RM-150055/2021|EPI_ISL_4655200|2021-09-07
hCoV-19/Chile/RM-150070/2021|EPI_ISL_4655112|2021-09-08
hCoV-19/Chile/RM-150292/2021|EPI_ISL_4655113|2021-09-09
hCoV-19/Chile/RM-150518/2021|EPI_ISL_4659677|2021-09-09
hCoV-19/Chile/RM-150710/2021|EPI_ISL_4655221|2021-09-09
hCoV-19/Chile/RM-150712/2021|EPI_ISL_4655098|2021-09-09
hCoV-19/Chile/RM-150858/2021|EPI_ISL_4636461|2021-09-11
hCoV-19/Chile/RM-150862/2021|EPI_ISL_4636464|2021-09-11
hCoV-19/Chile/RM-150970/2021|EPI_ISL_4655486|2021-09-12
hCoV-19/Chile/RM-150974/2021|EPI_ISL_4655557|2021-09-12
hCoV-19/Chile/RM-151092/2021|EPI_ISL_4636492|2021-09-07
hCoV-19/Chile/RM-151374/2021|EPI_ISL_4655566|2021-09-13
hCoV-19/Chile/RM-151422/2021|EPI_ISL_4655498|2021-09-11
hCoV-19/Chile/RM-151501/2021|EPI_ISL_4655585|2021-09-10
hCoV-19/Chile/RM-151622/2021|EPI_ISL_5011027|2021-09-13
hCoV-19/Chile/RM-151846/2021|EPI_ISL_4654077|2021-09-13
hCoV-19/Chile/RM-151950/2021|EPI_ISL_5011033|2021-09-14
hCoV-19/Chile/RM-152204/2021|EPI_ISL_4655601|2021-09-12
hCoV-19/Chile/RM-152309/2021|EPI_ISL_4654308|2021-09-13
hCoV-19/Chile/RM-152518/2021|EPI_ISL_4704544|2021-09-14
hCoV-19/Chile/RM-152522/2021|EPI_ISL_4704405|2021-09-14
hCoV-19/Chile/RM-152634/2021|EPI_ISL_4658477|2021-09-14
hCoV-19/Chile/RM-153220/2021|EPI_ISL_5011068|2021-09-19
hCoV-19/Chile/RM-153349/2021|EPI_ISL_12144488|2021-09-19
hCoV-19/Chile/RM-153355/2021|EPI_ISL_4658481|2021-09-18
hCoV-19/Chile/RM-153359/2021|EPI_ISL_4658519|2021-09-16
hCoV-19/Chile/RM-153361/2021|EPI_ISL_4658492|2021-09-16
hCoV-19/Chile/RM-153362/2021|EPI_ISL_4658511|2021-09-16
hCoV-19/Chile/RM-153508/2021|EPI_ISL_5010775|2021-09-15
hCoV-19/Chile/RM-153685/2021|EPI_ISL_5010792|2021-09-19
hCoV-19/Chile/RM-154299/2021|EPI_ISL_4656289|2021-09-19
hCoV-19/Chile/RM-154753/2021|EPI_ISL_5411135|2021-09-20
hCoV-19/Chile/RM-155638/2021|EPI_ISL_5431504|2021-09-20
hCoV-19/Chile/RM-156136/2021|EPI_ISL_5411272|2021-09-22
hCoV-19/Chile/RM-156462/2021|EPI_ISL_12144508|2021-09-23
hCoV-19/Chile/RM-156464/2021|EPI_ISL_5011765|2021-09-23
hCoV-19/Chile/RM-156465/2021|EPI_ISL_12144510|2021-09-23
hCoV-19/Chile/RM-156877/2021|EPI_ISL_5411210|2021-09-24
hCoV-19/Chile/RM-156987/2021|EPI_ISL_5411229|2021-09-23
hCoV-19/Chile/RM-156989/2021|EPI_ISL_5411230|2021-09-23
hCoV-19/Chile/RM-156998/2021|EPI_ISL_5411238|2021-09-23
hCoV-19/Chile/RM-157193/2021|EPI_ISL_5431509|2021-09-21
hCoV-19/Chile/RM-157228/2021|EPI_ISL_12144515|2021-09-24
hCoV-19/Chile/RM-157787/2021|EPI_ISL_5431520|2021-09-26
hCoV-19/Chile/RM-158960/2021|EPI_ISL_5411174|2021-09-29
hCoV-19/Chile/TA-136292/2021|EPI_ISL_3987636|2021-08-06
hCoV-19/Chile/TA-152741/2021|EPI_ISL_4658491|2021-09-13
hCoV-19/Chile/TA-154957/2021|EPI_ISL_5011136|2021-09-18
hCoV-19/Chile/TA-156304/2021|EPI_ISL_5411314|2021-09-21
hCoV-19/Chile/VS-141888/2021|EPI_ISL_4631706|2021-08-22
hCoV-19/Chile/VS-144620/2021|EPI_ISL_4652783|2021-08-28
hCoV-19/Chile/VS-144621/2021|EPI_ISL_4652693|2021-08-28
hCoV-19/Chile/VS-145773/2021|EPI_ISL_4632293|2021-08-28
hCoV-19/Chile/VS-145774/2021|EPI_ISL_4632285|2021-08-30
hCoV-19/Chile/VS-145778/2021|EPI_ISL_4632284|2021-08-30
hCoV-19/Chile/VS-151102/2021|EPI_ISL_4636493|2021-09-10
hCoV-19/Chile/VS-152855/2021|EPI_ISL_4655970|2021-09-13
hCoV-19/Chile/VS-155592/2021|EPI_ISL_12144603|2021-09-21
