tree	lineage	ntaxa	tmrca	ptmrca	source	first_seen	last_seen	taxa
0	0	1	0.4136979999999999	0.45196199999999986	non-Chile	0.4136979999999999	0.4136979999999999	hCoV-19/Chile/RM-94374/2021|EPI_ISL_12145283|2021-05-14
0	1	1	0.5178079999999998	0.5313599999999998	non-Chile	0.5178079999999998	0.5178079999999998	hCoV-19/Chile/RM-72617/2021|EPI_ISL_2009197|2021-04-06
0	2	2	0.5218979999999999	0.5301639999999999	non-Chile	0.5205479999999998	0.5205479999999998	hCoV-19/Chile/LL-75150/2021|EPI_ISL_1633395|2021-04-05; hCoV-19/Chile/LL-75151/2021|EPI_ISL_1633397|2021-04-05
0	3	13	0.6005369999999999	0.6049719999999998	non-Chile	0.5835609999999998	0.09315099999999976	hCoV-19/Chile/RM-67031/2021|EPI_ISL_1633412|2021-03-29; hCoV-19/Chile/RM-51558/2021|EPI_ISL_1470495|2021-03-13; hCoV-19/Chile/RM-106722/2021|EPI_ISL_2756076|2021-06-07; hCoV-19/Chile/BI-151308/2021|EPI_ISL_4636541|2021-09-08; hCoV-19/Chile/RM-107093/2021|EPI_ISL_2756312|2021-06-07; hCoV-19/Chile/RM-83423/2021|EPI_ISL_2391008|2021-04-23; hCoV-19/Chile/VS-141399/2021|EPI_ISL_12144600|2021-08-18; hCoV-19/Chile/LI-111091/2021|EPI_ISL_2756154|2021-06-13; hCoV-19/Chile/LI-100621/2021|EPI_ISL_2543666|2021-05-24; hCoV-19/Chile/LI-103846/2021|EPI_ISL_2663602|2021-05-31; hCoV-19/Chile/LI-118557/2021|EPI_ISL_2896185|2021-06-28; hCoV-19/Chile/VS-118308/2021|EPI_ISL_2896190|2021-06-27; hCoV-19/Chile/LI-109281/2021|EPI_ISL_2756090|2021-06-08
0	4	1	0.5780819999999999	0.6255919999999999	non-Chile	0.5780819999999999	0.5780819999999999	hCoV-19/Chile/LL-55656/2021|EPI_ISL_1470434|2021-03-15
0	5	1	0.30684699999999976	0.3108359999999998	non-Chile	0.30684699999999976	0.30684699999999976	hCoV-19/Chile/AN-119321/2021|EPI_ISL_3132637|2021-06-22
0	6	2	0.5134209999999997	0.5324019999999998	non-Chile	0.5013679999999997	0.4958889999999997	hCoV-19/Chile/LL-79370/2021|EPI_ISL_2009275|2021-04-14; hCoV-19/Chile/RM-79466/2021|EPI_ISL_2009294|2021-04-12
0	7	1	0.5315049999999998	0.5320189999999998	non-Chile	0.5315049999999998	0.5315049999999998	hCoV-19/Chile/LR-74370/2021|EPI_ISL_1633370|2021-04-01
0	8	3	0.5076849999999998	0.5991179999999998	non-Chile	0.46575299999999986	0.26849299999999987	hCoV-19/Chile/RM-121658/2021|EPI_ISL_3358564|2021-07-06; hCoV-19/Chile/RM-85145/2021|EPI_ISL_2009580|2021-04-25; hCoV-19/Chile/ML-114654/2021|EPI_ISL_2892787|2021-06-20
0	9	1	0.6438349999999998	0.7836509999999998	non-Chile	0.6438349999999998	0.6438349999999998	hCoV-19/Chile/CO-36319/2021|EPI_ISL_1321474|2021-02-19
0	10	1	0.7232869999999998	0.7813719999999997	non-Chile	0.7232869999999998	0.7232869999999998	hCoV-19/Chile/VS-19720/2021|EPI_ISL_2391363|2021-01-21
0	11	4	0.4631599999999998	0.7801739999999998	non-Chile	0.4630129999999998	0.4054789999999998	hCoV-19/Chile/AP-85684/2021|EPI_ISL_2391038|2021-04-26; hCoV-19/Chile/AN-95702/2021|EPI_ISL_2543567|2021-05-17; hCoV-19/Chile/TA-92607/2021|EPI_ISL_2391343|2021-05-10; hCoV-19/Chile/TA-89801/2021|EPI_ISL_2391257|2021-05-03
0	12	1	0.4712329999999998	0.4836799999999998	non-Chile	0.4712329999999998	0.4712329999999998	hCoV-19/Chile/RM-83264/2021|EPI_ISL_2391386|2021-04-23
0	13	1	0.35616599999999976	0.7293289999999998	non-Chile	0.35616599999999976	0.35616599999999976	hCoV-19/Chile/RM-105575/2021|EPI_ISL_2659197|2021-06-04
0	14	12	0.6886449999999997	0.6890679999999998	non-Chile	0.6328779999999998	0.3095909999999997	hCoV-19/Chile/LI-115263/2021|EPI_ISL_2892861|2021-06-21; hCoV-19/Chile/NB-109088/2021|EPI_ISL_2756250|2021-06-05; hCoV-19/Chile/RM-44936/2021|EPI_ISL_1321486|2021-03-05; hCoV-19/Chile/RM-68798/2021|EPI_ISL_1534600|2021-03-30; hCoV-19/Chile/RM-46113/2021|EPI_ISL_1321452|2021-03-07; hCoV-19/Chile/RM-50164/2021|EPI_ISL_2391369|2021-03-10; hCoV-19/Chile/LR-86416/2021|EPI_ISL_2391059|2021-04-27; hCoV-19/Chile/LR-101020/2021|EPI_ISL_2557273|2021-05-24; hCoV-19/Chile/RM-67019/2021|EPI_ISL_1633411|2021-03-28; hCoV-19/Chile/RM-38165/2021|EPI_ISL_1321478|2021-02-23; hCoV-19/Chile/RM-40883/2021|EPI_ISL_1321481|2021-02-28; hCoV-19/Chile/RM-71131/2021|EPI_ISL_1633520|2021-04-05
0	15	1	0.5397279999999999	0.5592979999999999	non-Chile	0.5397279999999999	0.5397279999999999	hCoV-19/Chile/AR-72038/2021|EPI_ISL_1541020|2021-03-29
0	16	6	0.5007869999999999	0.5545419999999999	non-Chile	0.47945499999999985	0.2876739999999999	hCoV-19/Chile/LR-83153/2021|EPI_ISL_2597294|2021-04-20; hCoV-19/Chile/LR-89686/2021|EPI_ISL_2391234|2021-05-03; hCoV-19/Chile/LR-93796/2021|EPI_ISL_12144445|2021-05-10; hCoV-19/Chile/LR-116641/2021|EPI_ISL_3220118|2021-06-19; hCoV-19/Chile/LR-101018/2021|EPI_ISL_2557271|2021-05-25; hCoV-19/Chile/AR-119582/2021|EPI_ISL_3144904|2021-06-29
0	17	1	0.5041109999999999	0.6013399999999999	non-Chile	0.5041109999999999	0.5041109999999999	hCoV-19/Chile/TA-77987/2021|EPI_ISL_1712356|2021-04-11
0	18	1	0.28767299999999985	0.3135699999999998	non-Chile	0.28767299999999985	0.28767299999999985	hCoV-19/Chile/AP-120452/2021|EPI_ISL_3185418|2021-06-29
0	19	1	0.4246589999999999	0.5868419999999999	non-Chile	0.4246589999999999	0.4246589999999999	hCoV-19/Chile/ML-91521/2021|EPI_ISL_2391308|2021-05-10
0	20	1	0.4328779999999999	0.5548299999999999	non-Chile	0.4328779999999999	0.4328779999999999	hCoV-19/Chile/RM-90844/2021|EPI_ISL_2391474|2021-05-07
0	21	1	0.31233	0.5809279999999999	non-Chile	0.31233	0.31233	hCoV-19/Chile/RM-114240/2021|EPI_ISL_2892928|2021-06-20
0	22	1	0.4931509999999999	0.566527	non-Chile	0.4931509999999999	0.4931509999999999	hCoV-19/Chile/LL-81861/2021|EPI_ISL_2009646|2021-04-15
0	23	3	0.436372	0.56396	non-Chile	0.43287699999999996	0.34246600000000005	hCoV-19/Chile/AI-93127/2021|EPI_ISL_12144294|2021-05-07; hCoV-19/Chile/RM-109009/2021|EPI_ISL_2756275|2021-06-09; hCoV-19/Chile/RM-109007/2021|EPI_ISL_12145245|2021-06-09
0	24	1	0.3123290000000001	0.563682	non-Chile	0.3123290000000001	0.3123290000000001	hCoV-19/Chile/AN-116083/2021|EPI_ISL_2892597|2021-06-20
0	25	1	0.48219199999999995	0.5628839999999999	non-Chile	0.48219199999999995	0.48219199999999995	hCoV-19/Chile/TA-81870/2021|EPI_ISL_2009650|2021-04-19
0	26	3	0.42409399999999997	0.562041	non-Chile	0.40273899999999996	0.36712199999999995	hCoV-19/Chile/AP-98118/2021|EPI_ISL_2543468|2021-05-18; hCoV-19/Chile/AP-104559/2021|EPI_ISL_2659121|2021-05-31; hCoV-19/Chile/AP-104574/2021|EPI_ISL_2659135|2021-05-31
0	27	1	0.556164	0.556209	non-Chile	0.556164	0.556164	hCoV-19/Chile/RM-61037/2021|EPI_ISL_1470519|2021-03-23
0	28	2	0.496557	0.550818	non-Chile	0.4876710000000001	0.48219200000000007	hCoV-19/Chile/RM-80721/2021|EPI_ISL_2009649|2021-04-17; hCoV-19/Chile/AN-82011/2021|EPI_ISL_2597259|2021-04-19
0	29	1	0.7260269999999998	0.7445569999999998	non-Chile	0.7260269999999998	0.7260269999999998	hCoV-19/Chile/RM-19105/2021|EPI_ISL_1321476|2021-01-20
0	30	1	0.4246559999999999	0.43896499999999994	non-Chile	0.4246559999999999	0.4246559999999999	hCoV-19/Chile/LR-93794/2021|EPI_ISL_2508580|2021-05-10
0	31	2	0.6198359999999998	0.6469839999999998	non-Chile	0.5999989999999998	0.22465599999999986	hCoV-19/Chile/RM-45924/2021|EPI_ISL_1321487|2021-03-07; hCoV-19/Chile/VS-129219/2021|EPI_ISL_3365096|2021-07-22
0	32	2	0.4599489999999997	0.5644049999999998	non-Chile	0.4438359999999997	0.2657539999999997	hCoV-19/Chile/RM-88258/2021|EPI_ISL_2391401|2021-05-03; hCoV-19/Chile/RM-121771/2021|EPI_ISL_3185491|2021-07-07
0	33	4	0.3097249999999998	0.5052779999999998	non-Chile	0.3095889999999998	0.13698699999999975	hCoV-19/Chile/BI-115967/2021|EPI_ISL_2892758|2021-06-21; hCoV-19/Chile/AI-133922/2021|EPI_ISL_3537183|2021-08-02; hCoV-19/Chile/BI-143034/2021|EPI_ISL_4635798|2021-08-23; hCoV-19/Chile/BI-143036/2021|EPI_ISL_4635800|2021-08-23
0	34	1	0.6493159999999998	0.6566359999999998	non-Chile	0.6493159999999998	0.6493159999999998	hCoV-19/Chile/RM-35725/2021|EPI_ISL_2391368|2021-02-17
0	35	2	0.5552559999999997	0.5686209999999997	non-Chile	0.5534259999999998	0.23835799999999963	hCoV-19/Chile/RM-126462/2021|EPI_ISL_3342041|2021-07-17; hCoV-19/Chile/CO-62196/2021|EPI_ISL_2391375|2021-03-24
0	36	1	0.4657549999999998	0.48254799999999975	non-Chile	0.4657549999999998	0.4657549999999998	hCoV-19/Chile/RM-85141/2021|EPI_ISL_2009582|2021-04-25
0	37	1	0.11780799999999969	0.20573299999999972	non-Chile	0.11780799999999969	0.11780799999999969	hCoV-19/Chile/RM-145890/2021|EPI_ISL_4632234|2021-08-30
0	38	1	0.43835699999999966	0.6042609999999997	non-Chile	0.43835699999999966	0.43835699999999966	hCoV-19/Chile/AI-90778/2021|EPI_ISL_2391469|2021-05-05
0	39	2	0.44951899999999967	0.5610839999999997	non-Chile	0.43835699999999966	0.33424799999999977	hCoV-19/Chile/VS-91072/2021|EPI_ISL_2391387|2021-05-05; hCoV-19/Chile/VS-112351/2021|EPI_ISL_2892962|2021-06-12
0	40	6	0.5893519999999997	0.6017999999999997	non-Chile	0.5890419999999996	0.2684939999999997	hCoV-19/Chile/RM-49624/2021|EPI_ISL_1321475|2021-03-11; hCoV-19/Chile/RM-96355/2021|EPI_ISL_2543498|2021-05-19; hCoV-19/Chile/RM-97478/2021|EPI_ISL_2543508|2021-05-21; hCoV-19/Chile/RM-121659/2021|EPI_ISL_11992226|2021-07-06; hCoV-19/Chile/RM-121662/2021|EPI_ISL_3358565|2021-07-06; hCoV-19/Chile/RM-80062/2021|EPI_ISL_2597250|2021-04-18
0	41	1	0.12602999999999964	0.2755569999999996	non-Chile	0.12602999999999964	0.12602999999999964	hCoV-19/Chile/NB-144989/2021|EPI_ISL_4635560|2021-08-27
0	42	14	0.3919899999999996	0.5872529999999996	non-Chile	0.38356399999999957	0.12054899999999957	hCoV-19/Chile/VS-100338/2021|EPI_ISL_2543629|2021-05-25; hCoV-19/Chile/AP-145519/2021|EPI_ISL_4636055|2021-08-27; hCoV-19/Chile/BI-121117/2021|EPI_ISL_3149131|2021-07-04; hCoV-19/Chile/BI-121124/2021|EPI_ISL_3149133|2021-07-04; hCoV-19/Chile/AP-116685/2021|EPI_ISL_2894909|2021-06-16; hCoV-19/Chile/AP-116561/2021|EPI_ISL_3220083|2021-06-22; hCoV-19/Chile/AP-116560/2021|EPI_ISL_3220081|2021-06-22; hCoV-19/Chile/VS-128478/2021|EPI_ISL_3262715|2021-07-19; hCoV-19/Chile/VS-143331/2021|EPI_ISL_4649252|2021-08-24; hCoV-19/Chile/VS-143329/2021|EPI_ISL_4649132|2021-08-24; hCoV-19/Chile/VS-145776/2021|EPI_ISL_4632289|2021-08-29; hCoV-19/Chile/VS-144617/2021|EPI_ISL_4652700|2021-08-28; hCoV-19/Chile/AN-135170/2021|EPI_ISL_3537358|2021-08-02; hCoV-19/Chile/AI-140653/2021|EPI_ISL_4632632|2021-08-16
0	43	5	0.5851319999999997	0.6081439999999996	non-Chile	0.5698649999999996	0.1561669999999996	hCoV-19/Chile/RM-57109/2021|EPI_ISL_1470509|2021-03-18; hCoV-19/Chile/VS-126721/2021|EPI_ISL_3368900|2021-07-17; hCoV-19/Chile/CO-113833/2021|EPI_ISL_2892775|2021-06-17; hCoV-19/Chile/LL-128400/2021|EPI_ISL_3262693|2021-07-18; hCoV-19/Chile/LR-140623/2021|EPI_ISL_4632657|2021-08-16
0	44	5	0.24872199999999967	0.5891839999999997	non-Chile	0.23287899999999973	0.07945399999999969	hCoV-19/Chile/RM-129733/2021|EPI_ISL_12144479|2021-07-23; hCoV-19/Chile/NB-127749/2021|EPI_ISL_3368813|2021-07-19; hCoV-19/Chile/BI-152638/2021|EPI_ISL_4658526|2021-09-13; hCoV-19/Chile/LI-139862/2021|EPI_ISL_3988295|2021-08-15; hCoV-19/Chile/LI-142019/2021|EPI_ISL_4631868|2021-08-21
0	45	1	0.22466099999999978	0.30659499999999973	non-Chile	0.22466099999999978	0.22466099999999978	hCoV-19/Chile/LI-129359/2021|EPI_ISL_3364919|2021-07-22
0	46	2	0.5591629999999996	0.5670889999999995	non-Chile	0.5589069999999996	0.5589069999999996	hCoV-19/Chile/AN-67459/2021|EPI_ISL_2391379|2021-03-22; hCoV-19/Chile/AN-67457/2021|EPI_ISL_1633413|2021-03-22
0	47	1	0.5205499999999996	0.5211609999999995	non-Chile	0.5205499999999996	0.5205499999999996	hCoV-19/Chile/RM-73743/2021|EPI_ISL_2391380|2021-04-05
0	48	1	0.2684939999999999	0.35428899999999985	non-Chile	0.2684939999999999	0.2684939999999999	hCoV-19/Chile/AP-123997/2021|EPI_ISL_3185604|2021-07-06
0	49	1	0.27397199999999977	0.3005129999999998	non-Chile	0.27397199999999977	0.27397199999999977	hCoV-19/Chile/VS-121048/2021|EPI_ISL_12145289|2021-07-04
0	50	1	0.24931599999999987	0.41369999999999985	non-Chile	0.24931599999999987	0.24931599999999987	hCoV-19/Chile/RM-125837/2021|EPI_ISL_3185779|2021-07-13
0	51	3	0.26229099999999983	0.32219699999999984	non-Chile	0.21369899999999986	0.21369899999999986	hCoV-19/Chile/LR-131404/2021|EPI_ISL_12012955|2021-07-26; hCoV-19/Chile/LR-131440/2021|EPI_ISL_3546395|2021-07-26; hCoV-19/Chile/LR-131396/2021|EPI_ISL_11976161|2021-07-26
0	52	1	0.23287899999999984	0.5061999999999998	non-Chile	0.23287899999999984	0.23287899999999984	hCoV-19/Chile/TA-128603/2021|EPI_ISL_3262720|2021-07-19
0	53	2	0.5401239999999998	0.5402679999999997	non-Chile	0.5397279999999998	0.5397279999999998	hCoV-19/Chile/MA-77140/2021|EPI_ISL_1712336|2021-03-29; hCoV-19/Chile/MA-77141/2021|EPI_ISL_1712337|2021-03-29
0	54	1	0.43835599999999986	0.5962749999999999	non-Chile	0.43835599999999986	0.43835599999999986	hCoV-19/Chile/AI-90771/2021|EPI_ISL_2391466|2021-05-05
0	55	2	0.4509859999999999	0.5929359999999999	non-Chile	0.43287699999999985	0.3041099999999999	hCoV-19/Chile/AI-93132/2021|EPI_ISL_2391360|2021-05-07; hCoV-19/Chile/AI-116961/2021|EPI_ISL_2892712|2021-06-23
0	56	4	0.5498689999999998	0.6754509999999998	non-Chile	0.5232879999999998	0.1616439999999999	hCoV-19/Chile/BI-72489/2021|EPI_ISL_1541068|2021-04-04; hCoV-19/Chile/AR-116749/2021|EPI_ISL_2892611|2021-06-23; hCoV-19/Chile/AR-137728/2021|EPI_ISL_3987900|2021-08-09; hCoV-19/Chile/AR-140642/2021|EPI_ISL_4632676|2021-08-14
0	57	1	0.5260269999999998	0.5447979999999999	non-Chile	0.5260269999999998	0.5260269999999998	hCoV-19/Chile/RM-73767/2021|EPI_ISL_1633547|2021-04-03
0	58	1	0.5863009999999999	0.5999569999999999	non-Chile	0.5863009999999999	0.5863009999999999	hCoV-19/Chile/VS-51122/2021|EPI_ISL_2391370|2021-03-12
0	59	1	0.4821909999999998	0.7823459999999999	non-Chile	0.4821909999999998	0.4821909999999998	hCoV-19/Chile/TA-81027/2021|EPI_ISL_2009651|2021-04-19
0	60	4	0.2506539999999998	0.7595969999999999	non-Chile	0.23287499999999983	0.23287499999999972	hCoV-19/Chile/VS-128507/2021|EPI_ISL_3365093|2021-07-19; hCoV-19/Chile/VS-128508/2021|EPI_ISL_11976019|2021-07-19; hCoV-19/Chile/VS-128506/2021|EPI_ISL_3365089|2021-07-19; hCoV-19/Chile/VS-128505/2021|EPI_ISL_3365085|2021-07-19
0	61	1	0.6520539999999999	0.7009939999999999	non-Chile	0.6520539999999999	0.6520539999999999	hCoV-19/Chile/CO-35720/2021|EPI_ISL_1321477|2021-02-16
0	62	1	0.2383559999999999	0.7320629999999999	non-Chile	0.2383559999999999	0.2383559999999999	hCoV-19/Chile/BI-127635/2021|EPI_ISL_3262675|2021-07-17
0	63	1	0.40821799999999997	0.73115	non-Chile	0.40821799999999997	0.40821799999999997	hCoV-19/Chile/AN-116090/2021|EPI_ISL_2892602|2021-05-16
0	64	1	0.550684	0.6020439999999999	non-Chile	0.550684	0.550684	hCoV-19/Chile/RM-63859/2021|EPI_ISL_2391377|2021-03-25
0	65	2	0.375613	0.468958	non-Chile	0.369862	0.369862	hCoV-19/Chile/ML-102818/2021|EPI_ISL_2663426|2021-05-30; hCoV-19/Chile/ML-102826/2021|EPI_ISL_2663432|2021-05-30
0	66	2	0.695712	0.726583	non-Chile	0.684931	0.33424600000000004	hCoV-19/Chile/LI-111011/2021|EPI_ISL_2756133|2021-06-12; hCoV-19/Chile/RM-28872/2021|EPI_ISL_12145272|2021-02-04
0	67	4	0.407378	0.6997009999999999	non-Chile	0.372602	0.36986300000000005	hCoV-19/Chile/AT-103189/2021|EPI_ISL_2663441|2021-05-29; hCoV-19/Chile/AT-103193/2021|EPI_ISL_2663443|2021-05-29; hCoV-19/Chile/AT-103176/2021|EPI_ISL_2663436|2021-05-30; hCoV-19/Chile/AT-103184/2021|EPI_ISL_12144359|2021-05-30
0	68	2	0.656477	0.67717	non-Chile	0.5534239999999999	0.536986	hCoV-19/Chile/RM-63895/2021|EPI_ISL_1470559|2021-03-24; hCoV-19/Chile/RM-68796/2021|EPI_ISL_1534598|2021-03-30
0	69	41	0.6495299999999999	0.650632	non-Chile	0.594522	0.18904100000000001	hCoV-19/Chile/RM-79377/2021|EPI_ISL_2009297|2021-04-14; hCoV-19/Chile/RM-62174/2021|EPI_ISL_1470453|2021-03-22; hCoV-19/Chile/LI-108574/2021|EPI_ISL_2756238|2021-06-08; hCoV-19/Chile/RM-56853/2021|EPI_ISL_1633474|2021-03-18; hCoV-19/Chile/CO-103843/2021|EPI_ISL_2663600|2021-06-01; hCoV-19/Chile/BI-130664/2021|EPI_ISL_3368426|2021-07-24; hCoV-19/Chile/BI-127632/2021|EPI_ISL_3262673|2021-07-18; hCoV-19/Chile/BI-130670/2021|EPI_ISL_3368429|2021-07-25; hCoV-19/Chile/RM-119980/2021|EPI_ISL_12144476|2021-07-03; hCoV-19/Chile/BI-128328/2021|EPI_ISL_12144382|2021-07-19; hCoV-19/Chile/BI-135601/2021|EPI_ISL_3982660|2021-08-04; hCoV-19/Chile/BI-133171/2021|EPI_ISL_4632813|2021-07-30; hCoV-19/Chile/TA-54510/2021|EPI_ISL_1470428|2021-03-15; hCoV-19/Chile/RM-63892/2021|EPI_ISL_1470556|2021-03-23; hCoV-19/Chile/RM-126182/2021|EPI_ISL_3369362|2021-07-16; hCoV-19/Chile/RM-130361/2021|EPI_ISL_3536107|2021-07-27; hCoV-19/Chile/AT-116123/2021|EPI_ISL_2892702|2021-06-21; hCoV-19/Chile/RM-121650/2021|EPI_ISL_3132694|2021-07-05; hCoV-19/Chile/LI-134380/2021|EPI_ISL_3537353|2021-08-02; hCoV-19/Chile/RM-131501/2021|EPI_ISL_3363677|2021-07-27; hCoV-19/Chile/RM-131498/2021|EPI_ISL_3363676|2021-07-27; hCoV-19/Chile/NB-63491/2021|EPI_ISL_1470474|2021-03-22; hCoV-19/Chile/AI-110265/2021|EPI_ISL_2892719|2021-06-10; hCoV-19/Chile/BI-76650/2021|EPI_ISL_2009209|2021-04-11; hCoV-19/Chile/BI-93142/2021|EPI_ISL_2509114|2021-05-09; hCoV-19/Chile/AI-90768/2021|EPI_ISL_2391464|2021-05-05; hCoV-19/Chile/RM-48367/2021|EPI_ISL_1633482|2021-03-09; hCoV-19/Chile/RM-56622/2021|EPI_ISL_1470446|2021-03-17; hCoV-19/Chile/NB-63488/2021|EPI_ISL_1470471|2021-03-22; hCoV-19/Chile/NB-63489/2021|EPI_ISL_1470472|2021-03-24; hCoV-19/Chile/AI-75405/2021|EPI_ISL_1633404|2021-04-07; hCoV-19/Chile/RM-68253/2021|EPI_ISL_1633495|2021-03-31; hCoV-19/Chile/AI-75403/2021|EPI_ISL_1633403|2021-04-05; hCoV-19/Chile/AI-113869/2021|EPI_ISL_2892723|2021-06-16; hCoV-19/Chile/AI-119938/2021|EPI_ISL_3144942|2021-07-01; hCoV-19/Chile/LL-129106/2021|EPI_ISL_3365074|2021-07-21; hCoV-19/Chile/AI-116962/2021|EPI_ISL_2892713|2021-06-23; hCoV-19/Chile/AI-119932/2021|EPI_ISL_3144941|2021-06-30; hCoV-19/Chile/AI-93771/2021|EPI_ISL_2508566|2021-05-10; hCoV-19/Chile/AI-93769/2021|EPI_ISL_2508565|2021-05-11; hCoV-19/Chile/NB-93580/2021|EPI_ISL_2508559|2021-05-12
0	70	2	0.7142649999999998	0.8498799999999999	non-Chile	0.7095869999999997	0.5753409999999999	hCoV-19/Chile/RM-23304/2021|EPI_ISL_2391364|2021-01-26; hCoV-19/Chile/RM-55190/2021|EPI_ISL_2391372|2021-03-16
0	71	1	0.48492999999999986	0.6935209999999998	non-Chile	0.48492999999999986	0.48492999999999986	hCoV-19/Chile/ML-80648/2021|EPI_ISL_2009265|2021-04-18
0	72	6	0.5201079999999998	0.6462569999999999	non-Chile	0.5041089999999999	0.36712299999999987	hCoV-19/Chile/RM-78024/2021|EPI_ISL_1712365|2021-04-11; hCoV-19/Chile/LI-104040/2021|EPI_ISL_2663454|2021-05-31; hCoV-19/Chile/LI-104041/2021|EPI_ISL_2663455|2021-05-31; hCoV-19/Chile/RM-76272/2021|EPI_ISL_12145278|2021-04-11; hCoV-19/Chile/RM-76273/2021|EPI_ISL_2391382|2021-04-11; hCoV-19/Chile/AR-85574/2021|EPI_ISL_2391075|2021-04-20
0	73	2	0.3134699999999998	0.7056629999999998	non-Chile	0.29588899999999985	0.29588899999999985	hCoV-19/Chile/AP-120429/2021|EPI_ISL_3185403|2021-06-26; hCoV-19/Chile/AP-120430/2021|EPI_ISL_3185404|2021-06-26
0	74	1	0.4904089999999999	0.6590209999999999	non-Chile	0.4904089999999999	0.4904089999999999	hCoV-19/Chile/RM-79559/2021|EPI_ISL_2391383|2021-04-16
0	75	15	0.6314209999999998	0.6500519999999999	non-Chile	0.6273959999999998	0.15342199999999973	hCoV-19/Chile/RM-40287/2021|EPI_ISL_1321480|2021-02-25; hCoV-19/Chile/RM-101523/2021|EPI_ISL_2663577|2021-05-29; hCoV-19/Chile/RM-65506/2021|EPI_ISL_1534583|2021-03-28; hCoV-19/Chile/RM-65531/2021|EPI_ISL_1534584|2021-03-28; hCoV-19/Chile/TA-73408/2021|EPI_ISL_1633528|2021-04-05; hCoV-19/Chile/AN-82773/2021|EPI_ISL_2597277|2021-04-21; hCoV-19/Chile/BI-128335/2021|EPI_ISL_12144383|2021-07-19; hCoV-19/Chile/BI-125713/2021|EPI_ISL_3358547|2021-07-11; hCoV-19/Chile/BI-125687/2021|EPI_ISL_3185756|2021-07-12; hCoV-19/Chile/NB-125332/2021|EPI_ISL_3185689|2021-07-12; hCoV-19/Chile/BI-139917/2021|EPI_ISL_4005198|2021-08-13; hCoV-19/Chile/BI-128336/2021|EPI_ISL_3262692|2021-07-19; hCoV-19/Chile/BI-139907/2021|EPI_ISL_4005197|2021-08-13; hCoV-19/Chile/BI-140991/2021|EPI_ISL_4630480|2021-08-17; hCoV-19/Chile/BI-141002/2021|EPI_ISL_4630524|2021-08-17
0	76	1	0.5589019999999998	0.6779539999999998	non-Chile	0.5589019999999998	0.5589019999999998	hCoV-19/Chile/RM-60318/2021|EPI_ISL_2391374|2021-03-22
0	77	1	0.40273899999999974	0.5259029999999998	non-Chile	0.40273899999999974	0.40273899999999974	hCoV-19/Chile/RM-95748/2021|EPI_ISL_2509186|2021-05-18
0	78	1	0.5315049999999999	0.6272919999999998	non-Chile	0.5315049999999999	0.5315049999999999	hCoV-19/Chile/RM-69890/2021|EPI_ISL_1633506|2021-04-01
0	79	27	0.6395879999999998	0.6398559999999999	non-Chile	0.5808199999999999	0.14520499999999992	hCoV-19/Chile/RM-52145/2021|EPI_ISL_1540998|2021-03-14; hCoV-19/Chile/RM-57001/2021|EPI_ISL_1534559|2021-03-18; hCoV-19/Chile/RM-53343/2021|EPI_ISL_1470502|2021-03-16; hCoV-19/Chile/RM-87298/2021|EPI_ISL_2391392|2021-05-02; hCoV-19/Chile/RM-93103/2021|EPI_ISL_2509148|2021-05-12; hCoV-19/Chile/CO-102198/2021|EPI_ISL_2663409|2021-05-30; hCoV-19/Chile/ML-91514/2021|EPI_ISL_2391302|2021-05-10; hCoV-19/Chile/ML-84833/2021|EPI_ISL_2009568|2021-04-25; hCoV-19/Chile/NB-78998/2021|EPI_ISL_2009279|2021-04-13; hCoV-19/Chile/ML-66349/2021|EPI_ISL_1470535|2021-03-28; hCoV-19/Chile/ML-95609/2021|EPI_ISL_2509177|2021-05-16; hCoV-19/Chile/ML-80651/2021|EPI_ISL_2009257|2021-04-18; hCoV-19/Chile/ML-66354/2021|EPI_ISL_1470538|2021-03-28; hCoV-19/Chile/ML-102827/2021|EPI_ISL_2663433|2021-05-30; hCoV-19/Chile/ML-66343/2021|EPI_ISL_1470532|2021-03-28; hCoV-19/Chile/ML-66340/2021|EPI_ISL_1470530|2021-03-28; hCoV-19/Chile/ML-66353/2021|EPI_ISL_1470537|2021-03-28; hCoV-19/Chile/ML-91527/2021|EPI_ISL_2391314|2021-05-10; hCoV-19/Chile/ML-80658/2021|EPI_ISL_2009261|2021-04-18; hCoV-19/Chile/ML-114649/2021|EPI_ISL_2892781|2021-06-20; hCoV-19/Chile/TA-81872/2021|EPI_ISL_2009596|2021-04-18; hCoV-19/Chile/ML-80652/2021|EPI_ISL_2009268|2021-04-18; hCoV-19/Chile/ML-80653/2021|EPI_ISL_2009269|2021-04-18; hCoV-19/Chile/ML-138381/2021|EPI_ISL_4005001|2021-08-12; hCoV-19/Chile/NB-142298/2021|EPI_ISL_4632382|2021-08-20; hCoV-19/Chile/ML-139626/2021|EPI_ISL_3982424|2021-08-16; hCoV-19/Chile/ML-139625/2021|EPI_ISL_3982423|2021-08-16
0	80	2	0.34841699999999987	0.36535399999999985	non-Chile	0.3479439999999999	0.2136969999999998	hCoV-19/Chile/LI-108578/2021|EPI_ISL_2756242|2021-06-07; hCoV-19/Chile/TA-130842/2021|EPI_ISL_3536030|2021-07-26
0	81	1	0.2767109999999998	0.4368129999999998	non-Chile	0.2767109999999998	0.2767109999999998	hCoV-19/Chile/AP-124032/2021|EPI_ISL_3132187|2021-07-03
0	82	40	0.5447009999999999	0.5467609999999998	non-Chile	0.526025	0.11780599999999986	hCoV-19/Chile/LI-73766/2021|EPI_ISL_2391381|2021-04-03; hCoV-19/Chile/ML-116825/2021|EPI_ISL_2892798|2021-06-25; hCoV-19/Chile/AR-145800/2021|EPI_ISL_4632291|2021-08-30; hCoV-19/Chile/NB-93576/2021|EPI_ISL_2508555|2021-05-11; hCoV-19/Chile/NB-93581/2021|EPI_ISL_2508560|2021-05-11; hCoV-19/Chile/NB-93582/2021|EPI_ISL_2508561|2021-05-11; hCoV-19/Chile/LI-120639/2021|EPI_ISL_3132644|2021-07-03; hCoV-19/Chile/LI-120637/2021|EPI_ISL_3185454|2021-07-03; hCoV-19/Chile/LL-137638/2021|EPI_ISL_3987881|2021-08-08; hCoV-19/Chile/MA-135577/2021|EPI_ISL_3982642|2021-08-02; hCoV-19/Chile/MA-135576/2021|EPI_ISL_3982641|2021-08-03; hCoV-19/Chile/CO-142052/2021|EPI_ISL_4631931|2021-08-20; hCoV-19/Chile/LI-135753/2021|EPI_ISL_3982619|2021-08-05; hCoV-19/Chile/CO-142050/2021|EPI_ISL_4631921|2021-08-20; hCoV-19/Chile/CO-142053/2021|EPI_ISL_4631941|2021-08-21; hCoV-19/Chile/CO-141532/2021|EPI_ISL_4632306|2021-08-19; hCoV-19/Chile/CO-143032/2021|EPI_ISL_4635767|2021-08-23; hCoV-19/Chile/RM-143030/2021|EPI_ISL_4635765|2021-08-24; hCoV-19/Chile/CO-143031/2021|EPI_ISL_4635766|2021-08-24; hCoV-19/Chile/LI-109290/2021|EPI_ISL_2756099|2021-06-07; hCoV-19/Chile/VS-73868/2021|EPI_ISL_1633535|2021-04-07; hCoV-19/Chile/VS-73915/2021|EPI_ISL_1633536|2021-04-07; hCoV-19/Chile/LI-118569/2021|EPI_ISL_2896149|2021-06-28; hCoV-19/Chile/LI-118563/2021|EPI_ISL_2896189|2021-06-28; hCoV-19/Chile/ML-117646/2021|EPI_ISL_2894932|2021-06-27; hCoV-19/Chile/ML-121145/2021|EPI_ISL_3149140|2021-07-04; hCoV-19/Chile/ML-121142/2021|EPI_ISL_3149139|2021-07-04; hCoV-19/Chile/ML-130189/2021|EPI_ISL_3369278|2021-07-26; hCoV-19/Chile/ML-124614/2021|EPI_ISL_3369423|2021-07-12; hCoV-19/Chile/AR-118049/2021|EPI_ISL_3220140|2021-06-24; hCoV-19/Chile/AR-129372/2021|EPI_ISL_11976167|2021-07-19; hCoV-19/Chile/LI-116239/2021|EPI_ISL_3220049|2021-06-22; hCoV-19/Chile/LI-121361/2021|EPI_ISL_12144417|2021-07-05; hCoV-19/Chile/LI-93379/2021|EPI_ISL_2508552|2021-05-11; hCoV-19/Chile/CO-103842/2021|EPI_ISL_2663599|2021-06-01; hCoV-19/Chile/LI-139339/2021|EPI_ISL_4628803|2021-08-14; hCoV-19/Chile/AI-141528/2021|EPI_ISL_12144290|2021-08-18; hCoV-19/Chile/AR-141538/2021|EPI_ISL_12144353|2021-08-17; hCoV-19/Chile/LI-118558/2021|EPI_ISL_2896186|2021-06-28; hCoV-19/Chile/LI-100615/2021|EPI_ISL_2543660|2021-05-24
0	83	2	0.07350899999999982	0.12694499999999986	non-Chile	0.07123099999999982	0.07123099999999982	hCoV-19/Chile/TA-154146/2021|EPI_ISL_5010696|2021-09-16; hCoV-19/Chile/TA-154148/2021|EPI_ISL_5010697|2021-09-16
0	84	5	0.4894599999999998	0.7630569999999999	non-Chile	0.47123199999999976	0.31232899999999986	hCoV-19/Chile/RM-110902/2021|EPI_ISL_2892916|2021-06-13; hCoV-19/Chile/RM-83497/2021|EPI_ISL_2391009|2021-04-23; hCoV-19/Chile/ML-98776/2021|EPI_ISL_2543539|2021-05-23; hCoV-19/Chile/ML-114655/2021|EPI_ISL_2892788|2021-06-20; hCoV-19/Chile/ML-114653/2021|EPI_ISL_2892795|2021-06-20
0	85	1	0.2794509999999999	0.48230399999999984	non-Chile	0.2794509999999999	0.2794509999999999	hCoV-19/Chile/RM-120004/2021|EPI_ISL_3132263|2021-07-02
0	86	2	0.5616179999999998	0.7067889999999999	non-Chile	0.5424649999999999	0.38903999999999983	hCoV-19/Chile/ML-98757/2021|EPI_ISL_2543533|2021-05-23; hCoV-19/Chile/ML-66355/2021|EPI_ISL_1470539|2021-03-28
0	87	46	0.6211339999999999	0.6944019999999999	non-Chile	0.5616429999999999	0.052052999999999794	hCoV-19/Chile/RM-62199/2021|EPI_ISL_1470459|2021-03-21; hCoV-19/Chile/RM-97697/2021|EPI_ISL_2543516|2021-05-22; hCoV-19/Chile/MA-88145/2021|EPI_ISL_2391194|2021-04-30; hCoV-19/Chile/RM-102986/2021|EPI_ISL_2659188|2021-06-01; hCoV-19/Chile/LR-132127/2021|EPI_ISL_3535999|2021-07-27; hCoV-19/Chile/AT-145719/2021|EPI_ISL_4632233|2021-08-26; hCoV-19/Chile/AT-96309/2021|EPI_ISL_2509290|2021-05-15; hCoV-19/Chile/AT-96308/2021|EPI_ISL_2509289|2021-05-15; hCoV-19/Chile/RM-108543/2021|EPI_ISL_2892933|2021-06-09; hCoV-19/Chile/AT-99611/2021|EPI_ISL_2543604|2021-05-23; hCoV-19/Chile/AT-99610/2021|EPI_ISL_2543603|2021-05-23; hCoV-19/Chile/AT-109159/2021|EPI_ISL_2756270|2021-06-07; hCoV-19/Chile/AT-112275/2021|EPI_ISL_2892681|2021-06-13; hCoV-19/Chile/VS-109143/2021|EPI_ISL_2756258|2021-06-08; hCoV-19/Chile/RM-64868/2021|EPI_ISL_1534568|2021-03-26; hCoV-19/Chile/AN-92195/2021|EPI_ISL_2391324|2021-05-05; hCoV-19/Chile/TA-89808/2021|EPI_ISL_2391264|2021-05-04; hCoV-19/Chile/TA-89806/2021|EPI_ISL_2391262|2021-05-03; hCoV-19/Chile/CO-113831/2021|EPI_ISL_2892774|2021-06-17; hCoV-19/Chile/LI-118560/2021|EPI_ISL_2896187|2021-06-28; hCoV-19/Chile/CO-98984/2021|EPI_ISL_2543578|2021-05-24; hCoV-19/Chile/AN-105378/2021|EPI_ISL_2659168|2021-05-30; hCoV-19/Chile/AT-112272/2021|EPI_ISL_2892680|2021-06-13; hCoV-19/Chile/CO-102197/2021|EPI_ISL_2663408|2021-05-30; hCoV-19/Chile/RM-104882/2021|EPI_ISL_2756290|2021-06-03; hCoV-19/Chile/LI-127990/2021|EPI_ISL_3262684|2021-07-20; hCoV-19/Chile/LI-127991/2021|EPI_ISL_3262685|2021-07-20; hCoV-19/Chile/LI-127989/2021|EPI_ISL_3262683|2021-07-20; hCoV-19/Chile/RM-148050/2021|EPI_ISL_4655615|2021-09-06; hCoV-19/Chile/RM-115766/2021|EPI_ISL_12144471|2021-06-23; hCoV-19/Chile/LI-121374/2021|EPI_ISL_3132690|2021-07-05; hCoV-19/Chile/LI-100607/2021|EPI_ISL_2543654|2021-05-25; hCoV-19/Chile/LI-125501/2021|EPI_ISL_3185738|2021-07-13; hCoV-19/Chile/RM-131726/2021|EPI_ISL_3536128|2021-07-29; hCoV-19/Chile/RM-131724/2021|EPI_ISL_3536127|2021-07-29; hCoV-19/Chile/RM-131142/2021|EPI_ISL_3536111|2021-07-28; hCoV-19/Chile/RM-131126/2021|EPI_ISL_3536110|2021-07-28; hCoV-19/Chile/RM-133830/2021|EPI_ISL_3988225|2021-08-03; hCoV-19/Chile/RM-133829/2021|EPI_ISL_3988224|2021-08-03; hCoV-19/Chile/RM-135204/2021|EPI_ISL_3988228|2021-08-05; hCoV-19/Chile/RM-135645/2021|EPI_ISL_3988231|2021-08-06; hCoV-19/Chile/LI-156478/2021|EPI_ISL_5011805|2021-09-23; hCoV-19/Chile/RM-143721/2021|EPI_ISL_4636007|2021-08-26; hCoV-19/Chile/RM-144864/2021|EPI_ISL_4652640|2021-08-26; hCoV-19/Chile/AN-119317/2021|EPI_ISL_3144937|2021-06-25; hCoV-19/Chile/NB-130149/2021|EPI_ISL_3369288|2021-07-24
0	88	1	0.36986299999999983	0.4641209999999998	non-Chile	0.36986299999999983	0.36986299999999983	hCoV-19/Chile/BI-103695/2021|EPI_ISL_12144379|2021-05-30
0	89	100	0.6275789999999999	0.6411209999999998	non-Chile	0.5726009999999997	0.1452049999999997	hCoV-19/Chile/BI-88965/2021|EPI_ISL_2391201|2021-05-03; hCoV-19/Chile/RM-73221/2021|EPI_ISL_1541065|2021-04-04; hCoV-19/Chile/AR-79031/2021|EPI_ISL_2009240|2021-04-06; hCoV-19/Chile/AR-79032/2021|EPI_ISL_2009241|2021-04-06; hCoV-19/Chile/LI-109278/2021|EPI_ISL_2756087|2021-06-08; hCoV-19/Chile/LI-117729/2021|EPI_ISL_2894946|2021-06-28; hCoV-19/Chile/LI-111013/2021|EPI_ISL_2756135|2021-06-12; hCoV-19/Chile/LI-112540/2021|EPI_ISL_2892852|2021-06-14; hCoV-19/Chile/LI-103850/2021|EPI_ISL_2663606|2021-05-31; hCoV-19/Chile/LI-109275/2021|EPI_ISL_2756086|2021-06-08; hCoV-19/Chile/BI-121231/2021|EPI_ISL_3132666|2021-07-03; hCoV-19/Chile/BI-125691/2021|EPI_ISL_3185758|2021-07-12; hCoV-19/Chile/LI-111094/2021|EPI_ISL_2756156|2021-06-13; hCoV-19/Chile/LI-117749/2021|EPI_ISL_2894957|2021-06-28; hCoV-19/Chile/LI-109284/2021|EPI_ISL_2756093|2021-06-08; hCoV-19/Chile/LL-125993/2021|EPI_ISL_3368899|2021-07-11; hCoV-19/Chile/LL-128403/2021|EPI_ISL_3262695|2021-07-18; hCoV-19/Chile/LL-140456/2021|EPI_ISL_4632759|2021-08-13; hCoV-19/Chile/LL-140464/2021|EPI_ISL_4632760|2021-08-16; hCoV-19/Chile/LL-140455/2021|EPI_ISL_4632753|2021-08-16; hCoV-19/Chile/LL-137643/2021|EPI_ISL_3987886|2021-08-06; hCoV-19/Chile/LL-137639/2021|EPI_ISL_3987882|2021-08-08; hCoV-19/Chile/LL-137640/2021|EPI_ISL_3987883|2021-08-08; hCoV-19/Chile/LL-140467/2021|EPI_ISL_4632766|2021-08-16; hCoV-19/Chile/LL-140454/2021|EPI_ISL_4632752|2021-08-16; hCoV-19/Chile/LL-143040/2021|EPI_ISL_4635804|2021-08-20; hCoV-19/Chile/LL-143049/2021|EPI_ISL_4649130|2021-08-20; hCoV-19/Chile/LL-143045/2021|EPI_ISL_4635808|2021-08-20; hCoV-19/Chile/LL-143042/2021|EPI_ISL_4635805|2021-08-20; hCoV-19/Chile/RM-88620/2021|EPI_ISL_2391405|2021-05-04; hCoV-19/Chile/RM-89412/2021|EPI_ISL_2391410|2021-05-05; hCoV-19/Chile/BI-81431/2021|EPI_ISL_2009641|2021-04-18; hCoV-19/Chile/LR-93795/2021|EPI_ISL_2508581|2021-05-09; hCoV-19/Chile/LR-119740/2021|EPI_ISL_3144940|2021-06-29; hCoV-19/Chile/LR-119742/2021|EPI_ISL_3144898|2021-06-29; hCoV-19/Chile/RM-88972/2021|EPI_ISL_2391406|2021-05-05; hCoV-19/Chile/LI-92463/2021|EPI_ISL_2391335|2021-05-10; hCoV-19/Chile/LI-92559/2021|EPI_ISL_2391339|2021-05-10; hCoV-19/Chile/LR-119738/2021|EPI_ISL_12144443|2021-06-29; hCoV-19/Chile/RM-143056/2021|EPI_ISL_4649123|2021-08-09; hCoV-19/Chile/RM-117073/2021|EPI_ISL_2894920|2021-06-24; hCoV-19/Chile/RM-117063/2021|EPI_ISL_2894969|2021-06-24; hCoV-19/Chile/RM-117062/2021|EPI_ISL_2894968|2021-06-24; hCoV-19/Chile/LL-137644/2021|EPI_ISL_3987887|2021-08-06; hCoV-19/Chile/LL-137646/2021|EPI_ISL_3987889|2021-08-09; hCoV-19/Chile/LL-137647/2021|EPI_ISL_3987890|2021-08-09; hCoV-19/Chile/LL-137645/2021|EPI_ISL_3987888|2021-08-09; hCoV-19/Chile/LL-140478/2021|EPI_ISL_4632771|2021-08-13; hCoV-19/Chile/RM-56662/2021|EPI_ISL_1470444|2021-03-18; hCoV-19/Chile/AI-83325/2021|EPI_ISL_2597304|2021-04-21; hCoV-19/Chile/AI-75399/2021|EPI_ISL_1633401|2021-04-06; hCoV-19/Chile/AI-83335/2021|EPI_ISL_2597308|2021-04-18; hCoV-19/Chile/AI-83334/2021|EPI_ISL_2597307|2021-04-17; hCoV-19/Chile/AI-86411/2021|EPI_ISL_2391055|2021-04-27; hCoV-19/Chile/AI-83324/2021|EPI_ISL_2597303|2021-04-19; hCoV-19/Chile/VS-122669/2021|EPI_ISL_3185589|2021-07-06; hCoV-19/Chile/VS-122668/2021|EPI_ISL_3185590|2021-07-06; hCoV-19/Chile/VS-129834/2021|EPI_ISL_3546367|2021-07-23; hCoV-19/Chile/VS-122576/2021|EPI_ISL_3185573|2021-07-02; hCoV-19/Chile/VS-138405/2021|EPI_ISL_4005062|2021-08-12; hCoV-19/Chile/VS-136058/2021|EPI_ISL_3988101|2021-08-06; hCoV-19/Chile/VS-138408/2021|EPI_ISL_4004995|2021-08-12; hCoV-19/Chile/VS-137782/2021|EPI_ISL_3987902|2021-08-10; hCoV-19/Chile/VS-136057/2021|EPI_ISL_3988100|2021-08-06; hCoV-19/Chile/VS-139157/2021|EPI_ISL_4628786|2021-08-14; hCoV-19/Chile/VS-139159/2021|EPI_ISL_4628788|2021-08-14; hCoV-19/Chile/VS-139151/2021|EPI_ISL_4628783|2021-08-14; hCoV-19/Chile/VS-139161/2021|EPI_ISL_4628782|2021-08-14; hCoV-19/Chile/VS-139152/2021|EPI_ISL_4628784|2021-08-14; hCoV-19/Chile/VS-139155/2021|EPI_ISL_4628785|2021-08-15; hCoV-19/Chile/VS-139162/2021|EPI_ISL_4628787|2021-08-15; hCoV-19/Chile/VS-141340/2021|EPI_ISL_12144584|2021-08-18; hCoV-19/Chile/VS-141347/2021|EPI_ISL_12144587|2021-08-18; hCoV-19/Chile/VS-136054/2021|EPI_ISL_3988097|2021-08-06; hCoV-19/Chile/VS-134907/2021|EPI_ISL_4005195|2021-08-02; hCoV-19/Chile/VS-139654/2021|EPI_ISL_3982429|2021-08-15; hCoV-19/Chile/VS-136055/2021|EPI_ISL_3988098|2021-08-06; hCoV-19/Chile/AR-138779/2021|EPI_ISL_3988139|2021-08-10; hCoV-19/Chile/RM-137823/2021|EPI_ISL_3988243|2021-08-11; hCoV-19/Chile/AN-138272/2021|EPI_ISL_3987921|2021-08-06; hCoV-19/Chile/RM-122553/2021|EPI_ISL_3185571|2021-07-07; hCoV-19/Chile/RM-56623/2021|EPI_ISL_1470447|2021-03-17; hCoV-19/Chile/AI-116966/2021|EPI_ISL_2892714|2021-06-23; hCoV-19/Chile/AI-116970/2021|EPI_ISL_2892716|2021-06-23; hCoV-19/Chile/AI-93787/2021|EPI_ISL_2508574|2021-05-11; hCoV-19/Chile/AI-93785/2021|EPI_ISL_2508573|2021-05-12; hCoV-19/Chile/AI-119929/2021|EPI_ISL_3144902|2021-06-29; hCoV-19/Chile/AI-116971/2021|EPI_ISL_2892717|2021-06-23; hCoV-19/Chile/AI-121140/2021|EPI_ISL_3149138|2021-07-04; hCoV-19/Chile/AI-86422/2021|EPI_ISL_2391063|2021-04-27; hCoV-19/Chile/AI-86404/2021|EPI_ISL_2391050|2021-04-27; hCoV-19/Chile/VS-86248/2021|EPI_ISL_2391041|2021-04-28; hCoV-19/Chile/AI-93128/2021|EPI_ISL_2391358|2021-05-07; hCoV-19/Chile/AI-96825/2021|EPI_ISL_2509298|2021-05-18; hCoV-19/Chile/AI-93775/2021|EPI_ISL_2508568|2021-05-10; hCoV-19/Chile/AI-120100/2021|EPI_ISL_3144906|2021-06-30; hCoV-19/Chile/AI-93777/2021|EPI_ISL_2508569|2021-05-10; hCoV-19/Chile/AI-96819/2021|EPI_ISL_2509295|2021-05-17; hCoV-19/Chile/AI-90769/2021|EPI_ISL_2391465|2021-05-05; hCoV-19/Chile/AI-86418/2021|EPI_ISL_2391060|2021-04-28
0	90	16	0.2057279999999998	0.3076589999999998	non-Chile	0.1999979999999998	0.07397199999999982	hCoV-19/Chile/AN-135164/2021|EPI_ISL_3537349|2021-07-31; hCoV-19/Chile/TA-134105/2021|EPI_ISL_3537191|2021-08-02; hCoV-19/Chile/TA-145195/2021|EPI_ISL_4635602|2021-08-25; hCoV-19/Chile/TA-145207/2021|EPI_ISL_4635611|2021-08-28; hCoV-19/Chile/TA-136585/2021|EPI_ISL_3988213|2021-08-06; hCoV-19/Chile/TA-136619/2021|EPI_ISL_3987632|2021-08-06; hCoV-19/Chile/TA-154182/2021|EPI_ISL_5010711|2021-09-15; hCoV-19/Chile/TA-137297/2021|EPI_ISL_3981978|2021-08-09; hCoV-19/Chile/TA-139680/2021|EPI_ISL_3988256|2021-08-11; hCoV-19/Chile/TA-139711/2021|EPI_ISL_3988270|2021-08-14; hCoV-19/Chile/TA-142391/2021|EPI_ISL_4632395|2021-08-20; hCoV-19/Chile/TA-145212/2021|EPI_ISL_4636012|2021-08-25; hCoV-19/Chile/TA-145200/2021|EPI_ISL_4635605|2021-08-25; hCoV-19/Chile/TA-145211/2021|EPI_ISL_4636011|2021-08-25; hCoV-19/Chile/TA-139697/2021|EPI_ISL_3988266|2021-08-13; hCoV-19/Chile/TA-139688/2021|EPI_ISL_3988260|2021-08-11
0	91	21	0.5771879999999998	0.5786989999999999	non-Chile	0.5452049999999999	0.08219199999999993	hCoV-19/Chile/LR-124478/2021|EPI_ISL_3185656|2021-07-09; hCoV-19/Chile/AR-72040/2021|EPI_ISL_1541022|2021-03-29; hCoV-19/Chile/TA-131558/2021|EPI_ISL_3363675|2021-07-27; hCoV-19/Chile/AN-125780/2021|EPI_ISL_3185781|2021-07-09; hCoV-19/Chile/CO-126026/2021|EPI_ISL_3369413|2021-07-15; hCoV-19/Chile/CO-126027/2021|EPI_ISL_3369414|2021-07-14; hCoV-19/Chile/AR-92597/2021|EPI_ISL_2391340|2021-05-07; hCoV-19/Chile/ML-95613/2021|EPI_ISL_2509181|2021-05-16; hCoV-19/Chile/RM-64884/2021|EPI_ISL_1534569|2021-03-27; hCoV-19/Chile/LR-86413/2021|EPI_ISL_2391056|2021-04-26; hCoV-19/Chile/AR-109885/2021|EPI_ISL_2892625|2021-06-08; hCoV-19/Chile/AR-135757/2021|EPI_ISL_3982678|2021-08-03; hCoV-19/Chile/AR-135756/2021|EPI_ISL_3982677|2021-08-03; hCoV-19/Chile/RM-131399/2021|EPI_ISL_3546388|2021-07-26; hCoV-19/Chile/BI-152633/2021|EPI_ISL_4658530|2021-09-12; hCoV-19/Chile/AR-136542/2021|EPI_ISL_3987680|2021-08-07; hCoV-19/Chile/AR-137726/2021|EPI_ISL_3987899|2021-08-09; hCoV-19/Chile/AR-139575/2021|EPI_ISL_3982406|2021-08-12; hCoV-19/Chile/LR-132134/2021|EPI_ISL_3536031|2021-07-27; hCoV-19/Chile/AR-142287/2021|EPI_ISL_4632375|2021-08-18; hCoV-19/Chile/AR-140644/2021|EPI_ISL_4632623|2021-08-13
0	92	2	0.40575499999999987	0.5578679999999999	non-Chile	0.3643829999999999	0.35342399999999985	hCoV-19/Chile/AR-104985/2021|EPI_ISL_2659152|2021-06-01; hCoV-19/Chile/AR-108217/2021|EPI_ISL_2756324|2021-06-05
0	93	2	0.5038989999999998	0.5130429999999998	non-Chile	0.49862799999999974	0.48492999999999975	hCoV-19/Chile/RM-82428/2021|EPI_ISL_2391385|2021-04-18; hCoV-19/Chile/AR-82485/2021|EPI_ISL_2391388|2021-04-13
0	94	151	0.6350749999999998	0.6390059999999999	non-Chile	0.5945189999999998	0.08218999999999987	hCoV-19/Chile/ML-49426/2021|EPI_ISL_12144459|2021-03-09; hCoV-19/Chile/RM-51508/2021|EPI_ISL_1470492|2021-03-13; hCoV-19/Chile/ML-84843/2021|EPI_ISL_2009563|2021-04-25; hCoV-19/Chile/ML-80654/2021|EPI_ISL_2009258|2021-04-18; hCoV-19/Chile/RM-87862/2021|EPI_ISL_2391399|2021-05-03; hCoV-19/Chile/RM-105618/2021|EPI_ISL_2756059|2021-06-04; hCoV-19/Chile/RM-98909/2021|EPI_ISL_2663555|2021-05-25; hCoV-19/Chile/RM-89485/2021|EPI_ISL_2391409|2021-05-05; hCoV-19/Chile/ML-95603/2021|EPI_ISL_2509171|2021-05-15; hCoV-19/Chile/ML-95616/2021|EPI_ISL_2509184|2021-05-15; hCoV-19/Chile/NB-134866/2021|EPI_ISL_4005189|2021-08-02; hCoV-19/Chile/ML-107038/2021|EPI_ISL_2756300|2021-06-06; hCoV-19/Chile/RM-127463/2021|EPI_ISL_3369326|2021-07-20; hCoV-19/Chile/ML-84842/2021|EPI_ISL_2009566|2021-04-25; hCoV-19/Chile/RM-56660/2021|EPI_ISL_1470443|2021-03-18; hCoV-19/Chile/ML-84837/2021|EPI_ISL_2009564|2021-04-25; hCoV-19/Chile/BI-81433/2021|EPI_ISL_2009643|2021-04-18; hCoV-19/Chile/NB-116974/2021|EPI_ISL_2893007|2021-06-23; hCoV-19/Chile/NB-116976/2021|EPI_ISL_2893008|2021-06-24; hCoV-19/Chile/RM-107088/2021|EPI_ISL_2756307|2021-06-05; hCoV-19/Chile/LI-75457/2021|EPI_ISL_1633410|2021-04-09; hCoV-19/Chile/RM-91250/2021|EPI_ISL_2391426|2021-05-08; hCoV-19/Chile/RM-88277/2021|EPI_ISL_2391195|2021-05-03; hCoV-19/Chile/RM-104603/2021|EPI_ISL_2756285|2021-06-03; hCoV-19/Chile/NB-125347/2021|EPI_ISL_3185704|2021-07-11; hCoV-19/Chile/LL-131287/2021|EPI_ISL_3363680|2021-07-26; hCoV-19/Chile/BI-134643/2021|EPI_ISL_3537355|2021-08-02; hCoV-19/Chile/BI-133173/2021|EPI_ISL_3536099|2021-07-30; hCoV-19/Chile/BI-134642/2021|EPI_ISL_3537354|2021-08-02; hCoV-19/Chile/BI-135602/2021|EPI_ISL_3982661|2021-08-04; hCoV-19/Chile/LI-139347/2021|EPI_ISL_4628804|2021-08-15; hCoV-19/Chile/LI-142026/2021|EPI_ISL_4631894|2021-08-20; hCoV-19/Chile/LI-142984/2021|EPI_ISL_4635790|2021-08-23; hCoV-19/Chile/LI-142980/2021|EPI_ISL_4635789|2021-08-23; hCoV-19/Chile/LI-136756/2021|EPI_ISL_3981968|2021-08-09; hCoV-19/Chile/LI-135189/2021|EPI_ISL_3537352|2021-08-04; hCoV-19/Chile/VS-141373/2021|EPI_ISL_12144595|2021-08-17; hCoV-19/Chile/LI-133680/2021|EPI_ISL_3537149|2021-08-02; hCoV-19/Chile/LI-136164/2021|EPI_ISL_3987631|2021-08-07; hCoV-19/Chile/RM-126023/2021|EPI_ISL_3369366|2021-07-14; hCoV-19/Chile/VS-132822/2021|EPI_ISL_3546362|2021-07-30; hCoV-19/Chile/AR-72036/2021|EPI_ISL_1541018|2021-03-23; hCoV-19/Chile/LR-75413/2021|EPI_ISL_1633407|2021-04-06; hCoV-19/Chile/AR-93823/2021|EPI_ISL_2508587|2021-05-12; hCoV-19/Chile/AR-90342/2021|EPI_ISL_2391438|2021-05-05; hCoV-19/Chile/AR-83164/2021|EPI_ISL_2597302|2021-04-14; hCoV-19/Chile/AR-90340/2021|EPI_ISL_2391436|2021-05-04; hCoV-19/Chile/LR-131409/2021|EPI_ISL_3363501|2021-07-25; hCoV-19/Chile/LR-131400/2021|EPI_ISL_3363685|2021-07-26; hCoV-19/Chile/LR-124475/2021|EPI_ISL_3185654|2021-07-07; hCoV-19/Chile/LR-124477/2021|EPI_ISL_3185655|2021-07-07; hCoV-19/Chile/LR-124474/2021|EPI_ISL_3185653|2021-07-07; hCoV-19/Chile/LR-124473/2021|EPI_ISL_3185652|2021-07-07; hCoV-19/Chile/RM-90879/2021|EPI_ISL_12144543|2021-05-08; hCoV-19/Chile/RM-74309/2021|EPI_ISL_1633361|2021-04-06; hCoV-19/Chile/RM-74307/2021|EPI_ISL_1633546|2021-04-06; hCoV-19/Chile/RM-109837/2021|EPI_ISL_2756118|2021-06-10; hCoV-19/Chile/RM-112502/2021|EPI_ISL_2892944|2021-06-16; hCoV-19/Chile/ML-72067/2021|EPI_ISL_1541026|2021-04-04; hCoV-19/Chile/NB-124623/2021|EPI_ISL_3369427|2021-07-10; hCoV-19/Chile/NB-124625/2021|EPI_ISL_3369428|2021-07-10; hCoV-19/Chile/NB-125329/2021|EPI_ISL_3185686|2021-07-12; hCoV-19/Chile/NB-124622/2021|EPI_ISL_3369426|2021-07-10; hCoV-19/Chile/RM-92529/2021|EPI_ISL_2391337|2021-05-10; hCoV-19/Chile/AR-113715/2021|EPI_ISL_2892613|2021-06-15; hCoV-19/Chile/RM-128463/2021|EPI_ISL_3262714|2021-07-20; hCoV-19/Chile/RM-152301/2021|EPI_ISL_4654319|2021-09-12; hCoV-19/Chile/NB-140095/2021|EPI_ISL_4005202|2021-08-15; hCoV-19/Chile/RM-130745/2021|EPI_ISL_3368449|2021-07-27; hCoV-19/Chile/RM-133212/2021|EPI_ISL_3536122|2021-08-01; hCoV-19/Chile/RM-134909/2021|EPI_ISL_4005196|2021-08-04; hCoV-19/Chile/RM-109558/2021|EPI_ISL_2892876|2021-06-10; hCoV-19/Chile/ML-111511/2021|EPI_ISL_2756170|2021-06-13; hCoV-19/Chile/RM-112850/2021|EPI_ISL_2892897|2021-06-16; hCoV-19/Chile/AT-121882/2021|EPI_ISL_3185533|2021-07-03; hCoV-19/Chile/RM-90377/2021|EPI_ISL_2391441|2021-05-03; hCoV-19/Chile/RM-73946/2021|EPI_ISL_1633543|2021-04-07; hCoV-19/Chile/RM-73945/2021|EPI_ISL_1633542|2021-04-07; hCoV-19/Chile/AT-85614/2021|EPI_ISL_2391020|2021-04-25; hCoV-19/Chile/AT-81384/2021|EPI_ISL_2009636|2021-04-18; hCoV-19/Chile/ML-77138/2021|EPI_ISL_1712334|2021-04-12; hCoV-19/Chile/ML-88234/2021|EPI_ISL_2391144|2021-05-03; hCoV-19/Chile/ML-88222/2021|EPI_ISL_2391134|2021-05-03; hCoV-19/Chile/ML-88226/2021|EPI_ISL_2391138|2021-05-03; hCoV-19/Chile/RM-91053/2021|EPI_ISL_2391424|2021-05-09; hCoV-19/Chile/RM-79510/2021|EPI_ISL_2597242|2021-04-16; hCoV-19/Chile/NB-113657/2021|EPI_ISL_2893022|2021-06-15; hCoV-19/Chile/ML-95606/2021|EPI_ISL_2509174|2021-05-16; hCoV-19/Chile/RM-53199/2021|EPI_ISL_1470500|2021-03-15; hCoV-19/Chile/LI-103852/2021|EPI_ISL_2663608|2021-05-31; hCoV-19/Chile/LI-109287/2021|EPI_ISL_2756096|2021-06-07; hCoV-19/Chile/LI-111062/2021|EPI_ISL_2756146|2021-06-13; hCoV-19/Chile/LI-109273/2021|EPI_ISL_2756084|2021-06-07; hCoV-19/Chile/LI-109276/2021|EPI_ISL_12144411|2021-06-07; hCoV-19/Chile/ML-80661/2021|EPI_ISL_2009644|2021-04-18; hCoV-19/Chile/RM-82135/2021|EPI_ISL_2597262|2021-04-19; hCoV-19/Chile/BI-103692/2021|EPI_ISL_2663594|2021-05-30; hCoV-19/Chile/NB-133111/2021|EPI_ISL_3536145|2021-07-28; hCoV-19/Chile/ML-98755/2021|EPI_ISL_2543531|2021-05-23; hCoV-19/Chile/ML-107034/2021|EPI_ISL_2756298|2021-06-06; hCoV-19/Chile/RM-79469/2021|EPI_ISL_2009302|2021-04-12; hCoV-19/Chile/RM-79378/2021|EPI_ISL_2009301|2021-04-14; hCoV-19/Chile/LL-93833/2021|EPI_ISL_2508595|2021-05-12; hCoV-19/Chile/LL-128410/2021|EPI_ISL_3262702|2021-07-19; hCoV-19/Chile/LL-128405/2021|EPI_ISL_3262697|2021-07-19; hCoV-19/Chile/LL-128402/2021|EPI_ISL_3262694|2021-07-20; hCoV-19/Chile/LL-131284/2021|EPI_ISL_3363678|2021-07-27; hCoV-19/Chile/LL-109893/2021|EPI_ISL_2892811|2021-06-08; hCoV-19/Chile/LL-121136/2021|EPI_ISL_3149137|2021-07-04; hCoV-19/Chile/LL-129109/2021|EPI_ISL_3365078|2021-07-19; hCoV-19/Chile/LL-126163/2021|EPI_ISL_3369433|2021-07-11; hCoV-19/Chile/LL-109892/2021|EPI_ISL_2892810|2021-06-08; hCoV-19/Chile/LL-107176/2021|EPI_ISL_2756316|2021-06-05; hCoV-19/Chile/LL-93836/2021|EPI_ISL_2508598|2021-05-10; hCoV-19/Chile/ML-80655/2021|EPI_ISL_2009259|2021-04-18; hCoV-19/Chile/BI-138385/2021|EPI_ISL_4005061|2021-08-10; hCoV-19/Chile/BI-121135/2021|EPI_ISL_3149136|2021-07-04; hCoV-19/Chile/VS-126255/2021|EPI_ISL_11976068|2021-07-15; hCoV-19/Chile/LI-127988/2021|EPI_ISL_3262682|2021-07-20; hCoV-19/Chile/LI-127987/2021|EPI_ISL_3262681|2021-07-20; hCoV-19/Chile/LL-81982/2021|EPI_ISL_2009645|2021-04-17; hCoV-19/Chile/RM-79595/2021|EPI_ISL_2597243|2021-04-16; hCoV-19/Chile/RM-90381/2021|EPI_ISL_2391443|2021-05-03; hCoV-19/Chile/RM-89673/2021|EPI_ISL_2391232|2021-05-05; hCoV-19/Chile/ML-72072/2021|EPI_ISL_1541030|2021-04-04; hCoV-19/Chile/NB-116604/2021|EPI_ISL_3220094|2021-06-23; hCoV-19/Chile/NB-130680/2021|EPI_ISL_3368436|2021-07-26; hCoV-19/Chile/ML-72069/2021|EPI_ISL_1541028|2021-04-05; hCoV-19/Chile/ML-111516/2021|EPI_ISL_2756174|2021-06-13; hCoV-19/Chile/ML-91526/2021|EPI_ISL_2391313|2021-05-10; hCoV-19/Chile/ML-84838/2021|EPI_ISL_2009567|2021-04-26; hCoV-19/Chile/ML-102817/2021|EPI_ISL_2663425|2021-05-30; hCoV-19/Chile/ML-82444/2021|EPI_ISL_2597266|2021-04-21; hCoV-19/Chile/ML-102814/2021|EPI_ISL_2663424|2021-05-30; hCoV-19/Chile/ML-124601/2021|EPI_ISL_3369420|2021-07-11; hCoV-19/Chile/ML-124603/2021|EPI_ISL_3369421|2021-07-11; hCoV-19/Chile/ML-117711/2021|EPI_ISL_12144452|2021-06-26; hCoV-19/Chile/ML-117647/2021|EPI_ISL_2894933|2021-06-27; hCoV-19/Chile/ML-77136/2021|EPI_ISL_1712332|2021-04-12; hCoV-19/Chile/ML-77129/2021|EPI_ISL_1712327|2021-04-12; hCoV-19/Chile/ML-98756/2021|EPI_ISL_2543532|2021-05-23; hCoV-19/Chile/ML-95612/2021|EPI_ISL_2509180|2021-05-16; hCoV-19/Chile/ML-95614/2021|EPI_ISL_2509182|2021-05-16; hCoV-19/Chile/ML-139614/2021|EPI_ISL_3982413|2021-08-16; hCoV-19/Chile/ML-121152/2021|EPI_ISL_3149141|2021-07-03; hCoV-19/Chile/ML-137202/2021|EPI_ISL_4005078|2021-08-09; hCoV-19/Chile/ML-146709/2021|EPI_ISL_4632443|2021-09-01; hCoV-19/Chile/ML-137205/2021|EPI_ISL_4005079|2021-08-09; hCoV-19/Chile/RM-64920/2021|EPI_ISL_1534574|2021-03-27; hCoV-19/Chile/RM-105781/2021|EPI_ISL_2756065|2021-06-04; hCoV-19/Chile/RM-94435/2021|EPI_ISL_12144549|2021-05-15
0	95	2	0.2957209999999999	0.38222199999999984	non-Chile	0.29040999999999995	0.29040999999999995	hCoV-19/Chile/RM-117486/2021|EPI_ISL_2894888|2021-06-28; hCoV-19/Chile/RM-117485/2021|EPI_ISL_2894887|2021-06-28
0	96	2	0.5732399999999999	0.6350219999999999	non-Chile	0.5725999999999999	0.5589019999999998	hCoV-19/Chile/AN-62870/2021|EPI_ISL_2391376|2021-03-22; hCoV-19/Chile/AN-55192/2021|EPI_ISL_2391373|2021-03-17
0	97	2	0.6747509999999999	0.6749939999999999	non-Chile	0.6712309999999998	0.4602719999999998	hCoV-19/Chile/AR-85076/2021|EPI_ISL_2391015|2021-04-27; hCoV-19/Chile/RM-30972/2021|EPI_ISL_1300520|2021-02-09
0	98	9	0.5626439999999999	0.5652989999999999	non-Chile	0.5452029999999999	0.05753199999999992	hCoV-19/Chile/RM-64902/2021|EPI_ISL_1534571|2021-03-27; hCoV-19/Chile/AN-126756/2021|EPI_ISL_11976058|2021-07-07; hCoV-19/Chile/RM-75117/2021|EPI_ISL_12144538|2021-04-07; hCoV-19/Chile/RM-87966/2021|EPI_ISL_12144542|2021-05-03; hCoV-19/Chile/AP-113321/2021|EPI_ISL_12144318|2021-06-15; hCoV-19/Chile/RM-98751/2021|EPI_ISL_12144555|2021-05-23; hCoV-19/Chile/RM-130369/2021|EPI_ISL_11976091|2021-07-27; hCoV-19/Chile/BI-155994/2021|EPI_ISL_5431389|2021-09-21; hCoV-19/Chile/BI-133777/2021|EPI_ISL_11976127|2021-08-01
0	99	2	0.4703709999999999	0.6477079999999998	non-Chile	0.46575199999999983	0.34520399999999984	hCoV-19/Chile/RM-85618/2021|EPI_ISL_2391024|2021-04-25; hCoV-19/Chile/RM-108125/2021|EPI_ISL_2756318|2021-06-08
0	100	14	0.622118	0.6789049999999999	non-Chile	0.5561639999999999	0.42465699999999984	hCoV-19/Chile/BI-72831/2021|EPI_ISL_1541050|2021-04-04; hCoV-19/Chile/ML-62241/2021|EPI_ISL_1470469|2021-03-24; hCoV-19/Chile/ML-91520/2021|EPI_ISL_2391307|2021-05-10; hCoV-19/Chile/BI-72828/2021|EPI_ISL_1541047|2021-04-04; hCoV-19/Chile/BI-72829/2021|EPI_ISL_1541048|2021-04-04; hCoV-19/Chile/ML-77130/2021|EPI_ISL_1712328|2021-04-12; hCoV-19/Chile/ML-62234/2021|EPI_ISL_1470462|2021-03-24; hCoV-19/Chile/ML-84840/2021|EPI_ISL_2009560|2021-04-25; hCoV-19/Chile/RM-90979/2021|EPI_ISL_2391423|2021-05-09; hCoV-19/Chile/ML-77133/2021|EPI_ISL_1712330|2021-04-12; hCoV-19/Chile/ML-91524/2021|EPI_ISL_2391311|2021-05-10; hCoV-19/Chile/ML-91516/2021|EPI_ISL_2391304|2021-05-10; hCoV-19/Chile/ML-72076/2021|EPI_ISL_1541034|2021-04-05; hCoV-19/Chile/ML-62240/2021|EPI_ISL_1470468|2021-03-23
0	101	1	0.5479429999999998	0.7817009999999999	non-Chile	0.5479429999999998	0.5479429999999998	hCoV-19/Chile/RM-64381/2021|EPI_ISL_2391378|2021-03-26
0	102	356	0.7258989999999998	0.7424389999999998	non-Chile	0.654793	0.05479199999999973	hCoV-19/Chile/TA-77986/2021|EPI_ISL_1712355|2021-04-11; hCoV-19/Chile/TA-82583/2021|EPI_ISL_2597270|2021-04-20; hCoV-19/Chile/TA-74339/2021|EPI_ISL_1633363|2021-04-06; hCoV-19/Chile/TA-82589/2021|EPI_ISL_2597275|2021-04-20; hCoV-19/Chile/TA-77994/2021|EPI_ISL_1712363|2021-04-12; hCoV-19/Chile/TA-68055/2021|EPI_ISL_1470553|2021-03-29; hCoV-19/Chile/LL-81983/2021|EPI_ISL_2009628|2021-04-17; hCoV-19/Chile/AP-85685/2021|EPI_ISL_2391039|2021-04-25; hCoV-19/Chile/AP-79019/2021|EPI_ISL_2009250|2021-04-14; hCoV-19/Chile/AP-81415/2021|EPI_ISL_2009631|2021-04-19; hCoV-19/Chile/TA-61444/2021|EPI_ISL_1470448|2021-03-22; hCoV-19/Chile/RM-93806/2021|EPI_ISL_2508584|2021-05-12; hCoV-19/Chile/RM-75234/2021|EPI_ISL_2009205|2021-04-09; hCoV-19/Chile/RM-57934/2021|EPI_ISL_1470511|2021-03-19; hCoV-19/Chile/RM-59753/2021|EPI_ISL_1470518|2021-03-22; hCoV-19/Chile/RM-59901/2021|EPI_ISL_1633476|2021-03-22; hCoV-19/Chile/ML-66344/2021|EPI_ISL_1470533|2021-03-28; hCoV-19/Chile/RM-102801/2021|EPI_ISL_2663418|2021-05-30; hCoV-19/Chile/AP-109860/2021|EPI_ISL_2892666|2021-06-08; hCoV-19/Chile/RM-53417/2021|EPI_ISL_2391371|2021-03-15; hCoV-19/Chile/RM-57302/2021|EPI_ISL_1470510|2021-03-19; hCoV-19/Chile/NB-93578/2021|EPI_ISL_2508557|2021-05-12; hCoV-19/Chile/NB-84912/2021|EPI_ISL_2009573|2021-04-20; hCoV-19/Chile/NB-84914/2021|EPI_ISL_2009578|2021-04-20; hCoV-19/Chile/NB-84915/2021|EPI_ISL_2009575|2021-04-20; hCoV-19/Chile/NB-84918/2021|EPI_ISL_2009577|2021-04-20; hCoV-19/Chile/NB-84917/2021|EPI_ISL_2009576|2021-04-20; hCoV-19/Chile/NB-84916/2021|EPI_ISL_2009579|2021-04-20; hCoV-19/Chile/NB-84913/2021|EPI_ISL_2009574|2021-04-20; hCoV-19/Chile/BI-72834/2021|EPI_ISL_1541052|2021-04-04; hCoV-19/Chile/BI-66277/2021|EPI_ISL_1470527|2021-03-28; hCoV-19/Chile/ML-88228/2021|EPI_ISL_2391140|2021-05-03; hCoV-19/Chile/RM-139842/2021|EPI_ISL_4635743|2021-08-17; hCoV-19/Chile/ML-95604/2021|EPI_ISL_2509172|2021-05-16; hCoV-19/Chile/ML-111508/2021|EPI_ISL_2756167|2021-06-13; hCoV-19/Chile/ML-117653/2021|EPI_ISL_2894939|2021-06-27; hCoV-19/Chile/ML-117654/2021|EPI_ISL_2894940|2021-06-27; hCoV-19/Chile/ML-124604/2021|EPI_ISL_3369422|2021-07-11; hCoV-19/Chile/ML-88227/2021|EPI_ISL_2391139|2021-05-03; hCoV-19/Chile/ML-88224/2021|EPI_ISL_2391136|2021-05-03; hCoV-19/Chile/LR-86415/2021|EPI_ISL_2391058|2021-04-27; hCoV-19/Chile/ML-80659/2021|EPI_ISL_2009262|2021-04-18; hCoV-19/Chile/RM-78661/2021|EPI_ISL_1712373|2021-04-13; hCoV-19/Chile/ML-77134/2021|EPI_ISL_1712331|2021-04-12; hCoV-19/Chile/LI-109277/2021|EPI_ISL_12144412|2021-06-07; hCoV-19/Chile/LI-111061/2021|EPI_ISL_12144414|2021-06-13; hCoV-19/Chile/LI-111060/2021|EPI_ISL_12144413|2021-06-13; hCoV-19/Chile/ML-95610/2021|EPI_ISL_2509178|2021-05-16; hCoV-19/Chile/VS-140201/2021|EPI_ISL_4005203|2021-08-17; hCoV-19/Chile/ML-98770/2021|EPI_ISL_2543537|2021-05-23; hCoV-19/Chile/ML-98767/2021|EPI_ISL_2543535|2021-05-23; hCoV-19/Chile/RM-43153/2021|EPI_ISL_1321485|2021-03-02; hCoV-19/Chile/BI-88706/2021|EPI_ISL_2391179|2021-05-01; hCoV-19/Chile/AR-118050/2021|EPI_ISL_12144345|2021-06-27; hCoV-19/Chile/RM-52054/2021|EPI_ISL_1541001|2021-03-14; hCoV-19/Chile/RM-48102/2021|EPI_ISL_1321488|2021-03-09; hCoV-19/Chile/AR-86433/2021|EPI_ISL_2391071|2021-04-23; hCoV-19/Chile/AR-140649/2021|EPI_ISL_4632668|2021-08-16; hCoV-19/Chile/NB-127743/2021|EPI_ISL_3368811|2021-07-18; hCoV-19/Chile/BI-127634/2021|EPI_ISL_12144381|2021-07-17; hCoV-19/Chile/RM-93360/2021|EPI_ISL_2509150|2021-05-13; hCoV-19/Chile/RM-90385/2021|EPI_ISL_2391447|2021-05-04; hCoV-19/Chile/RM-99330/2021|EPI_ISL_2663558|2021-05-25; hCoV-19/Chile/RM-109836/2021|EPI_ISL_2756117|2021-06-07; hCoV-19/Chile/RM-106630/2021|EPI_ISL_2756074|2021-06-07; hCoV-19/Chile/AR-135759/2021|EPI_ISL_3982679|2021-08-04; hCoV-19/Chile/AR-135760/2021|EPI_ISL_3982680|2021-08-04; hCoV-19/Chile/LI-100609/2021|EPI_ISL_2543656|2021-05-24; hCoV-19/Chile/AR-134981/2021|EPI_ISL_4005151|2021-08-01; hCoV-19/Chile/TA-89811/2021|EPI_ISL_2391267|2021-05-03; hCoV-19/Chile/AR-119585/2021|EPI_ISL_3144903|2021-06-29; hCoV-19/Chile/NB-127748/2021|EPI_ISL_3368812|2021-07-16; hCoV-19/Chile/RM-88541/2021|EPI_ISL_2391404|2021-05-04; hCoV-19/Chile/RM-87038/2021|EPI_ISL_2391112|2021-04-30; hCoV-19/Chile/BI-121121/2021|EPI_ISL_3149132|2021-07-04; hCoV-19/Chile/RM-135503/2021|EPI_ISL_3537351|2021-08-05; hCoV-19/Chile/RM-157288/2021|EPI_ISL_5431500|2021-09-22; hCoV-19/Chile/RM-143850/2021|EPI_ISL_4635491|2021-08-25; hCoV-19/Chile/NB-128516/2021|EPI_ISL_3368460|2021-07-19; hCoV-19/Chile/AI-116965/2021|EPI_ISL_12144287|2021-06-23; hCoV-19/Chile/RM-98213/2021|EPI_ISL_2543521|2021-05-23; hCoV-19/Chile/RM-96603/2021|EPI_ISL_2543503|2021-05-19; hCoV-19/Chile/LI-112531/2021|EPI_ISL_2892822|2021-06-14; hCoV-19/Chile/RM-113289/2021|EPI_ISL_2892958|2021-06-16; hCoV-19/Chile/AR-104987/2021|EPI_ISL_2659154|2021-05-31; hCoV-19/Chile/RM-83099/2021|EPI_ISL_2597282|2021-04-21; hCoV-19/Chile/ML-77137/2021|EPI_ISL_1712333|2021-04-12; hCoV-19/Chile/BI-76594/2021|EPI_ISL_1712319|2021-04-10; hCoV-19/Chile/BI-89651/2021|EPI_ISL_2391227|2021-05-03; hCoV-19/Chile/BI-89650/2021|EPI_ISL_2391226|2021-05-01; hCoV-19/Chile/BI-93141/2021|EPI_ISL_2509113|2021-05-09; hCoV-19/Chile/BI-96243/2021|EPI_ISL_2509278|2021-05-16; hCoV-19/Chile/BI-72830/2021|EPI_ISL_1541049|2021-04-04; hCoV-19/Chile/AT-131315/2021|EPI_ISL_3363684|2021-07-07; hCoV-19/Chile/AT-131318/2021|EPI_ISL_12012962|2021-07-08; hCoV-19/Chile/AN-129198/2021|EPI_ISL_3365056|2021-07-16; hCoV-19/Chile/LI-93373/2021|EPI_ISL_2508547|2021-05-12; hCoV-19/Chile/LI-93375/2021|EPI_ISL_2508549|2021-05-12; hCoV-19/Chile/ML-80657/2021|EPI_ISL_2009263|2021-04-18; hCoV-19/Chile/AT-130702/2021|EPI_ISL_3368441|2021-07-25; hCoV-19/Chile/LI-100618/2021|EPI_ISL_2543663|2021-05-26; hCoV-19/Chile/LI-108550/2021|EPI_ISL_2756225|2021-06-07; hCoV-19/Chile/LI-117727/2021|EPI_ISL_2894944|2021-06-28; hCoV-19/Chile/BI-103696/2021|EPI_ISL_2663596|2021-05-30; hCoV-19/Chile/BI-112168/2021|EPI_ISL_2892760|2021-06-13; hCoV-19/Chile/BI-112179/2021|EPI_ISL_2892735|2021-06-13; hCoV-19/Chile/BI-137082/2021|EPI_ISL_3982000|2021-08-07; hCoV-19/Chile/BI-118036/2021|EPI_ISL_3220134|2021-06-26; hCoV-19/Chile/AR-116658/2021|EPI_ISL_2894893|2021-06-23; hCoV-19/Chile/BI-127625/2021|EPI_ISL_3262667|2021-07-16; hCoV-19/Chile/LL-140476/2021|EPI_ISL_4632661|2021-08-16; hCoV-19/Chile/LL-140471/2021|EPI_ISL_4632770|2021-08-13; hCoV-19/Chile/LL-137641/2021|EPI_ISL_3987884|2021-08-09; hCoV-19/Chile/LL-140468/2021|EPI_ISL_4632767|2021-08-13; hCoV-19/Chile/NB-129101/2021|EPI_ISL_3365082|2021-07-21; hCoV-19/Chile/BI-128334/2021|EPI_ISL_3546399|2021-07-19; hCoV-19/Chile/NB-142297/2021|EPI_ISL_4632381|2021-08-20; hCoV-19/Chile/BI-131305/2021|EPI_ISL_3363520|2021-07-26; hCoV-19/Chile/BI-131306/2021|EPI_ISL_3546366|2021-07-26; hCoV-19/Chile/ML-137437/2021|EPI_ISL_3981996|2021-08-11; hCoV-19/Chile/BI-131307/2021|EPI_ISL_3363681|2021-07-26; hCoV-19/Chile/ML-137207/2021|EPI_ISL_4005129|2021-08-09; hCoV-19/Chile/ML-139611/2021|EPI_ISL_3982410|2021-08-14; hCoV-19/Chile/RM-139834/2021|EPI_ISL_4635741|2021-08-17; hCoV-19/Chile/AP-81419/2021|EPI_ISL_2009634|2021-04-19; hCoV-19/Chile/AR-109887/2021|EPI_ISL_2892614|2021-06-07; hCoV-19/Chile/AR-112364/2021|EPI_ISL_2892620|2021-06-09; hCoV-19/Chile/LR-66883/2021|EPI_ISL_1470547|2021-03-27; hCoV-19/Chile/AR-121695/2021|EPI_ISL_3185480|2021-07-01; hCoV-19/Chile/RM-82134/2021|EPI_ISL_2597261|2021-04-19; hCoV-19/Chile/RM-92393/2021|EPI_ISL_2509144|2021-05-11; hCoV-19/Chile/RM-65096/2021|EPI_ISL_1534580|2021-03-27; hCoV-19/Chile/TA-99586/2021|EPI_ISL_2543597|2021-05-24; hCoV-19/Chile/BI-99138/2021|EPI_ISL_2543589|2021-05-23; hCoV-19/Chile/BI-81432/2021|EPI_ISL_2009642|2021-04-18; hCoV-19/Chile/AI-121680/2021|EPI_ISL_3185474|2021-07-02; hCoV-19/Chile/AI-119620/2021|EPI_ISL_3132229|2021-06-27; hCoV-19/Chile/AI-121681/2021|EPI_ISL_3185475|2021-07-02; hCoV-19/Chile/AI-100211/2021|EPI_ISL_2543618|2021-05-21; hCoV-19/Chile/AI-100216/2021|EPI_ISL_2543621|2021-05-21; hCoV-19/Chile/VS-81835/2021|EPI_ISL_2009654|2021-04-19; hCoV-19/Chile/LL-84818/2021|EPI_ISL_2009569|2021-04-25; hCoV-19/Chile/LL-104978/2021|EPI_ISL_2659146|2021-06-02; hCoV-19/Chile/LL-93831/2021|EPI_ISL_2508593|2021-05-10; hCoV-19/Chile/LL-93830/2021|EPI_ISL_2508592|2021-05-10; hCoV-19/Chile/AP-72869/2021|EPI_ISL_1541057|2021-04-05; hCoV-19/Chile/VS-88209/2021|EPI_ISL_2391129|2021-05-01; hCoV-19/Chile/VS-116723/2021|EPI_ISL_2894912|2021-06-24; hCoV-19/Chile/AP-76091/2021|EPI_ISL_1633428|2021-04-08; hCoV-19/Chile/AT-81395/2021|EPI_ISL_2009635|2021-04-18; hCoV-19/Chile/AP-85677/2021|EPI_ISL_2391031|2021-04-25; hCoV-19/Chile/AN-101012/2021|EPI_ISL_2557266|2021-05-23; hCoV-19/Chile/AP-120475/2021|EPI_ISL_3185438|2021-06-29; hCoV-19/Chile/AP-120442/2021|EPI_ISL_3185412|2021-06-29; hCoV-19/Chile/AN-116076/2021|EPI_ISL_2892593|2021-05-18; hCoV-19/Chile/AN-119310/2021|EPI_ISL_3144935|2021-06-23; hCoV-19/Chile/AN-116078/2021|EPI_ISL_2892594|2021-05-19; hCoV-19/Chile/TA-77992/2021|EPI_ISL_1712361|2021-04-11; hCoV-19/Chile/AP-79018/2021|EPI_ISL_2009249|2021-04-14; hCoV-19/Chile/AP-81417/2021|EPI_ISL_2009632|2021-04-19; hCoV-19/Chile/LR-81396/2021|EPI_ISL_2009647|2021-04-17; hCoV-19/Chile/BI-115282/2021|EPI_ISL_2892748|2021-06-21; hCoV-19/Chile/AP-79010/2021|EPI_ISL_2009244|2021-04-14; hCoV-19/Chile/AT-103185/2021|EPI_ISL_2663439|2021-05-30; hCoV-19/Chile/LL-131285/2021|EPI_ISL_3363679|2021-07-27; hCoV-19/Chile/CO-114806/2021|EPI_ISL_2892765|2021-06-22; hCoV-19/Chile/BI-99169/2021|EPI_ISL_2543593|2021-05-23; hCoV-19/Chile/RM-34064/2021|EPI_ISL_1321484|2021-02-15; hCoV-19/Chile/LI-100612/2021|EPI_ISL_2543658|2021-05-25; hCoV-19/Chile/ML-102825/2021|EPI_ISL_2663431|2021-05-30; hCoV-19/Chile/BI-96247/2021|EPI_ISL_2509281|2021-05-16; hCoV-19/Chile/ML-95615/2021|EPI_ISL_2509183|2021-05-16; hCoV-19/Chile/ML-98779/2021|EPI_ISL_2543541|2021-05-23; hCoV-19/Chile/ML-111505/2021|EPI_ISL_2756164|2021-06-13; hCoV-19/Chile/ML-121155/2021|EPI_ISL_3149142|2021-07-03; hCoV-19/Chile/AP-113324/2021|EPI_ISL_2892650|2021-06-15; hCoV-19/Chile/ML-95607/2021|EPI_ISL_2509175|2021-05-16; hCoV-19/Chile/ML-95608/2021|EPI_ISL_2509176|2021-05-16; hCoV-19/Chile/RM-89672/2021|EPI_ISL_2391231|2021-05-04; hCoV-19/Chile/BI-96233/2021|EPI_ISL_2543439|2021-05-16; hCoV-19/Chile/BI-99129/2021|EPI_ISL_2543587|2021-05-23; hCoV-19/Chile/BI-115959/2021|EPI_ISL_2892756|2021-06-21; hCoV-19/Chile/BI-121127/2021|EPI_ISL_3149134|2021-07-04; hCoV-19/Chile/BI-125703/2021|EPI_ISL_3185760|2021-07-12; hCoV-19/Chile/BI-127626/2021|EPI_ISL_3262668|2021-07-18; hCoV-19/Chile/BI-99168/2021|EPI_ISL_2543592|2021-05-23; hCoV-19/Chile/BI-112163/2021|EPI_ISL_2892759|2021-06-13; hCoV-19/Chile/BI-125678/2021|EPI_ISL_3185748|2021-07-12; hCoV-19/Chile/BI-127631/2021|EPI_ISL_3262672|2021-07-18; hCoV-19/Chile/RM-74306/2021|EPI_ISL_1633545|2021-04-06; hCoV-19/Chile/RM-79950/2021|EPI_ISL_2597247|2021-04-17; hCoV-19/Chile/RM-90978/2021|EPI_ISL_2391422|2021-05-09; hCoV-19/Chile/RM-93908/2021|EPI_ISL_2508607|2021-05-09; hCoV-19/Chile/RM-98056/2021|EPI_ISL_2543448|2021-05-18; hCoV-19/Chile/RM-126529/2021|EPI_ISL_3369369|2021-07-19; hCoV-19/Chile/AP-113325/2021|EPI_ISL_2892651|2021-06-15; hCoV-19/Chile/AP-109857/2021|EPI_ISL_2892663|2021-06-07; hCoV-19/Chile/AP-104573/2021|EPI_ISL_2659134|2021-05-31; hCoV-19/Chile/AP-85680/2021|EPI_ISL_2391034|2021-04-26; hCoV-19/Chile/AP-85681/2021|EPI_ISL_2391035|2021-04-26; hCoV-19/Chile/AP-88798/2021|EPI_ISL_2391184|2021-05-03; hCoV-19/Chile/AT-89621/2021|EPI_ISL_2391207|2021-05-02; hCoV-19/Chile/AT-103178/2021|EPI_ISL_2663437|2021-05-28; hCoV-19/Chile/AT-103182/2021|EPI_ISL_2663438|2021-05-28; hCoV-19/Chile/RM-124884/2021|EPI_ISL_3369368|2021-07-13; hCoV-19/Chile/AT-89627/2021|EPI_ISL_2391213|2021-05-02; hCoV-19/Chile/AT-112267/2021|EPI_ISL_2892708|2021-06-14; hCoV-19/Chile/AT-121874/2021|EPI_ISL_3149145|2021-07-02; hCoV-19/Chile/AT-116108/2021|EPI_ISL_2892690|2021-06-21; hCoV-19/Chile/AT-116119/2021|EPI_ISL_2892700|2021-06-21; hCoV-19/Chile/AT-116109/2021|EPI_ISL_2892691|2021-06-21; hCoV-19/Chile/AT-131317/2021|EPI_ISL_12012954|2021-07-09; hCoV-19/Chile/AT-137232/2021|EPI_ISL_4005130|2021-08-08; hCoV-19/Chile/AT-135481/2021|EPI_ISL_3982627|2021-08-01; hCoV-19/Chile/AT-135559/2021|EPI_ISL_3982629|2021-08-01; hCoV-19/Chile/AT-125319/2021|EPI_ISL_3185677|2021-07-10; hCoV-19/Chile/AT-125323/2021|EPI_ISL_3185681|2021-07-10; hCoV-19/Chile/AT-125351/2021|EPI_ISL_3185707|2021-07-10; hCoV-19/Chile/AT-130698/2021|EPI_ISL_3368437|2021-07-24; hCoV-19/Chile/AT-127764/2021|EPI_ISL_3368817|2021-07-17; hCoV-19/Chile/CO-100492/2021|EPI_ISL_2543652|2021-05-26; hCoV-19/Chile/CO-100490/2021|EPI_ISL_2543650|2021-05-26; hCoV-19/Chile/BI-88968/2021|EPI_ISL_2391204|2021-05-02; hCoV-19/Chile/BI-99171/2021|EPI_ISL_2543595|2021-05-23; hCoV-19/Chile/BI-103694/2021|EPI_ISL_2663595|2021-05-30; hCoV-19/Chile/AR-101057/2021|EPI_ISL_12144339|2021-05-24; hCoV-19/Chile/AR-101058/2021|EPI_ISL_2557292|2021-05-24; hCoV-19/Chile/AR-121691/2021|EPI_ISL_12144347|2021-07-02; hCoV-19/Chile/AR-121692/2021|EPI_ISL_3185479|2021-07-03; hCoV-19/Chile/AR-124412/2021|EPI_ISL_3185646|2021-07-09; hCoV-19/Chile/AR-86432/2021|EPI_ISL_2391070|2021-04-24; hCoV-19/Chile/AR-109886/2021|EPI_ISL_2892626|2021-06-09; hCoV-19/Chile/AR-101061/2021|EPI_ISL_2557293|2021-05-25; hCoV-19/Chile/AR-116650/2021|EPI_ISL_3220127|2021-06-22; hCoV-19/Chile/AR-115503/2021|EPI_ISL_2892621|2021-06-21; hCoV-19/Chile/AR-116649/2021|EPI_ISL_3220125|2021-06-20; hCoV-19/Chile/AR-115506/2021|EPI_ISL_2892623|2021-06-18; hCoV-19/Chile/AR-118053/2021|EPI_ISL_2896147|2021-06-25; hCoV-19/Chile/AR-72039/2021|EPI_ISL_1541021|2021-03-29; hCoV-19/Chile/AR-86437/2021|EPI_ISL_2391074|2021-04-23; hCoV-19/Chile/AR-93827/2021|EPI_ISL_2508591|2021-05-11; hCoV-19/Chile/AR-99596/2021|EPI_ISL_2543600|2021-05-18; hCoV-19/Chile/ML-128450/2021|EPI_ISL_12144455|2021-07-20; hCoV-19/Chile/ML-128457/2021|EPI_ISL_12144456|2021-07-20; hCoV-19/Chile/AR-99593/2021|EPI_ISL_12144358|2021-05-24; hCoV-19/Chile/RM-87667/2021|EPI_ISL_2391397|2021-05-03; hCoV-19/Chile/ML-102820/2021|EPI_ISL_12144449|2021-05-30; hCoV-19/Chile/ML-114647/2021|EPI_ISL_12144451|2021-06-20; hCoV-19/Chile/AR-96964/2021|EPI_ISL_2509305|2021-05-09; hCoV-19/Chile/AR-112362/2021|EPI_ISL_2892618|2021-06-13; hCoV-19/Chile/AR-99595/2021|EPI_ISL_2543599|2021-05-24; hCoV-19/Chile/AR-105391/2021|EPI_ISL_2659176|2021-05-31; hCoV-19/Chile/AR-104984/2021|EPI_ISL_12144341|2021-06-01; hCoV-19/Chile/AR-104983/2021|EPI_ISL_2659151|2021-06-01; hCoV-19/Chile/AR-79033/2021|EPI_ISL_2009242|2021-04-06; hCoV-19/Chile/AR-79029/2021|EPI_ISL_2009238|2021-04-06; hCoV-19/Chile/RM-76852/2021|EPI_ISL_2009217|2021-04-12; hCoV-19/Chile/LI-88379/2021|EPI_ISL_2391160|2021-05-02; hCoV-19/Chile/AP-79015/2021|EPI_ISL_2009246|2021-04-14; hCoV-19/Chile/AP-71149/2021|EPI_ISL_1534609|2021-03-31; hCoV-19/Chile/AP-81418/2021|EPI_ISL_2009633|2021-04-19; hCoV-19/Chile/RM-101570/2021|EPI_ISL_2663578|2021-05-29; hCoV-19/Chile/AR-93821/2021|EPI_ISL_2508585|2021-05-11; hCoV-19/Chile/AP-74593/2021|EPI_ISL_1633383|2021-04-07; hCoV-19/Chile/BI-96231/2021|EPI_ISL_2543437|2021-05-17; hCoV-19/Chile/RM-84364/2021|EPI_ISL_2009581|2021-04-12; hCoV-19/Chile/RM-114845/2021|EPI_ISL_2892955|2021-06-22; hCoV-19/Chile/AP-113047/2021|EPI_ISL_2892637|2021-06-14; hCoV-19/Chile/AP-116072/2021|EPI_ISL_2892659|2021-06-21; hCoV-19/Chile/AP-113319/2021|EPI_ISL_2892647|2021-06-15; hCoV-19/Chile/AP-109864/2021|EPI_ISL_2892670|2021-06-08; hCoV-19/Chile/AP-121899/2021|EPI_ISL_3185553|2021-07-02; hCoV-19/Chile/AP-121207/2021|EPI_ISL_3132653|2021-07-01; hCoV-19/Chile/AP-136814/2021|EPI_ISL_4005128|2021-08-06; hCoV-19/Chile/AP-136813/2021|EPI_ISL_3981997|2021-08-06; hCoV-19/Chile/AP-139289/2021|EPI_ISL_4628779|2021-08-11; hCoV-19/Chile/AP-129194/2021|EPI_ISL_3365067|2021-07-20; hCoV-19/Chile/AR-102809/2021|EPI_ISL_2663423|2021-05-30; hCoV-19/Chile/AR-83160/2021|EPI_ISL_2597300|2021-04-14; hCoV-19/Chile/AR-108210/2021|EPI_ISL_2756320|2021-06-05; hCoV-19/Chile/AR-96881/2021|EPI_ISL_2509304|2021-05-13; hCoV-19/Chile/LR-81393/2021|EPI_ISL_2009648|2021-04-18; hCoV-19/Chile/AT-81394/2021|EPI_ISL_2009639|2021-04-18; hCoV-19/Chile/AN-85048/2021|EPI_ISL_2009561|2021-04-26; hCoV-19/Chile/ML-49421/2021|EPI_ISL_1470419|2021-03-09; hCoV-19/Chile/BI-93149/2021|EPI_ISL_2509115|2021-05-09; hCoV-19/Chile/BI-96235/2021|EPI_ISL_2543441|2021-05-16; hCoV-19/Chile/AR-125922/2021|EPI_ISL_3369365|2021-07-10; hCoV-19/Chile/BI-88962/2021|EPI_ISL_2391199|2021-05-03; hCoV-19/Chile/TA-92608/2021|EPI_ISL_2391344|2021-05-10; hCoV-19/Chile/AN-122662/2021|EPI_ISL_3185586|2021-07-03; hCoV-19/Chile/AN-116609/2021|EPI_ISL_12144303|2021-06-21; hCoV-19/Chile/AN-116095/2021|EPI_ISL_2892606|2021-06-12; hCoV-19/Chile/AN-116092/2021|EPI_ISL_2892603|2021-06-10; hCoV-19/Chile/AN-126762/2021|EPI_ISL_3368903|2021-07-07; hCoV-19/Chile/AN-126763/2021|EPI_ISL_3368904|2021-07-12; hCoV-19/Chile/AN-129122/2021|EPI_ISL_3365045|2021-07-14; hCoV-19/Chile/AN-126752/2021|EPI_ISL_3368902|2021-07-12; hCoV-19/Chile/LI-109272/2021|EPI_ISL_2756083|2021-06-07; hCoV-19/Chile/LI-115270/2021|EPI_ISL_2892824|2021-06-21; hCoV-19/Chile/LI-109280/2021|EPI_ISL_2756089|2021-06-07; hCoV-19/Chile/RM-114423/2021|EPI_ISL_2892952|2021-06-21; hCoV-19/Chile/NB-113663/2021|EPI_ISL_2893012|2021-06-16; hCoV-19/Chile/NB-118062/2021|EPI_ISL_2896184|2021-06-28; hCoV-19/Chile/LI-116231/2021|EPI_ISL_3220036|2021-06-22; hCoV-19/Chile/RM-109842/2021|EPI_ISL_2756123|2021-06-10; hCoV-19/Chile/RM-101992/2021|EPI_ISL_2663579|2021-05-30; hCoV-19/Chile/TA-73407/2021|EPI_ISL_1633527|2021-04-05; hCoV-19/Chile/RM-72994/2021|EPI_ISL_2009200|2021-04-06; hCoV-19/Chile/RM-72637/2021|EPI_ISL_2009199|2021-04-06; hCoV-19/Chile/TA-77983/2021|EPI_ISL_1712352|2021-04-11; hCoV-19/Chile/TA-84931/2021|EPI_ISL_2009584|2021-04-25; hCoV-19/Chile/AR-113760/2021|EPI_ISL_2892615|2021-06-16; hCoV-19/Chile/AR-96967/2021|EPI_ISL_2509307|2021-05-18; hCoV-19/Chile/VS-81833/2021|EPI_ISL_2009653|2021-04-19; hCoV-19/Chile/RM-58760/2021|EPI_ISL_1470514|2021-03-21; hCoV-19/Chile/RM-117031/2021|EPI_ISL_3132214|2021-06-26; hCoV-19/Chile/RM-98946/2021|EPI_ISL_2663556|2021-05-25; hCoV-19/Chile/RM-60632/2021|EPI_ISL_1633477|2021-03-23; hCoV-19/Chile/LI-89750/2021|EPI_ISL_2391245|2021-05-04; hCoV-19/Chile/LI-89747/2021|EPI_ISL_2391242|2021-05-04; hCoV-19/Chile/LI-92558/2021|EPI_ISL_2391338|2021-05-10; hCoV-19/Chile/LI-89748/2021|EPI_ISL_2391243|2021-05-04; hCoV-19/Chile/LI-89749/2021|EPI_ISL_2391244|2021-05-04; hCoV-19/Chile/LI-92461/2021|EPI_ISL_2391333|2021-05-10; hCoV-19/Chile/LL-133162/2021|EPI_ISL_3536102|2021-07-30; hCoV-19/Chile/LL-152661/2021|EPI_ISL_4658531|2021-09-06; hCoV-19/Chile/LL-147242/2021|EPI_ISL_4632556|2021-08-28; hCoV-19/Chile/RM-69886/2021|EPI_ISL_1633505|2021-04-01; hCoV-19/Chile/RM-79472/2021|EPI_ISL_2009288|2021-04-15; hCoV-19/Chile/BI-88702/2021|EPI_ISL_2391175|2021-05-01; hCoV-19/Chile/BI-105370/2021|EPI_ISL_2659163|2021-05-30; hCoV-19/Chile/BI-121238/2021|EPI_ISL_3132672|2021-07-03; hCoV-19/Chile/BI-121229/2021|EPI_ISL_3132664|2021-07-04; hCoV-19/Chile/BI-121228/2021|EPI_ISL_3132663|2021-07-04; hCoV-19/Chile/BI-139741/2021|EPI_ISL_3988282|2021-08-13; hCoV-19/Chile/BI-139747/2021|EPI_ISL_3988287|2021-08-13; hCoV-19/Chile/BI-143039/2021|EPI_ISL_4635803|2021-08-23; hCoV-19/Chile/BI-142076/2021|EPI_ISL_4631965|2021-08-21; hCoV-19/Chile/BI-142075/2021|EPI_ISL_4631964|2021-08-21; hCoV-19/Chile/BI-139748/2021|EPI_ISL_3988288|2021-08-13; hCoV-19/Chile/BI-139752/2021|EPI_ISL_3988290|2021-08-13; hCoV-19/Chile/BI-139745/2021|EPI_ISL_3988285|2021-08-13; hCoV-19/Chile/BI-139754/2021|EPI_ISL_3988291|2021-08-13; hCoV-19/Chile/BI-139744/2021|EPI_ISL_3988284|2021-08-13; hCoV-19/Chile/TA-139685/2021|EPI_ISL_3988258|2021-08-10; hCoV-19/Chile/BI-139746/2021|EPI_ISL_3988286|2021-08-14; hCoV-19/Chile/BI-105373/2021|EPI_ISL_2659166|2021-05-30; hCoV-19/Chile/BI-105371/2021|EPI_ISL_2659164|2021-05-30; hCoV-19/Chile/BI-125752/2021|EPI_ISL_3358556|2021-07-11; hCoV-19/Chile/BI-129204/2021|EPI_ISL_3364881|2021-07-20; hCoV-19/Chile/RM-68791/2021|EPI_ISL_1534594|2021-03-31; hCoV-19/Chile/RM-68795/2021|EPI_ISL_1534597|2021-03-31; hCoV-19/Chile/RM-76070/2021|EPI_ISL_1633420|2021-04-07; hCoV-19/Chile/RM-76073/2021|EPI_ISL_1633421|2021-04-09; hCoV-19/Chile/RM-71695/2021|EPI_ISL_2009194|2021-04-05
0	103	108	0.7352809999999999	0.7473619999999999	non-Chile	0.7013679999999998	0.08493099999999987	hCoV-19/Chile/RM-24779/2021|EPI_ISL_2391365|2021-01-29; hCoV-19/Chile/ML-89979/2021|EPI_ISL_2391432|2021-05-05; hCoV-19/Chile/ML-89978/2021|EPI_ISL_2391431|2021-05-05; hCoV-19/Chile/RM-114836/2021|EPI_ISL_2892954|2021-06-22; hCoV-19/Chile/VS-119710/2021|EPI_ISL_3144938|2021-07-01; hCoV-19/Chile/AR-140647/2021|EPI_ISL_4632654|2021-08-16; hCoV-19/Chile/RM-136073/2021|EPI_ISL_3988103|2021-08-06; hCoV-19/Chile/TA-83531/2021|EPI_ISL_2597309|2021-04-23; hCoV-19/Chile/BI-99141/2021|EPI_ISL_2543590|2021-05-23; hCoV-19/Chile/TA-83534/2021|EPI_ISL_2597310|2021-04-19; hCoV-19/Chile/TA-83535/2021|EPI_ISL_2597311|2021-04-22; hCoV-19/Chile/AN-152085/2021|EPI_ISL_4655535|2021-09-11; hCoV-19/Chile/RM-79448/2021|EPI_ISL_2597245|2021-04-15; hCoV-19/Chile/AP-73416/2021|EPI_ISL_1633534|2021-04-05; hCoV-19/Chile/AP-72874/2021|EPI_ISL_1541061|2021-04-05; hCoV-19/Chile/AP-76580/2021|EPI_ISL_1712315|2021-04-09; hCoV-19/Chile/AT-135565/2021|EPI_ISL_3982634|2021-08-02; hCoV-19/Chile/CO-125496/2021|EPI_ISL_3185735|2021-07-13; hCoV-19/Chile/AP-74614/2021|EPI_ISL_1633391|2021-04-06; hCoV-19/Chile/AP-76085/2021|EPI_ISL_1633423|2021-04-08; hCoV-19/Chile/AP-76087/2021|EPI_ISL_1633424|2021-04-08; hCoV-19/Chile/NB-71972/2021|EPI_ISL_1541012|2021-04-01; hCoV-19/Chile/NB-71971/2021|EPI_ISL_1541011|2021-04-01; hCoV-19/Chile/TA-74343/2021|EPI_ISL_1633366|2021-04-06; hCoV-19/Chile/AP-74590/2021|EPI_ISL_1633380|2021-04-06; hCoV-19/Chile/AP-104561/2021|EPI_ISL_2659123|2021-05-31; hCoV-19/Chile/AP-98116/2021|EPI_ISL_2543466|2021-05-18; hCoV-19/Chile/AP-130274/2021|EPI_ISL_3369329|2021-07-22; hCoV-19/Chile/AP-91189/2021|EPI_ISL_2391290|2021-05-04; hCoV-19/Chile/AP-91191/2021|EPI_ISL_2391292|2021-05-04; hCoV-19/Chile/AT-125330/2021|EPI_ISL_3185687|2021-07-10; hCoV-19/Chile/AT-125331/2021|EPI_ISL_3185688|2021-07-10; hCoV-19/Chile/AT-81391/2021|EPI_ISL_2009638|2021-04-18; hCoV-19/Chile/AT-85617/2021|EPI_ISL_2391023|2021-04-26; hCoV-19/Chile/CO-102199/2021|EPI_ISL_12144400|2021-05-31; hCoV-19/Chile/AT-99607/2021|EPI_ISL_12144374|2021-05-23; hCoV-19/Chile/AT-92683/2021|EPI_ISL_2391349|2021-05-09; hCoV-19/Chile/AT-99622/2021|EPI_ISL_2543609|2021-05-23; hCoV-19/Chile/AT-121858/2021|EPI_ISL_3185511|2021-07-02; hCoV-19/Chile/AT-121859/2021|EPI_ISL_3149143|2021-07-02; hCoV-19/Chile/AT-121860/2021|EPI_ISL_3149144|2021-07-02; hCoV-19/Chile/AT-99617/2021|EPI_ISL_2543606|2021-05-23; hCoV-19/Chile/AT-121885/2021|EPI_ISL_3185536|2021-07-04; hCoV-19/Chile/AT-125325/2021|EPI_ISL_3185683|2021-07-11; hCoV-19/Chile/AT-130704/2021|EPI_ISL_3368443|2021-07-25; hCoV-19/Chile/AT-130703/2021|EPI_ISL_3368442|2021-07-25; hCoV-19/Chile/AT-85612/2021|EPI_ISL_2391018|2021-04-25; hCoV-19/Chile/AT-89629/2021|EPI_ISL_2391215|2021-05-02; hCoV-19/Chile/AT-99608/2021|EPI_ISL_2543601|2021-05-23; hCoV-19/Chile/AT-92686/2021|EPI_ISL_2391350|2021-05-09; hCoV-19/Chile/AT-89625/2021|EPI_ISL_2391211|2021-05-02; hCoV-19/Chile/AT-92687/2021|EPI_ISL_2391351|2021-05-09; hCoV-19/Chile/BI-96239/2021|EPI_ISL_2543445|2021-05-16; hCoV-19/Chile/AN-119311/2021|EPI_ISL_3144936|2021-06-22; hCoV-19/Chile/AN-109423/2021|EPI_ISL_2756113|2021-06-09; hCoV-19/Chile/AN-119309/2021|EPI_ISL_3144934|2021-06-23; hCoV-19/Chile/AN-109408/2021|EPI_ISL_2756107|2021-06-07; hCoV-19/Chile/AN-109391/2021|EPI_ISL_2756103|2021-06-08; hCoV-19/Chile/AN-109389/2021|EPI_ISL_2756102|2021-06-08; hCoV-19/Chile/RM-85620/2021|EPI_ISL_2391025|2021-04-25; hCoV-19/Chile/TA-81873/2021|EPI_ISL_2009652|2021-04-19; hCoV-19/Chile/AP-74613/2021|EPI_ISL_1633390|2021-04-06; hCoV-19/Chile/AP-74609/2021|EPI_ISL_1633386|2021-04-06; hCoV-19/Chile/AP-91194/2021|EPI_ISL_2391295|2021-05-04; hCoV-19/Chile/AP-88800/2021|EPI_ISL_2391186|2021-05-03; hCoV-19/Chile/AP-88806/2021|EPI_ISL_2391188|2021-05-03; hCoV-19/Chile/AN-101013/2021|EPI_ISL_2557267|2021-05-22; hCoV-19/Chile/AN-116094/2021|EPI_ISL_2892605|2021-06-14; hCoV-19/Chile/AN-88356/2021|EPI_ISL_2391149|2021-05-02; hCoV-19/Chile/AN-116614/2021|EPI_ISL_3220109|2021-06-21; hCoV-19/Chile/RM-69302/2021|EPI_ISL_1633503|2021-03-31; hCoV-19/Chile/RM-80256/2021|EPI_ISL_2597251|2021-04-18; hCoV-19/Chile/LR-97028/2021|EPI_ISL_2509317|2021-05-17; hCoV-19/Chile/RM-45728/2021|EPI_ISL_1321483|2021-03-06; hCoV-19/Chile/RM-65489/2021|EPI_ISL_1534582|2021-03-28; hCoV-19/Chile/RM-79470/2021|EPI_ISL_2009298|2021-04-12; hCoV-19/Chile/RM-51566/2021|EPI_ISL_1534554|2021-03-13; hCoV-19/Chile/RM-62179/2021|EPI_ISL_12144536|2021-03-21; hCoV-19/Chile/ML-89981/2021|EPI_ISL_2391434|2021-05-05; hCoV-19/Chile/BI-76598/2021|EPI_ISL_1712320|2021-04-10; hCoV-19/Chile/BI-115953/2021|EPI_ISL_2892742|2021-06-21; hCoV-19/Chile/BI-133780/2021|EPI_ISL_3537167|2021-08-01; hCoV-19/Chile/RM-97551/2021|EPI_ISL_2543506|2021-05-21; hCoV-19/Chile/AN-100649/2021|EPI_ISL_2557253|2021-05-25; hCoV-19/Chile/NB-104436/2021|EPI_ISL_2659118|2021-05-28; hCoV-19/Chile/ML-91525/2021|EPI_ISL_2391312|2021-05-10; hCoV-19/Chile/ML-91522/2021|EPI_ISL_2391309|2021-05-10; hCoV-19/Chile/BI-125677/2021|EPI_ISL_3185747|2021-07-12; hCoV-19/Chile/NB-124626/2021|EPI_ISL_3369429|2021-07-10; hCoV-19/Chile/NB-137252/2021|EPI_ISL_4005132|2021-08-07; hCoV-19/Chile/NB-124620/2021|EPI_ISL_3369424|2021-07-09; hCoV-19/Chile/NB-124621/2021|EPI_ISL_3369425|2021-07-09; hCoV-19/Chile/LR-89688/2021|EPI_ISL_2391236|2021-05-03; hCoV-19/Chile/LR-93793/2021|EPI_ISL_2508579|2021-05-10; hCoV-19/Chile/LR-131403/2021|EPI_ISL_3363517|2021-07-26; hCoV-19/Chile/LR-131398/2021|EPI_ISL_3546390|2021-07-26; hCoV-19/Chile/RM-101025/2021|EPI_ISL_2557278|2021-05-24; hCoV-19/Chile/ML-88233/2021|EPI_ISL_2391143|2021-05-03; hCoV-19/Chile/ML-91528/2021|EPI_ISL_2391315|2021-05-10; hCoV-19/Chile/ML-91517/2021|EPI_ISL_2391305|2021-05-10; hCoV-19/Chile/ML-84844/2021|EPI_ISL_2009565|2021-04-25; hCoV-19/Chile/ML-88223/2021|EPI_ISL_2391135|2021-05-03; hCoV-19/Chile/BI-133773/2021|EPI_ISL_3537161|2021-07-31; hCoV-19/Chile/BI-115955/2021|EPI_ISL_2892751|2021-06-21; hCoV-19/Chile/NB-63487/2021|EPI_ISL_1470470|2021-03-22; hCoV-19/Chile/CO-70998/2021|EPI_ISL_1633519|2021-04-04; hCoV-19/Chile/LI-103847/2021|EPI_ISL_2663603|2021-05-31; hCoV-19/Chile/LI-103848/2021|EPI_ISL_2663604|2021-05-31
0	104	5	0.33069499999999985	0.3541949999999998	non-Chile	0.2767109999999998	0.17808099999999982	hCoV-19/Chile/AT-131311/2021|EPI_ISL_3363682|2021-07-13; hCoV-19/Chile/AT-131312/2021|EPI_ISL_3363683|2021-07-16; hCoV-19/Chile/AT-127763/2021|EPI_ISL_3368816|2021-07-17; hCoV-19/Chile/AT-121881/2021|EPI_ISL_3185532|2021-07-03; hCoV-19/Chile/NB-137251/2021|EPI_ISL_4005131|2021-08-08
0	105	6	0.31905399999999984	0.3541949999999998	non-Chile	0.2876709999999998	0.2602739999999998	hCoV-19/Chile/AP-121841/2021|EPI_ISL_12144333|2021-07-04; hCoV-19/Chile/AP-120479/2021|EPI_ISL_12144330|2021-06-29; hCoV-19/Chile/AP-124014/2021|EPI_ISL_12144335|2021-07-05; hCoV-19/Chile/AP-121896/2021|EPI_ISL_12144334|2021-07-02; hCoV-19/Chile/AN-126766/2021|EPI_ISL_3368849|2021-07-09; hCoV-19/Chile/AN-126743/2021|EPI_ISL_11976064|2021-07-09
0	106	312	0.689646	0.7003499999999999	non-Chile	0.6246589999999999	0.07945499999999994	hCoV-19/Chile/LI-103857/2021|EPI_ISL_2663613|2021-05-31; hCoV-19/Chile/LI-109282/2021|EPI_ISL_2756091|2021-06-07; hCoV-19/Chile/RM-110750/2021|EPI_ISL_2892896|2021-06-13; hCoV-19/Chile/RM-113208/2021|EPI_ISL_2892948|2021-06-17; hCoV-19/Chile/RM-79560/2021|EPI_ISL_2391384|2021-04-16; hCoV-19/Chile/ML-107050/2021|EPI_ISL_2756305|2021-06-06; hCoV-19/Chile/LI-139354/2021|EPI_ISL_4628780|2021-08-14; hCoV-19/Chile/RM-141518/2021|EPI_ISL_4635756|2021-08-20; hCoV-19/Chile/RM-132281/2021|EPI_ISL_3536129|2021-07-30; hCoV-19/Chile/RM-124546/2021|EPI_ISL_3369418|2021-07-12; hCoV-19/Chile/RM-70819/2021|EPI_ISL_1633517|2021-04-03; hCoV-19/Chile/LR-97014/2021|EPI_ISL_2509311|2021-05-16; hCoV-19/Chile/AT-81386/2021|EPI_ISL_2009637|2021-04-18; hCoV-19/Chile/LR-116659/2021|EPI_ISL_2894894|2021-06-18; hCoV-19/Chile/LR-131431/2021|EPI_ISL_3363482|2021-07-27; hCoV-19/Chile/LR-131435/2021|EPI_ISL_3546363|2021-07-27; hCoV-19/Chile/MA-122645/2021|EPI_ISL_3185574|2021-07-02; hCoV-19/Chile/MA-122646/2021|EPI_ISL_3185575|2021-07-02; hCoV-19/Chile/MA-123910/2021|EPI_ISL_3185603|2021-07-06; hCoV-19/Chile/LR-93798/2021|EPI_ISL_2508583|2021-05-11; hCoV-19/Chile/LR-116644/2021|EPI_ISL_3220122|2021-06-20; hCoV-19/Chile/LR-86425/2021|EPI_ISL_2391066|2021-04-26; hCoV-19/Chile/LR-101017/2021|EPI_ISL_2557270|2021-05-24; hCoV-19/Chile/LR-89684/2021|EPI_ISL_2391233|2021-05-03; hCoV-19/Chile/LR-101016/2021|EPI_ISL_12144437|2021-05-25; hCoV-19/Chile/LR-90765/2021|EPI_ISL_2391462|2021-05-06; hCoV-19/Chile/LR-90766/2021|EPI_ISL_2391463|2021-05-06; hCoV-19/Chile/LR-90761/2021|EPI_ISL_2391458|2021-05-06; hCoV-19/Chile/LR-90760/2021|EPI_ISL_2391457|2021-05-06; hCoV-19/Chile/LR-90762/2021|EPI_ISL_2391459|2021-05-06; hCoV-19/Chile/LR-90763/2021|EPI_ISL_2391460|2021-05-05; hCoV-19/Chile/LR-93790/2021|EPI_ISL_2508576|2021-05-08; hCoV-19/Chile/LR-93797/2021|EPI_ISL_2508582|2021-05-11; hCoV-19/Chile/LR-97016/2021|EPI_ISL_2509312|2021-05-17; hCoV-19/Chile/LR-97020/2021|EPI_ISL_2509313|2021-05-17; hCoV-19/Chile/LR-97024/2021|EPI_ISL_2509315|2021-05-17; hCoV-19/Chile/LR-97022/2021|EPI_ISL_2509314|2021-05-17; hCoV-19/Chile/LR-93791/2021|EPI_ISL_2508577|2021-05-10; hCoV-19/Chile/LR-131432/2021|EPI_ISL_11976160|2021-07-26; hCoV-19/Chile/LR-93789/2021|EPI_ISL_2508575|2021-05-07; hCoV-19/Chile/LR-113033/2021|EPI_ISL_12144440|2021-06-11; hCoV-19/Chile/LR-116637/2021|EPI_ISL_12144442|2021-06-16; hCoV-19/Chile/LR-108208/2021|EPI_ISL_12144438|2021-06-05; hCoV-19/Chile/LL-86400/2021|EPI_ISL_2391048|2021-04-28; hCoV-19/Chile/BI-112185/2021|EPI_ISL_2892739|2021-06-13; hCoV-19/Chile/BI-125709/2021|EPI_ISL_3185765|2021-07-11; hCoV-19/Chile/BI-135380/2021|EPI_ISL_3537350|2021-08-02; hCoV-19/Chile/BI-133785/2021|EPI_ISL_3537172|2021-07-31; hCoV-19/Chile/BI-148844/2021|EPI_ISL_4652878|2021-09-02; hCoV-19/Chile/BI-148843/2021|EPI_ISL_4652861|2021-09-02; hCoV-19/Chile/BI-148841/2021|EPI_ISL_4652870|2021-09-02; hCoV-19/Chile/BI-148842/2021|EPI_ISL_4652871|2021-09-02; hCoV-19/Chile/BI-150036/2021|EPI_ISL_4655071|2021-09-08; hCoV-19/Chile/BI-150037/2021|EPI_ISL_4655075|2021-09-08; hCoV-19/Chile/RM-78662/2021|EPI_ISL_1712374|2021-04-13; hCoV-19/Chile/BI-88703/2021|EPI_ISL_2391176|2021-05-01; hCoV-19/Chile/BI-138311/2021|EPI_ISL_4005060|2021-08-11; hCoV-19/Chile/BI-127619/2021|EPI_ISL_3262664|2021-07-18; hCoV-19/Chile/BI-121129/2021|EPI_ISL_3149135|2021-07-04; hCoV-19/Chile/BI-96238/2021|EPI_ISL_2543444|2021-05-16; hCoV-19/Chile/BI-96237/2021|EPI_ISL_2543443|2021-05-16; hCoV-19/Chile/NB-137677/2021|EPI_ISL_3987892|2021-08-10; hCoV-19/Chile/NB-138767/2021|EPI_ISL_3988129|2021-08-10; hCoV-19/Chile/NB-140093/2021|EPI_ISL_4005201|2021-08-16; hCoV-19/Chile/NB-142763/2021|EPI_ISL_4632427|2021-08-23; hCoV-19/Chile/NB-142296/2021|EPI_ISL_4632380|2021-08-20; hCoV-19/Chile/NB-150303/2021|EPI_ISL_4659667|2021-09-06; hCoV-19/Chile/NB-152691/2021|EPI_ISL_4658535|2021-09-13; hCoV-19/Chile/NB-142765/2021|EPI_ISL_4632429|2021-08-23; hCoV-19/Chile/NB-142764/2021|EPI_ISL_4632428|2021-08-23; hCoV-19/Chile/NB-136554/2021|EPI_ISL_3987679|2021-08-08; hCoV-19/Chile/NB-150302/2021|EPI_ISL_4655076|2021-09-07; hCoV-19/Chile/NB-143256/2021|EPI_ISL_4649331|2021-08-22; hCoV-19/Chile/NB-142767/2021|EPI_ISL_4635734|2021-08-23; hCoV-19/Chile/NB-144987/2021|EPI_ISL_4635558|2021-08-28; hCoV-19/Chile/NB-135763/2021|EPI_ISL_3982683|2021-08-05; hCoV-19/Chile/NB-126162/2021|EPI_ISL_3369432|2021-07-12; hCoV-19/Chile/LI-125506/2021|EPI_ISL_3185742|2021-07-13; hCoV-19/Chile/RM-63891/2021|EPI_ISL_1470555|2021-03-24; hCoV-19/Chile/CO-73380/2021|EPI_ISL_1633378|2021-04-04; hCoV-19/Chile/RM-93916/2021|EPI_ISL_12144547|2021-05-10; hCoV-19/Chile/RM-86757/2021|EPI_ISL_2391103|2021-04-29; hCoV-19/Chile/BI-138320/2021|EPI_ISL_4005000|2021-08-11; hCoV-19/Chile/BI-138312/2021|EPI_ISL_4005003|2021-08-11; hCoV-19/Chile/BI-140995/2021|EPI_ISL_4630481|2021-08-17; hCoV-19/Chile/NB-150305/2021|EPI_ISL_4659660|2021-09-07; hCoV-19/Chile/AP-113050/2021|EPI_ISL_2892640|2021-06-14; hCoV-19/Chile/CO-114809/2021|EPI_ISL_2892768|2021-06-21; hCoV-19/Chile/CO-103841/2021|EPI_ISL_2663598|2021-06-01; hCoV-19/Chile/AT-116115/2021|EPI_ISL_2892696|2021-06-21; hCoV-19/Chile/AT-116118/2021|EPI_ISL_2892699|2021-06-21; hCoV-19/Chile/AT-121886/2021|EPI_ISL_3185537|2021-07-03; hCoV-19/Chile/AT-116114/2021|EPI_ISL_2892695|2021-06-21; hCoV-19/Chile/AT-129103/2021|EPI_ISL_3365071|2021-07-22; hCoV-19/Chile/AN-135166/2021|EPI_ISL_3537357|2021-07-30; hCoV-19/Chile/AN-135490/2021|EPI_ISL_3537359|2021-08-03; hCoV-19/Chile/CO-112438/2021|EPI_ISL_2892763|2021-06-15; hCoV-19/Chile/CO-113179/2021|EPI_ISL_2892776|2021-06-16; hCoV-19/Chile/AT-135564/2021|EPI_ISL_3982633|2021-08-02; hCoV-19/Chile/AT-145720/2021|EPI_ISL_4632235|2021-08-26; hCoV-19/Chile/RM-74349/2021|EPI_ISL_1633369|2021-04-06; hCoV-19/Chile/RM-97816/2021|EPI_ISL_2543518|2021-05-23; hCoV-19/Chile/LL-84821/2021|EPI_ISL_2009571|2021-04-25; hCoV-19/Chile/VS-86254/2021|EPI_ISL_2391043|2021-04-28; hCoV-19/Chile/LL-98845/2021|EPI_ISL_2543556|2021-05-23; hCoV-19/Chile/LL-113649/2021|EPI_ISL_2892804|2021-06-15; hCoV-19/Chile/RM-106707/2021|EPI_ISL_2756075|2021-06-07; hCoV-19/Chile/BI-81427/2021|EPI_ISL_2009640|2021-04-18; hCoV-19/Chile/LL-84819/2021|EPI_ISL_2009570|2021-04-25; hCoV-19/Chile/BI-88966/2021|EPI_ISL_2391202|2021-05-03; hCoV-19/Chile/LL-79366/2021|EPI_ISL_2009273|2021-04-13; hCoV-19/Chile/LL-84825/2021|EPI_ISL_2009572|2021-04-24; hCoV-19/Chile/AR-93824/2021|EPI_ISL_2508588|2021-05-11; hCoV-19/Chile/LR-101019/2021|EPI_ISL_2557272|2021-05-24; hCoV-19/Chile/LR-124471/2021|EPI_ISL_3185651|2021-07-06; hCoV-19/Chile/BI-125711/2021|EPI_ISL_12144380|2021-07-12; hCoV-19/Chile/BI-127620/2021|EPI_ISL_3262665|2021-07-17; hCoV-19/Chile/BI-130669/2021|EPI_ISL_3368428|2021-07-25; hCoV-19/Chile/BI-135379/2021|EPI_ISL_3537356|2021-08-03; hCoV-19/Chile/BI-133775/2021|EPI_ISL_3537163|2021-07-31; hCoV-19/Chile/LR-132135/2021|EPI_ISL_3535998|2021-07-27; hCoV-19/Chile/MA-88143/2021|EPI_ISL_2391192|2021-04-28; hCoV-19/Chile/RM-77599/2021|EPI_ISL_2597233|2021-04-13; hCoV-19/Chile/LL-113643/2021|EPI_ISL_2892801|2021-06-15; hCoV-19/Chile/RM-86580/2021|EPI_ISL_2391101|2021-04-29; hCoV-19/Chile/AI-129390/2021|EPI_ISL_3368466|2021-07-19; hCoV-19/Chile/CO-90024/2021|EPI_ISL_12144403|2021-05-05; hCoV-19/Chile/TA-119722/2021|EPI_ISL_3144939|2021-06-29; hCoV-19/Chile/NB-98852/2021|EPI_ISL_2543572|2021-05-17; hCoV-19/Chile/NB-93585/2021|EPI_ISL_2508564|2021-05-11; hCoV-19/Chile/NB-93579/2021|EPI_ISL_2508558|2021-05-12; hCoV-19/Chile/AN-85127/2021|EPI_ISL_2009562|2021-04-24; hCoV-19/Chile/AN-82010/2021|EPI_ISL_2597258|2021-04-20; hCoV-19/Chile/AN-82009/2021|EPI_ISL_2597257|2021-04-20; hCoV-19/Chile/VS-81831/2021|EPI_ISL_2009626|2021-04-19; hCoV-19/Chile/VS-81832/2021|EPI_ISL_2009627|2021-04-19; hCoV-19/Chile/BI-118041/2021|EPI_ISL_11976078|2021-06-27; hCoV-19/Chile/BI-124509/2021|EPI_ISL_12017329|2021-07-09; hCoV-19/Chile/BI-125749/2021|EPI_ISL_3358553|2021-07-12; hCoV-19/Chile/BI-125759/2021|EPI_ISL_3185768|2021-07-12; hCoV-19/Chile/BI-124504/2021|EPI_ISL_3369411|2021-07-09; hCoV-19/Chile/BI-121120/2021|EPI_ISL_3149130|2021-07-04; hCoV-19/Chile/BI-125753/2021|EPI_ISL_3358557|2021-07-11; hCoV-19/Chile/BI-125757/2021|EPI_ISL_3358561|2021-07-12; hCoV-19/Chile/BI-125750/2021|EPI_ISL_3358554|2021-07-11; hCoV-19/Chile/BI-125751/2021|EPI_ISL_3358555|2021-07-11; hCoV-19/Chile/BI-125748/2021|EPI_ISL_3358552|2021-07-11; hCoV-19/Chile/LI-88380/2021|EPI_ISL_2391161|2021-05-02; hCoV-19/Chile/LI-100614/2021|EPI_ISL_2543659|2021-05-25; hCoV-19/Chile/RM-75619/2021|EPI_ISL_2009211|2021-04-09; hCoV-19/Chile/RM-77201/2021|EPI_ISL_2009219|2021-04-13; hCoV-19/Chile/RM-78918/2021|EPI_ISL_2597238|2021-04-15; hCoV-19/Chile/AN-122657/2021|EPI_ISL_3185581|2021-07-01; hCoV-19/Chile/AP-100362/2021|EPI_ISL_2543637|2021-05-24; hCoV-19/Chile/RM-41885/2021|EPI_ISL_1321482|2021-03-01; hCoV-19/Chile/RM-40396/2021|EPI_ISL_1321479|2021-02-26; hCoV-19/Chile/LI-120643/2021|EPI_ISL_3132648|2021-07-02; hCoV-19/Chile/LI-120644/2021|EPI_ISL_3132649|2021-07-03; hCoV-19/Chile/LI-111009/2021|EPI_ISL_2756131|2021-06-13; hCoV-19/Chile/LI-117733/2021|EPI_ISL_2894950|2021-06-28; hCoV-19/Chile/AR-129368/2021|EPI_ISL_3546368|2021-07-19; hCoV-19/Chile/AR-149631/2021|EPI_ISL_4632079|2021-09-06; hCoV-19/Chile/RM-85146/2021|EPI_ISL_2009583|2021-04-26; hCoV-19/Chile/LI-112529/2021|EPI_ISL_2892847|2021-06-14; hCoV-19/Chile/LI-108563/2021|EPI_ISL_2756231|2021-06-07; hCoV-19/Chile/LI-108575/2021|EPI_ISL_2756239|2021-06-07; hCoV-19/Chile/AN-88357/2021|EPI_ISL_2391150|2021-04-27; hCoV-19/Chile/TA-132237/2021|EPI_ISL_3536002|2021-07-27; hCoV-19/Chile/TA-136609/2021|EPI_ISL_3987688|2021-08-05; hCoV-19/Chile/TA-136617/2021|EPI_ISL_3987695|2021-08-05; hCoV-19/Chile/AN-125986/2021|EPI_ISL_3368898|2021-07-08; hCoV-19/Chile/AN-125785/2021|EPI_ISL_3185786|2021-07-09; hCoV-19/Chile/AN-125789/2021|EPI_ISL_3185790|2021-07-12; hCoV-19/Chile/AN-125781/2021|EPI_ISL_3185782|2021-07-12; hCoV-19/Chile/AN-126164/2021|EPI_ISL_3369434|2021-07-12; hCoV-19/Chile/AN-125790/2021|EPI_ISL_3185791|2021-07-13; hCoV-19/Chile/TA-131561/2021|EPI_ISL_3363686|2021-07-27; hCoV-19/Chile/TA-131567/2021|EPI_ISL_3546364|2021-07-27; hCoV-19/Chile/TA-132245/2021|EPI_ISL_3536032|2021-07-28; hCoV-19/Chile/TA-131570/2021|EPI_ISL_3546365|2021-07-27; hCoV-19/Chile/RM-56655/2021|EPI_ISL_1470441|2021-03-17; hCoV-19/Chile/RM-72620/2021|EPI_ISL_2009198|2021-04-06; hCoV-19/Chile/AT-89636/2021|EPI_ISL_2391222|2021-05-02; hCoV-19/Chile/AT-103187/2021|EPI_ISL_2663440|2021-05-30; hCoV-19/Chile/AT-89639/2021|EPI_ISL_2391225|2021-05-02; hCoV-19/Chile/AT-89635/2021|EPI_ISL_2391221|2021-05-02; hCoV-19/Chile/AT-89626/2021|EPI_ISL_2391212|2021-05-02; hCoV-19/Chile/AT-89632/2021|EPI_ISL_2391218|2021-05-02; hCoV-19/Chile/AT-92690/2021|EPI_ISL_12144369|2021-05-09; hCoV-19/Chile/AT-92691/2021|EPI_ISL_2391354|2021-05-09; hCoV-19/Chile/AT-109166/2021|EPI_ISL_12144363|2021-06-06; hCoV-19/Chile/AT-109150/2021|EPI_ISL_12144360|2021-06-06; hCoV-19/Chile/AT-109160/2021|EPI_ISL_12144362|2021-06-06; hCoV-19/Chile/AT-109158/2021|EPI_ISL_12144361|2021-06-07; hCoV-19/Chile/VS-109144/2021|EPI_ISL_12144574|2021-06-08; hCoV-19/Chile/AT-85611/2021|EPI_ISL_12144368|2021-04-26; hCoV-19/Chile/AT-92689/2021|EPI_ISL_2391353|2021-05-09; hCoV-19/Chile/AT-89634/2021|EPI_ISL_2391220|2021-05-02; hCoV-19/Chile/AT-116116/2021|EPI_ISL_2892697|2021-06-21; hCoV-19/Chile/VS-109139/2021|EPI_ISL_2756254|2021-06-08; hCoV-19/Chile/AT-109153/2021|EPI_ISL_2756266|2021-06-06; hCoV-19/Chile/AT-109147/2021|EPI_ISL_2756261|2021-06-06; hCoV-19/Chile/AT-109161/2021|EPI_ISL_2756271|2021-06-06; hCoV-19/Chile/AT-127761/2021|EPI_ISL_3368814|2021-07-17; hCoV-19/Chile/AT-127762/2021|EPI_ISL_3368815|2021-07-17; hCoV-19/Chile/RM-72485/2021|EPI_ISL_1541037|2021-04-03; hCoV-19/Chile/RM-53070/2021|EPI_ISL_1541005|2021-03-15; hCoV-19/Chile/AN-116093/2021|EPI_ISL_2892604|2021-06-10; hCoV-19/Chile/CO-98985/2021|EPI_ISL_2543579|2021-05-24; hCoV-19/Chile/CO-92919/2021|EPI_ISL_2391357|2021-05-11; hCoV-19/Chile/AT-89637/2021|EPI_ISL_2391223|2021-05-02; hCoV-19/Chile/ML-128894/2021|EPI_ISL_3341861|2021-07-22; hCoV-19/Chile/LI-103854/2021|EPI_ISL_2663610|2021-05-31; hCoV-19/Chile/LI-103853/2021|EPI_ISL_2663609|2021-05-31; hCoV-19/Chile/LI-108568/2021|EPI_ISL_2756235|2021-06-07; hCoV-19/Chile/LI-118562/2021|EPI_ISL_2896188|2021-06-28; hCoV-19/Chile/LI-130392/2021|EPI_ISL_3368406|2021-07-26; hCoV-19/Chile/ML-121999/2021|EPI_ISL_3185558|2021-07-06; hCoV-19/Chile/ML-119212/2021|EPI_ISL_3132225|2021-06-30; hCoV-19/Chile/ML-124600/2021|EPI_ISL_3369419|2021-07-11; hCoV-19/Chile/ML-133513/2021|EPI_ISL_4005059|2021-08-02; hCoV-19/Chile/RM-140828/2021|EPI_ISL_4635752|2021-08-19; hCoV-19/Chile/AT-112279/2021|EPI_ISL_2892684|2021-06-13; hCoV-19/Chile/AT-112256/2021|EPI_ISL_2892704|2021-06-13; hCoV-19/Chile/RM-132585/2021|EPI_ISL_3536108|2021-08-01; hCoV-19/Chile/RM-139841/2021|EPI_ISL_4635742|2021-08-17; hCoV-19/Chile/RM-127601/2021|EPI_ISL_3369327|2021-07-20; hCoV-19/Chile/RM-119952/2021|EPI_ISL_3185521|2021-07-02; hCoV-19/Chile/RM-117669/2021|EPI_ISL_3132219|2021-06-28; hCoV-19/Chile/RM-124545/2021|EPI_ISL_3369417|2021-07-12; hCoV-19/Chile/RM-127824/2021|EPI_ISL_3368818|2021-07-19; hCoV-19/Chile/RM-130744/2021|EPI_ISL_3368448|2021-07-27; hCoV-19/Chile/RM-128426/2021|EPI_ISL_3262703|2021-07-21; hCoV-19/Chile/RM-121653/2021|EPI_ISL_3132697|2021-07-05; hCoV-19/Chile/LI-124743/2021|EPI_ISL_3369430|2021-07-12; hCoV-19/Chile/LR-124466/2021|EPI_ISL_3185650|2021-07-06; hCoV-19/Chile/RM-100563/2021|EPI_ISL_2663567|2021-05-27; hCoV-19/Chile/RM-117190/2021|EPI_ISL_12144473|2021-06-27; hCoV-19/Chile/LI-139355/2021|EPI_ISL_4628781|2021-08-15; hCoV-19/Chile/LI-136751/2021|EPI_ISL_3987633|2021-08-09; hCoV-19/Chile/LI-136752/2021|EPI_ISL_3987634|2021-08-09; hCoV-19/Chile/RM-114436/2021|EPI_ISL_2892953|2021-06-21; hCoV-19/Chile/RM-117037/2021|EPI_ISL_3132215|2021-06-26; hCoV-19/Chile/AT-99613/2021|EPI_ISL_2543605|2021-05-23; hCoV-19/Chile/RM-109184/2021|EPI_ISL_2892935|2021-06-10; hCoV-19/Chile/RM-107089/2021|EPI_ISL_2756308|2021-06-06; hCoV-19/Chile/RM-96856/2021|EPI_ISL_2509299|2021-05-19; hCoV-19/Chile/BI-127628/2021|EPI_ISL_3262670|2021-07-18; hCoV-19/Chile/CO-105568/2021|EPI_ISL_2659177|2021-06-03; hCoV-19/Chile/AN-116088/2021|EPI_ISL_2892600|2021-06-21; hCoV-19/Chile/AN-119319/2021|EPI_ISL_3132636|2021-06-22; hCoV-19/Chile/AR-125912/2021|EPI_ISL_3369363|2021-07-12; hCoV-19/Chile/AR-129365/2021|EPI_ISL_3365064|2021-07-20; hCoV-19/Chile/TA-131564/2021|EPI_ISL_3546392|2021-07-26; hCoV-19/Chile/AN-125786/2021|EPI_ISL_3185787|2021-07-10; hCoV-19/Chile/AN-129183/2021|EPI_ISL_3365049|2021-07-20; hCoV-19/Chile/AN-129184/2021|EPI_ISL_3365052|2021-07-20; hCoV-19/Chile/RM-126669/2021|EPI_ISL_3369361|2021-07-18; hCoV-19/Chile/RM-114350/2021|EPI_ISL_2892927|2021-06-20; hCoV-19/Chile/RM-130902/2021|EPI_ISL_3536124|2021-07-27; hCoV-19/Chile/RM-137960/2021|EPI_ISL_3988247|2021-08-11; hCoV-19/Chile/RM-136636/2021|EPI_ISL_3988237|2021-08-09; hCoV-19/Chile/RM-136638/2021|EPI_ISL_3988238|2021-08-09; hCoV-19/Chile/RM-129477/2021|EPI_ISL_3369287|2021-07-25; hCoV-19/Chile/RM-132776/2021|EPI_ISL_3536125|2021-08-01; hCoV-19/Chile/RM-111233/2021|EPI_ISL_2892880|2021-06-14; hCoV-19/Chile/RM-102543/2021|EPI_ISL_2663585|2021-05-31; hCoV-19/Chile/ML-98771/2021|EPI_ISL_2543538|2021-05-23; hCoV-19/Chile/RM-82138/2021|EPI_ISL_2597264|2021-04-20; hCoV-19/Chile/RM-93071/2021|EPI_ISL_12144545|2021-05-12; hCoV-19/Chile/RM-121243/2021|EPI_ISL_3358563|2021-07-06; hCoV-19/Chile/ML-62232/2021|EPI_ISL_1470460|2021-03-24; hCoV-19/Chile/RM-66110/2021|EPI_ISL_1534586|2021-03-29; hCoV-19/Chile/RM-70549/2021|EPI_ISL_1633513|2021-04-02; hCoV-19/Chile/BI-96173/2021|EPI_ISL_2543434|2021-05-15; hCoV-19/Chile/BI-121230/2021|EPI_ISL_3132665|2021-07-03; hCoV-19/Chile/RM-84586/2021|EPI_ISL_2391085|2021-04-26; hCoV-19/Chile/RM-72487/2021|EPI_ISL_1541039|2021-04-03; hCoV-19/Chile/RM-85953/2021|EPI_ISL_2391095|2021-04-28; hCoV-19/Chile/RM-114303/2021|EPI_ISL_2892917|2021-06-20; hCoV-19/Chile/RM-102805/2021|EPI_ISL_2663421|2021-05-28; hCoV-19/Chile/VS-129218/2021|EPI_ISL_11976014|2021-07-21; hCoV-19/Chile/VS-132238/2021|EPI_ISL_3536029|2021-07-27; hCoV-19/Chile/RM-73434/2021|EPI_ISL_2009202|2021-04-06; hCoV-19/Chile/RM-64918/2021|EPI_ISL_1534573|2021-03-27; hCoV-19/Chile/RM-87323/2021|EPI_ISL_2391389|2021-05-01; hCoV-19/Chile/RM-68824/2021|EPI_ISL_1633501|2021-03-31; hCoV-19/Chile/RM-70755/2021|EPI_ISL_1633515|2021-04-03; hCoV-19/Chile/AN-130179/2021|EPI_ISL_3369328|2021-07-23; hCoV-19/Chile/AP-127861/2021|EPI_ISL_3368819|2021-07-15; hCoV-19/Chile/AP-126728/2021|EPI_ISL_3368901|2021-07-13; hCoV-19/Chile/AP-139994/2021|EPI_ISL_4005199|2021-08-13; hCoV-19/Chile/AP-139995/2021|EPI_ISL_4005200|2021-08-13; hCoV-19/Chile/LI-111014/2021|EPI_ISL_2756136|2021-06-12; hCoV-19/Chile/ML-66352/2021|EPI_ISL_1470536|2021-03-28; hCoV-19/Chile/RM-68797/2021|EPI_ISL_1534599|2021-03-30; hCoV-19/Chile/RM-119927/2021|EPI_ISL_3144933|2021-07-01; hCoV-19/Chile/NB-122392/2021|EPI_ISL_3185565|2021-07-06; hCoV-19/Chile/RM-98754/2021|EPI_ISL_2543530|2021-05-23; hCoV-19/Chile/RM-88698/2021|EPI_ISL_2391174|2021-05-04; hCoV-19/Chile/LR-86408/2021|EPI_ISL_2391053|2021-04-26; hCoV-19/Chile/LR-113036/2021|EPI_ISL_12144441|2021-06-12; hCoV-19/Chile/BI-124505/2021|EPI_ISL_3369415|2021-07-10; hCoV-19/Chile/BI-124508/2021|EPI_ISL_3369416|2021-07-09; hCoV-19/Chile/AR-127751/2021|EPI_ISL_11976026|2021-07-20; hCoV-19/Chile/AR-127752/2021|EPI_ISL_11976027|2021-07-20; hCoV-19/Chile/AR-131416/2021|EPI_ISL_12012958|2021-07-26; hCoV-19/Chile/AR-125914/2021|EPI_ISL_3369364|2021-07-12; hCoV-19/Chile/AR-129366/2021|EPI_ISL_3365060|2021-07-20; hCoV-19/Chile/AR-129367/2021|EPI_ISL_11976163|2021-07-20; hCoV-19/Chile/LL-75152/2021|EPI_ISL_1633398|2021-04-06; hCoV-19/Chile/RM-97595/2021|EPI_ISL_2543514|2021-05-21
0	107	12	0.5450569999999999	0.7164489999999999	non-Chile	0.5150679999999999	0.3205469999999999	hCoV-19/Chile/AP-76579/2021|EPI_ISL_1712314|2021-04-09; hCoV-19/Chile/AP-115488/2021|EPI_ISL_2892658|2021-06-17; hCoV-19/Chile/AP-109856/2021|EPI_ISL_2892662|2021-06-07; hCoV-19/Chile/AP-74591/2021|EPI_ISL_1633381|2021-04-07; hCoV-19/Chile/AP-91193/2021|EPI_ISL_2391294|2021-05-04; hCoV-19/Chile/AP-81412/2021|EPI_ISL_2009630|2021-04-19; hCoV-19/Chile/AP-81411/2021|EPI_ISL_2009629|2021-04-19; hCoV-19/Chile/AP-98109/2021|EPI_ISL_2543459|2021-05-18; hCoV-19/Chile/AP-93279/2021|EPI_ISL_2509143|2021-05-10; hCoV-19/Chile/AP-98113/2021|EPI_ISL_2543463|2021-05-18; hCoV-19/Chile/AP-98789/2021|EPI_ISL_2543550|2021-05-19; hCoV-19/Chile/AP-98110/2021|EPI_ISL_2543460|2021-05-18
